#
# A fatal error has been detected by the Java Runtime Environment:
#
#  SIGSEGV (0xb) at pc=0x00007ffef4000390, pid=265149, tid=265194
#
# JRE version: OpenJDK Runtime Environment (21.0.12.1+1) (build 21.0.12.1+1-nixos)
# Java VM: OpenJDK 64-Bit Server VM (21.0.12.1+1-nixos, mixed mode, sharing, tiered, compressed oops, compressed class ptrs, g1 gc, linux-amd64)
# Problematic frame:
# C  0x00007ffef4000390
#
# Core dump will be written. Default location: Determined by the following: "/nix/store/jj1qj9w7ijn9fkvwj92n0qwm9wb7571x-systemd/lib/systemd/systemd-coredump %P %u %g %s %t %c %h %d %F" (alternatively, falling back to /home/austin/src/subtracks/app/core.265149)
#
# If you would like to submit a bug report, please visit:
#   https://bugreport.java.com/bugreport/crash.jsp
# The crash happened outside the Java Virtual Machine in native code.
# See problematic frame for where to report the bug.
#

---------------  S U M M A R Y ------------

Command Line: -Djava.awt.headless=true -Djava.library.path=/usr/java/packages/lib:/usr/lib64:/lib64:/lib:/usr/lib:/home/austin/src/subtracks/app/src/testDebug/jniLibs:/home/austin/src/subtracks/app/src/test/jniLibs -Dorg.gradle.internal.worker.tmpdir=/home/austin/src/subtracks/app/build/tmp/testDebugUnitTest/work -Droborazzi.compare.output.dir=/home/austin/src/subtracks/app/build/outputs/roborazzi -Droborazzi.output.dir=src/test/screenshots -Droborazzi.project.path=/home/austin/src/subtracks/app -Droborazzi.result.dir=build/test-results/roborazzi/debug/results -Droborazzi.test.compare=false -Droborazzi.test.record=true -Droborazzi.test.verify=false --add-opens=java.base/java.io=ALL-UNNAMED -Xmx512m -Dfile.encoding=UTF-8 -Duser.country=US -Duser.language=en -Duser.variant -ea worker.org.gradle.process.internal.worker.GradleWorkerMain 'Gradle Test Executor 185'

Host: AMD Ryzen 7 5700X 8-Core Processor, 16 cores, 16G, NixOS 26.05 (Yarara)
Time: Fri Sep 25 03:43:17 2026 UTC elapsed time: 9.047710 seconds (0d 0h 0m 9s)

---------------  T H R E A D  ---------------

Current thread (0x00007fff1001cad0):  JavaThread "DefaultDispatcher-worker-6 @coroutine#1321" daemon [_thread_in_native, id=265194, stack(0x00007fffc443d000,0x00007fffc453d000) (1024K)]

Stack: [0x00007fffc443d000,0x00007fffc453d000],  sp=0x00007fffc4539f58,  free space=1011k
Native frames: (J=compiled Java code, j=interpreted, Vv=VM code, C=native code)
C  0x00007ffef4000390
C  [libsqlite3.so+0x4ff95]  sqlite3VdbeTransferError+0xf5
C  [libsqlite3.so+0xc1a00]  sqlite3VdbeReset+0x30
C  [libsqlite3.so+0xc5b80]  sqlite3_reset+0x30
C  [androidx_sqliteJni8061046379484516186.tmp+0x48f45]  nativeReset(JNIEnv_*, _jclass*, long)+0x25
J 6024  androidx.sqlite.driver.bundled.BundledSQLiteStatementKt.nativeReset(J)V (0 bytes) @ 0x00007fffdc64bfea [0x00007fffdc64bf20+0x00000000000000ca]
J 9355 c2 androidx.room3.coroutines.BasePreparedStatementCache$CachedStatement.close()V (19 bytes) @ 0x00007fffdc3b1728 [0x00007fffdc3b16c0+0x0000000000000068]
J 8311 c1 androidx.room3.EntityInsertAdapter.insert(Landroidx/sqlite/SQLiteConnection;Ljava/lang/Object;Lkotlin/coroutines/Continuation;)Ljava/lang/Object; (88 bytes) @ 0x00007fffd56ef054 [0x00007fffd56ee6a0+0x00000000000009b4]
J 9065 c1 androidx.room3.EntityUpsertAdapter.upsert(Landroidx/sqlite/SQLiteConnection;Ljava/lang/Object;Lkotlin/coroutines/Continuation;)Ljava/lang/Object; (231 bytes) @ 0x00007fffd59af39c [0x00007fffd59ae700+0x0000000000000c9c]
j  com.subtracks.data.db.QueueDao_Impl$setCursor$2.invokeSuspend(Ljava/lang/Object;)Ljava/lang/Object;+73
J 9402 c1 com.subtracks.data.db.QueueDao_Impl$setCursor$2.invoke(Ljava/lang/Object;Ljava/lang/Object;)Ljava/lang/Object; (13 bytes) @ 0x00007fffd4a85adc [0x00007fffd4a85700+0x00000000000003dc]
J 8373 c1 androidx.room3.util.DBUtil__DBUtilKt$performSuspending$2$1$1.invokeSuspend(Ljava/lang/Object;)Ljava/lang/Object; (83 bytes) @ 0x00007fffd571d6ac [0x00007fffd571d140+0x000000000000056c]
J 8370 c1 androidx.room3.util.DBUtil__DBUtilKt$performSuspending$2$1$1.invoke(Ljava/lang/Object;Ljava/lang/Object;)Ljava/lang/Object; (13 bytes) @ 0x00007fffd571bc5c [0x00007fffd571b880+0x00000000000003dc]
J 8086 c1 androidx.room3.coroutines.PooledConnectionImpl.useRawConnection(Lkotlin/jvm/functions/Function2;Lkotlin/coroutines/Continuation;)Ljava/lang/Object; (290 bytes) @ 0x00007fffd565c3cc [0x00007fffd565b260+0x000000000000116c]
J 8702 c1 androidx.room3.coroutines.PooledConnectionImpl$TransactionImpl.useRawConnection(Lkotlin/jvm/functions/Function2;Lkotlin/coroutines/Continuation;)Ljava/lang/Object; (10 bytes) @ 0x00007fffd58267c4 [0x00007fffd5826740+0x0000000000000084]
J 8701 c1 androidx.room3.util.DBUtil__DBUtilKt$performSuspending$2$invokeSuspend$$inlined$internalPerform$1$1.invokeSuspend(Ljava/lang/Object;)Ljava/lang/Object; (123 bytes) @ 0x00007fffd58257ec [0x00007fffd5824c00+0x0000000000000bec]
J 8335 c1 androidx.room3.util.DBUtil__DBUtilKt$performSuspending$2$invokeSuspend$$inlined$internalPerform$1$1.invoke(Ljava/lang/Object;Ljava/lang/Object;)Ljava/lang/Object; (13 bytes) @ 0x00007fffd56fa2dc [0x00007fffd56f9f00+0x00000000000003dc]
J 8000 c1 androidx.room3.coroutines.PooledConnectionImpl.transaction(Landroidx/room3/Transactor$SQLiteTransactionType;Lkotlin/jvm/functions/Function2;Lkotlin/coroutines/Continuation;)Ljava/lang/Object; (541 bytes) @ 0x00007fffd55fd8e4 [0x00007fffd55fbea0+0x0000000000001a44]
J 7381 c1 androidx.room3.coroutines.PooledConnectionImpl.withTransaction(Landroidx/room3/Transactor$SQLiteTransactionType;Lkotlin/jvm/functions/Function2;Lkotlin/coroutines/Continuation;)Ljava/lang/Object; (101 bytes) @ 0x00007fffd5528cbc [0x00007fffd55288e0+0x00000000000003dc]
J 8375 c1 androidx.room3.util.DBUtil__DBUtilKt$performSuspending$2$invokeSuspend$$inlined$internalPerform$1.invokeSuspend(Ljava/lang/Object;)Ljava/lang/Object; (429 bytes) @ 0x00007fffd57219ec [0x00007fffd571fbc0+0x0000000000001e2c]
J 7478 c1 androidx.room3.util.DBUtil__DBUtilKt$performSuspending$2$invokeSuspend$$inlined$internalPerform$1.invoke(Ljava/lang/Object;Ljava/lang/Object;)Ljava/lang/Object; (13 bytes) @ 0x00007fffd557655c [0x00007fffd5576180+0x00000000000003dc]
J 8423 c1 androidx.room3.coroutines.ConnectionPoolImpl$useConnection$4.invokeSuspend(Ljava/lang/Object;)Ljava/lang/Object; (81 bytes) @ 0x00007fffd5741d0c [0x00007fffd57418a0+0x000000000000046c]
J 8122 c1 androidx.room3.coroutines.ConnectionPoolImpl$useConnection$4.invoke(Ljava/lang/Object;Ljava/lang/Object;)Ljava/lang/Object; (13 bytes) @ 0x00007fffd56782dc [0x00007fffd5677f00+0x00000000000003dc]
J 8920 c2 kotlinx.coroutines.BuildersKt__Builders_commonKt.withContext(Lkotlin/coroutines/CoroutineContext;Lkotlin/jvm/functions/Function2;Lkotlin/coroutines/Continuation;)Ljava/lang/Object; (203 bytes) @ 0x00007fffdc823198 [0x00007fffdc822cc0+0x00000000000004d8]
J 6767 c1 androidx.room3.coroutines.ConnectionPoolImpl.useConnection(ZLkotlin/jvm/functions/Function2;Lkotlin/coroutines/Continuation;)Ljava/lang/Object; (1014 bytes) @ 0x00007fffd52ef8fc [0x00007fffd52ea860+0x000000000000509c]
J 6768 c1 androidx.room3.RoomConnectionManager.useConnection(ZLkotlin/jvm/functions/Function2;Lkotlin/coroutines/Continuation;)Ljava/lang/Object; (203 bytes) @ 0x00007fffd52f7e2c [0x00007fffd52f7360+0x0000000000000acc]
J 7095 c1 androidx.room3.util.DBUtil__DBUtilKt$performSuspending$2.invokeSuspend(Ljava/lang/Object;)Ljava/lang/Object; (145 bytes) @ 0x00007fffd5429dd4 [0x00007fffd5429020+0x0000000000000db4]
J 9292 c2 kotlin.coroutines.jvm.internal.BaseContinuationImpl.resumeWith(Ljava/lang/Object;)V (124 bytes) @ 0x00007fffdc2ec350 [0x00007fffdc2ec2c0+0x0000000000000090]
J 9145 c2 kotlinx.coroutines.DispatchedTask.run()V (400 bytes) @ 0x00007fffdc84d338 [0x00007fffdc84cf80+0x00000000000003b8]
J 7615 c1 kotlinx.coroutines.internal.LimitedDispatcher$Worker.run()V (157 bytes) @ 0x00007fffd55d7704 [0x00007fffd55d75e0+0x0000000000000124]
J 7614 c1 kotlinx.coroutines.scheduling.TaskImpl.run()V (10 bytes) @ 0x00007fffd55d71cc [0x00007fffd55d70c0+0x000000000000010c]
J 7608 c1 kotlinx.coroutines.scheduling.CoroutineScheduler.runSafely(Lkotlinx/coroutines/scheduling/Task;)V (73 bytes) @ 0x00007fffd55d2d54 [0x00007fffd55d2c40+0x0000000000000114]
J 7607 c1 kotlinx.coroutines.scheduling.CoroutineScheduler$Worker.executeTask(Lkotlinx/coroutines/scheduling/Task;)V (168 bytes) @ 0x00007fffd55d1f74 [0x00007fffd55d1d00+0x0000000000000274]
j  kotlinx.coroutines.scheduling.CoroutineScheduler$Worker.runWorker()V+44
j  kotlinx.coroutines.scheduling.CoroutineScheduler$Worker.run()V+1
v  ~StubRoutines::call_stub 0x00007fffdbd37cc6
V  [libjvm.so+0x9848da]  JavaCalls::call_helper(JavaValue*, methodHandle const&, JavaCallArguments*, JavaThread*)+0x2ea
V  [libjvm.so+0x986450]  JavaCalls::call_virtual(JavaValue*, Handle, Klass*, Symbol*, Symbol*, JavaThread*)+0x1c0
V  [libjvm.so+0xa60f8b]  thread_entry(JavaThread*, JavaThread*)+0x8b
V  [libjvm.so+0x99bfd5]  JavaThread::thread_main_inner() [clone .part.0]+0xb5
V  [libjvm.so+0x103dedc]  Thread::call_run()+0xac
V  [libjvm.so+0xda9495]  thread_native_entry(Thread*)+0xd5
C  [libc.so.6+0x9ce73]  start_thread+0x2e3
Java frames: (J=compiled Java code, j=interpreted, Vv=VM code)
J 6024  androidx.sqlite.driver.bundled.BundledSQLiteStatementKt.nativeReset(J)V (0 bytes) @ 0x00007fffdc64bf79 [0x00007fffdc64bf20+0x0000000000000059]
J 9355 c2 androidx.room3.coroutines.BasePreparedStatementCache$CachedStatement.close()V (19 bytes) @ 0x00007fffdc3b1728 [0x00007fffdc3b16c0+0x0000000000000068]
J 8311 c1 androidx.room3.EntityInsertAdapter.insert(Landroidx/sqlite/SQLiteConnection;Ljava/lang/Object;Lkotlin/coroutines/Continuation;)Ljava/lang/Object; (88 bytes) @ 0x00007fffd56ef054 [0x00007fffd56ee6a0+0x00000000000009b4]
J 9065 c1 androidx.room3.EntityUpsertAdapter.upsert(Landroidx/sqlite/SQLiteConnection;Ljava/lang/Object;Lkotlin/coroutines/Continuation;)Ljava/lang/Object; (231 bytes) @ 0x00007fffd59af39c [0x00007fffd59ae700+0x0000000000000c9c]
j  com.subtracks.data.db.QueueDao_Impl$setCursor$2.invokeSuspend(Ljava/lang/Object;)Ljava/lang/Object;+73
J 9402 c1 com.subtracks.data.db.QueueDao_Impl$setCursor$2.invoke(Ljava/lang/Object;Ljava/lang/Object;)Ljava/lang/Object; (13 bytes) @ 0x00007fffd4a85adc [0x00007fffd4a85700+0x00000000000003dc]
J 8373 c1 androidx.room3.util.DBUtil__DBUtilKt$performSuspending$2$1$1.invokeSuspend(Ljava/lang/Object;)Ljava/lang/Object; (83 bytes) @ 0x00007fffd571d6ac [0x00007fffd571d140+0x000000000000056c]
J 8370 c1 androidx.room3.util.DBUtil__DBUtilKt$performSuspending$2$1$1.invoke(Ljava/lang/Object;Ljava/lang/Object;)Ljava/lang/Object; (13 bytes) @ 0x00007fffd571bc5c [0x00007fffd571b880+0x00000000000003dc]
J 8086 c1 androidx.room3.coroutines.PooledConnectionImpl.useRawConnection(Lkotlin/jvm/functions/Function2;Lkotlin/coroutines/Continuation;)Ljava/lang/Object; (290 bytes) @ 0x00007fffd565c3cc [0x00007fffd565b260+0x000000000000116c]
J 8702 c1 androidx.room3.coroutines.PooledConnectionImpl$TransactionImpl.useRawConnection(Lkotlin/jvm/functions/Function2;Lkotlin/coroutines/Continuation;)Ljava/lang/Object; (10 bytes) @ 0x00007fffd58267c4 [0x00007fffd5826740+0x0000000000000084]
J 8701 c1 androidx.room3.util.DBUtil__DBUtilKt$performSuspending$2$invokeSuspend$$inlined$internalPerform$1$1.invokeSuspend(Ljava/lang/Object;)Ljava/lang/Object; (123 bytes) @ 0x00007fffd58257ec [0x00007fffd5824c00+0x0000000000000bec]
J 8335 c1 androidx.room3.util.DBUtil__DBUtilKt$performSuspending$2$invokeSuspend$$inlined$internalPerform$1$1.invoke(Ljava/lang/Object;Ljava/lang/Object;)Ljava/lang/Object; (13 bytes) @ 0x00007fffd56fa2dc [0x00007fffd56f9f00+0x00000000000003dc]
J 8000 c1 androidx.room3.coroutines.PooledConnectionImpl.transaction(Landroidx/room3/Transactor$SQLiteTransactionType;Lkotlin/jvm/functions/Function2;Lkotlin/coroutines/Continuation;)Ljava/lang/Object; (541 bytes) @ 0x00007fffd55fd8e4 [0x00007fffd55fbea0+0x0000000000001a44]
J 7381 c1 androidx.room3.coroutines.PooledConnectionImpl.withTransaction(Landroidx/room3/Transactor$SQLiteTransactionType;Lkotlin/jvm/functions/Function2;Lkotlin/coroutines/Continuation;)Ljava/lang/Object; (101 bytes) @ 0x00007fffd5528cbc [0x00007fffd55288e0+0x00000000000003dc]
J 8375 c1 androidx.room3.util.DBUtil__DBUtilKt$performSuspending$2$invokeSuspend$$inlined$internalPerform$1.invokeSuspend(Ljava/lang/Object;)Ljava/lang/Object; (429 bytes) @ 0x00007fffd57219ec [0x00007fffd571fbc0+0x0000000000001e2c]
J 7478 c1 androidx.room3.util.DBUtil__DBUtilKt$performSuspending$2$invokeSuspend$$inlined$internalPerform$1.invoke(Ljava/lang/Object;Ljava/lang/Object;)Ljava/lang/Object; (13 bytes) @ 0x00007fffd557655c [0x00007fffd5576180+0x00000000000003dc]
J 8423 c1 androidx.room3.coroutines.ConnectionPoolImpl$useConnection$4.invokeSuspend(Ljava/lang/Object;)Ljava/lang/Object; (81 bytes) @ 0x00007fffd5741d0c [0x00007fffd57418a0+0x000000000000046c]
J 8122 c1 androidx.room3.coroutines.ConnectionPoolImpl$useConnection$4.invoke(Ljava/lang/Object;Ljava/lang/Object;)Ljava/lang/Object; (13 bytes) @ 0x00007fffd56782dc [0x00007fffd5677f00+0x00000000000003dc]
J 8920 c2 kotlinx.coroutines.BuildersKt__Builders_commonKt.withContext(Lkotlin/coroutines/CoroutineContext;Lkotlin/jvm/functions/Function2;Lkotlin/coroutines/Continuation;)Ljava/lang/Object; (203 bytes) @ 0x00007fffdc823198 [0x00007fffdc822cc0+0x00000000000004d8]
J 6767 c1 androidx.room3.coroutines.ConnectionPoolImpl.useConnection(ZLkotlin/jvm/functions/Function2;Lkotlin/coroutines/Continuation;)Ljava/lang/Object; (1014 bytes) @ 0x00007fffd52ef8fc [0x00007fffd52ea860+0x000000000000509c]
J 6768 c1 androidx.room3.RoomConnectionManager.useConnection(ZLkotlin/jvm/functions/Function2;Lkotlin/coroutines/Continuation;)Ljava/lang/Object; (203 bytes) @ 0x00007fffd52f7e2c [0x00007fffd52f7360+0x0000000000000acc]
J 7095 c1 androidx.room3.util.DBUtil__DBUtilKt$performSuspending$2.invokeSuspend(Ljava/lang/Object;)Ljava/lang/Object; (145 bytes) @ 0x00007fffd5429dd4 [0x00007fffd5429020+0x0000000000000db4]
J 9292 c2 kotlin.coroutines.jvm.internal.BaseContinuationImpl.resumeWith(Ljava/lang/Object;)V (124 bytes) @ 0x00007fffdc2ec350 [0x00007fffdc2ec2c0+0x0000000000000090]
J 9145 c2 kotlinx.coroutines.DispatchedTask.run()V (400 bytes) @ 0x00007fffdc84d338 [0x00007fffdc84cf80+0x00000000000003b8]
J 7615 c1 kotlinx.coroutines.internal.LimitedDispatcher$Worker.run()V (157 bytes) @ 0x00007fffd55d7704 [0x00007fffd55d75e0+0x0000000000000124]
J 7614 c1 kotlinx.coroutines.scheduling.TaskImpl.run()V (10 bytes) @ 0x00007fffd55d71cc [0x00007fffd55d70c0+0x000000000000010c]
J 7608 c1 kotlinx.coroutines.scheduling.CoroutineScheduler.runSafely(Lkotlinx/coroutines/scheduling/Task;)V (73 bytes) @ 0x00007fffd55d2d54 [0x00007fffd55d2c40+0x0000000000000114]
J 7607 c1 kotlinx.coroutines.scheduling.CoroutineScheduler$Worker.executeTask(Lkotlinx/coroutines/scheduling/Task;)V (168 bytes) @ 0x00007fffd55d1f74 [0x00007fffd55d1d00+0x0000000000000274]
j  kotlinx.coroutines.scheduling.CoroutineScheduler$Worker.runWorker()V+44
j  kotlinx.coroutines.scheduling.CoroutineScheduler$Worker.run()V+1
v  ~StubRoutines::call_stub 0x00007fffdbd37cc6

siginfo: si_signo: 11 (SIGSEGV), si_code: 2 (SEGV_ACCERR), si_addr: 0x00007ffef4000390

Registers:
RAX=0x0000000000007ffe, RBX=0x00007ffef4000370, RCX=0x0000000000000000, RDX=0x0000000000000000
RSP=0x00007fffc4539f58, RBP=0x00007fffc4539f70, RSI=0x0000000000000000, RDI=0x00007ffef4000360
R8 =0x0000000000000000, R9 =0x0000000000000000, R10=0x0000000000000000, R11=0x0000000000000000
R12=0x00007ffef40001e0, R13=0x0000000000000613, R14=0x00007fffc453a060, R15=0x00007fff1001cad0
RIP=0x00007ffef4000390, EFLAGS=0x0000000000010202, CSGSFS=0x002b000000000033, ERR=0x0000000000000015
  TRAPNO=0x000000000000000e

XMM[0]=0x00007fffd56eee05 0x00007fffc453a0b0
XMM[1]=0x00007fffc4539c30 0x00007fffc453a0a0
XMM[2]=0x0000000000000000 0x00007fffdbe47087
XMM[3]=0x0000000000000000 0x00007fffc453a0b0
XMM[4]=0x0000000000000000 0x00007fffd56eee05
XMM[5]=0x68740a2029303232 0x3564643865303030
XMM[6]=0x7275635f6b636162 0x79616c70203a6465
XMM[7]=0x455551494e55203a 0x6567617373656d20
XMM[8]=0x069b0478aaa49e1c 0xb26e4da90aa274b1
XMM[9]=0x3ffd59ad3ffd59ad 0x3ffd59ad6451fa6f
XMM[10]=0x0000000000000000 0x000000002454a0c2
XMM[11]=0x6e67802d6e67802d 0x6e67802dd2b97a9c
XMM[12]=0x0000000000000000 0x000000006451fa6f
XMM[13]=0x0000000000000000 0x0000000073893afc
XMM[14]=0x0000000000000000 0x00000000e1fef3d8
XMM[15]=0x0000000000000000 0x00000000e8dd2250
  MXCSR=0x00001fa2


Register to memory mapping:

RAX=0x0000000000007ffe is an unknown value
RBX=0x00007ffef4000370 points into unknown readable memory: 0x00007ffef4000360 | 60 03 00 f4 fe 7f 00 00
RCX=0x0 is null
RDX=0x0 is null
RSP=0x00007fffc4539f58 is pointing into the stack for thread: 0x00007fff1001cad0
RBP=0x00007fffc4539f70 is pointing into the stack for thread: 0x00007fff1001cad0
RSI=0x0 is null
RDI=0x00007ffef4000360 points into unknown readable memory: 0x00007ffef4000350 | 50 03 00 f4 fe 7f 00 00
R8 =0x0 is null
R9 =0x0 is null
R10=0x0 is null
R11=0x0 is null
R12=0x00007ffef40001e0 points into unknown readable memory: 0x00007ffef40001d0 | d0 01 00 f4 fe 7f 00 00
R13=0x0000000000000613 is an unknown value
R14=0x00007fffc453a060 is pointing into the stack for thread: 0x00007fff1001cad0
R15=0x00007fff1001cad0 is a thread

Top of Stack: (sp=0x00007fffc4539f58)
0x00007fffc4539f58:   00007ffff55eff31 00007ffef4000e10   1.^.............
0x00007fffc4539f68:   00007ffef40001e0 00007fffc4539fa0   ..........S.....
0x00007fffc4539f78:   00007ffff5610f95 00000000f404e450   ..a.....P.......
0x00007fffc4539f88:   00007ffef4044188 00007ffef40001e0   .A..............
0x00007fffc4539f98:   00007fffd56eeb94 00007fffc4539fc0   ..n.......S.....
0x00007fffc4539fa8:   00007ffff5682a00 00007ffef4044188   .*h......A......
0x00007fffc4539fb8:   00007ffefc0db7a8 00007fffc4539fe0   ..........S.....
0x00007fffc4539fc8:   00007ffff5686b80 00000000e8dd5220   .kh..... R......
0x00007fffc4539fd8:   0000000000000000 00007fffc453a020   ........ .S.....
0x00007fffc4539fe8:   00007fffc4785f45 0000061300000613   E_x.............
0x00007fffc4539ff8:   00007ffef4044188 00007ffef4044188   .A.......A......
0x00007fffc453a008:   00007ffef4044188 00007fffc453a060   .A......`.S.....
0x00007fffc453a018:   00007fff1001ce90 00007fffc453a070   ........p.S.....
0x00007fffc453a028:   00007fffdc64bfea 00007fffd56eeb94   ..d.......n.....
0x00007fffc453a038:   0000000000000000 0000000000000000   ................
0x00007fffc453a048:   0000000000000000 0000000000000000   ................
0x00007fffc453a058:   0000000000000000 00000000e49c5690   .........V......
0x00007fffc453a068:   00000000e8dd5220 0000000000000000    R..............
0x00007fffc453a078:   00007fffdc3b1728 00000000e8dd1bf8   (.;.............
0x00007fffc453a088:   00007fffd56eee05 00007fffd56efb7e   ..n.....~.n.....
0x00007fffc453a098:   00000000e8dd5220 00007fffc453a350    R......P.S.....
0x00007fffc453a0a8:   00007fffd56ef054 00007ffefc00f1d0   T.n.............
0x00007fffc453a0b8:   0000000000000005 00007fffc453a0f0   ..........S.....
0x00007fffc453a0c8:   00007ffff49ed390 00007fffc453a100   ..........S.....
0x00007fffc453a0d8:   00007ffff6e5f9c5 0000000000000000   ................
0x00007fffc453a0e8:   00007fffc453a850 00007fff00000007   P.S.............
0x00007fffc453a0f8:   00007ffff6e5fef8 00007fffc453a120   ........ .S.....
0x00007fffc453a108:   00007ffff55da7d1 0000000000001be0   ..].............
0x00007fffc453a118:   853f03c06ed6d100 00007fffc453a160   ...n..?.`.S.....
0x00007fffc453a128:   0000000000000010 00007fffc453a340   ........@.S.....
0x00007fffc453a138:   00000000e8dd1928 00007fffc453a3e8   (.........S.....
0x00007fffc453a148:   00007fff1001cad0 00007fffc453a220   ........ .S.....

Instructions: (pc=0x00007ffef4000390)
0x00007ffef4000290:   80 02 00 f4 fe 7f 00 00 80 02 00 f4 fe 7f 00 00
0x00007ffef40002a0:   90 02 00 f4 fe 7f 00 00 90 02 00 f4 fe 7f 00 00
0x00007ffef40002b0:   a0 02 00 f4 fe 7f 00 00 a0 02 00 f4 fe 7f 00 00
0x00007ffef40002c0:   b0 02 00 f4 fe 7f 00 00 b0 02 00 f4 fe 7f 00 00
0x00007ffef40002d0:   c0 02 00 f4 fe 7f 00 00 c0 02 00 f4 fe 7f 00 00
0x00007ffef40002e0:   d0 02 00 f4 fe 7f 00 00 d0 02 00 f4 fe 7f 00 00
0x00007ffef40002f0:   e0 02 00 f4 fe 7f 00 00 e0 02 00 f4 fe 7f 00 00
0x00007ffef4000300:   f0 02 00 f4 fe 7f 00 00 f0 02 00 f4 fe 7f 00 00
0x00007ffef4000310:   00 03 00 f4 fe 7f 00 00 00 03 00 f4 fe 7f 00 00
0x00007ffef4000320:   10 03 00 f4 fe 7f 00 00 10 03 00 f4 fe 7f 00 00
0x00007ffef4000330:   20 03 00 f4 fe 7f 00 00 20 03 00 f4 fe 7f 00 00
0x00007ffef4000340:   30 03 00 f4 fe 7f 00 00 30 03 00 f4 fe 7f 00 00
0x00007ffef4000350:   40 03 00 f4 fe 7f 00 00 40 03 00 f4 fe 7f 00 00
0x00007ffef4000360:   50 03 00 f4 fe 7f 00 00 50 03 00 f4 fe 7f 00 00
0x00007ffef4000370:   60 03 00 f4 fe 7f 00 00 60 03 00 f4 fe 7f 00 00
0x00007ffef4000380:   70 03 00 f4 fe 7f 00 00 70 03 00 f4 fe 7f 00 00
0x00007ffef4000390:   70 9a 01 f4 fe 7f 00 00 70 9a 01 f4 fe 7f 00 00
0x00007ffef40003a0:   90 03 00 f4 fe 7f 00 00 90 03 00 f4 fe 7f 00 00
0x00007ffef40003b0:   a0 03 00 f4 fe 7f 00 00 a0 03 00 f4 fe 7f 00 00
0x00007ffef40003c0:   b0 03 00 f4 fe 7f 00 00 b0 03 00 f4 fe 7f 00 00
0x00007ffef40003d0:   c0 03 00 f4 fe 7f 00 00 c0 03 00 f4 fe 7f 00 00
0x00007ffef40003e0:   d0 03 00 f4 fe 7f 00 00 d0 03 00 f4 fe 7f 00 00
0x00007ffef40003f0:   e0 03 00 f4 fe 7f 00 00 e0 03 00 f4 fe 7f 00 00
0x00007ffef4000400:   f0 03 00 f4 fe 7f 00 00 f0 03 00 f4 fe 7f 00 00
0x00007ffef4000410:   00 04 00 f4 fe 7f 00 00 00 04 00 f4 fe 7f 00 00
0x00007ffef4000420:   10 04 00 f4 fe 7f 00 00 10 04 00 f4 fe 7f 00 00
0x00007ffef4000430:   20 04 00 f4 fe 7f 00 00 20 04 00 f4 fe 7f 00 00
0x00007ffef4000440:   30 04 00 f4 fe 7f 00 00 30 04 00 f4 fe 7f 00 00
0x00007ffef4000450:   40 04 00 f4 fe 7f 00 00 40 04 00 f4 fe 7f 00 00
0x00007ffef4000460:   50 04 00 f4 fe 7f 00 00 50 04 00 f4 fe 7f 00 00
0x00007ffef4000470:   60 04 00 f4 fe 7f 00 00 60 04 00 f4 fe 7f 00 00
0x00007ffef4000480:   70 04 00 f4 fe 7f 00 00 70 04 00 f4 fe 7f 00 00


Stack slot to memory mapping:

stack at sp + 0 slots: 0x00007ffff55eff31: <offset 0x000000000002ef31> in /nix/store/7a0nx1a0rdc5s07vxrsdhplqnzncl5z9-sqlite-3.53.3/lib/libsqlite3.so at 0x00007ffff55c1000
stack at sp + 1 slots: 0x00007ffef4000e10 points into unknown readable memory: 0x00000000e24f6290 | 90 62 4f e2 00 00 00 00
stack at sp + 2 slots: 0x00007ffef40001e0 points into unknown readable memory: 0x00007ffef40001d0 | d0 01 00 f4 fe 7f 00 00
stack at sp + 3 slots: 0x00007fffc4539fa0 is pointing into the stack for thread: 0x00007fff1001cad0
stack at sp + 4 slots: 0x00007ffff5610f95: <offset 0x000000000004ff95> in /nix/store/7a0nx1a0rdc5s07vxrsdhplqnzncl5z9-sqlite-3.53.3/lib/libsqlite3.so at 0x00007ffff55c1000
stack at sp + 5 slots: 0x00000000f404e450 is an unallocated location in the heap
stack at sp + 6 slots: 0x00007ffef4044188 points into unknown readable memory: 0x00007ffef40441c1 | c1 41 04 f4 fe 7f 00 00
stack at sp + 7 slots: 0x00007ffef40001e0 points into unknown readable memory: 0x00007ffef40001d0 | d0 01 00 f4 fe 7f 00 00


Compiled method (n/a) 9056 6024     n 0       androidx.sqlite.driver.bundled.BundledSQLiteStatementKt::nativeReset (native)
 total in heap  [0x00007fffdc64bd90,0x00007fffdc64c0f0] = 864
 relocation     [0x00007fffdc64bee8,0x00007fffdc64bf20] = 56
 main code      [0x00007fffdc64bf20,0x00007fffdc64c0e3] = 451
 stub code      [0x00007fffdc64c0e3,0x00007fffdc64c0e8] = 5
 oops           [0x00007fffdc64c0e8,0x00007fffdc64c0f0] = 8

[Constant Pool (empty)]

[MachCode]
[Entry Point]
  # {method} {0x00007fff76608d50} 'nativeReset' '(J)V' in 'androidx/sqlite/driver/bundled/BundledSQLiteStatementKt'
  # parm0:    rsi:rsi   = long
  #           [sp+0x50]  (sp of caller)
  0x00007fffdc64bf20: 448b 5608 | 49bb 0000 | 0077 ff7f | 0000 4d03 | d349 3bc2 | 0f84 0600 

  0x00007fffdc64bf38: ;   {runtime_call ic_miss_stub}
  0x00007fffdc64bf38: 0000 e941 | 9173 ff90 
[Verified Entry Point]
  0x00007fffdc64bf40: 8984 2400 | c0fe ff55 | 488b ec48 | 83ec 4090 | 4181 7f20 | 0b00 0000 

  0x00007fffdc64bf58: ;   {runtime_call StubRoutines (final stubs)}
  0x00007fffdc64bf58: 7405 e821 | f571 ff48 

  0x00007fffdc64bf60: ;   {oop(a 'java/lang/Class'{0x00000000e49c5690} = 'androidx/sqlite/driver/bundled/BundledSQLiteStatementKt')}
  0x00007fffdc64bf60: 8bd6 49be | 9056 9ce4 | 0000 0000 | 4c89 7424 | 304c 8d74 | 2430 498b | f6c5 f877 

  0x00007fffdc64bf7c: ;   {internal_word}
  0x00007fffdc64bf7c: 49ba 79bf | 64dc ff7f | 0000 4d89 | 97a8 0300 | 0049 89a7 | a003 0000 

  0x00007fffdc64bf94: ;   {external_word}
  0x00007fffdc64bf94: 803d 5a53 | 9818 000f | 8432 0000 

  0x00007fffdc64bfa0: ;   {metadata({method} {0x00007fff76608d50} 'nativeReset' '(J)V' in 'androidx/sqlite/driver/bundled/BundledSQLiteStatementKt')}
  0x00007fffdc64bfa0: 0056 5248 | be50 8d60 | 76ff 7f00 | 0049 8bff | 40f6 c40f | 0f84 1200 | 0000 4883 

  0x00007fffdc64bfbc: ;   {runtime_call SharedRuntime::dtrace_method_entry(JavaThread*, Method*)}
  0x00007fffdc64bfbc: ec08 e8dd | a822 1848 | 83c4 08e9 | 0500 0000 

  0x00007fffdc64bfcc: ;   {runtime_call SharedRuntime::dtrace_method_entry(JavaThread*, Method*)}
  0x00007fffdc64bfcc: e8cf a822 | 185a 5e49 | 8dbf c003 | 0000 41c7 | 874c 0400 | 0004 0000 

  0x00007fffdc64bfe4: ;   {runtime_call nativeReset(JNIEnv_*, _jclass*, long)}
  0x00007fffdc64bfe4: 00e8 369f | 13e8 c5f8 | 7741 c787 | 4c04 0000 | 0500 0000 | f083 4424 | c000 493b | af50 0400 
  0x00007fffdc64c004: 000f 870e | 0000 0041 | 83bf 4804 | 0000 000f | 841c 0000 | 00c5 f877 | 498b ff4c | 8be4 4883 
  0x00007fffdc64c024: ec00 4883 

  0x00007fffdc64c028: ;   {runtime_call JavaThread::check_special_condition_for_native_trans(JavaThread*)}
  0x00007fffdc64c028: e4f0 e8e1 | 21d5 1749 | 8be4 4d33 | e441 c787 | 4c04 0000 | 0800 0000 | 4183 bfc8 | 0400 0002 
  0x00007fffdc64c048: 0f84 7700 

  0x00007fffdc64c04c: ;   {external_word}
  0x00007fffdc64c04c: 0000 803d | a052 9818 | 000f 842e 

  0x00007fffdc64c058: ;   {metadata({method} {0x00007fff76608d50} 'nativeReset' '(J)V' in 'androidx/sqlite/driver/bundled/BundledSQLiteStatementKt')}
  0x00007fffdc64c058: 0000 0048 | be50 8d60 | 76ff 7f00 | 0049 8bff | 40f6 c40f | 0f84 1200 | 0000 4883 

  0x00007fffdc64c074: ;   {runtime_call SharedRuntime::dtrace_method_exit(JavaThread*, Method*)}
  0x00007fffdc64c074: ec08 e845 | a822 1848 | 83c4 08e9 | 0500 0000 

  0x00007fffdc64c084: ;   {runtime_call SharedRuntime::dtrace_method_exit(JavaThread*, Method*)}
  0x00007fffdc64c084: e837 a822 | 1849 c787 | a003 0000 | 0000 0000 | 49c7 87a8 | 0300 0000 | 0000 00c5 | f877 498b 
  0x00007fffdc64c0a4: 8f30 0400 | 00c7 8100 | 0100 0000 | 0000 00c9 | 4983 7f08 | 000f 8501 | 0000 00c3 

  0x00007fffdc64c0c0: ;   {runtime_call StubRoutines (initial stubs)}
  0x00007fffdc64c0c0: e93b bb6e | ffc5 f877 | 4c8b e448 | 83ec 0048 

  0x00007fffdc64c0d0: ;   {runtime_call SharedRuntime::reguard_yellow_pages()}
  0x00007fffdc64c0d0: 83e4 f0e8 | 18b7 2218 | 498b e44d | 33e4 e96b | ffff fff4 | f4f4 f4f4 
[/MachCode]


Compiled method (c2) 9059 9355       4       androidx.room3.coroutines.BasePreparedStatementCache$CachedStatement::close (19 bytes)
 total in heap  [0x00007fffdc3b1510,0x00007fffdc3b1a10] = 1280
 relocation     [0x00007fffdc3b1668,0x00007fffdc3b16b8] = 80
 main code      [0x00007fffdc3b16c0,0x00007fffdc3b1830] = 368
 stub code      [0x00007fffdc3b1830,0x00007fffdc3b1868] = 56
 oops           [0x00007fffdc3b1868,0x00007fffdc3b1870] = 8
 metadata       [0x00007fffdc3b1870,0x00007fffdc3b18a8] = 56
 scopes data    [0x00007fffdc3b18a8,0x00007fffdc3b1920] = 120
 scopes pcs     [0x00007fffdc3b1920,0x00007fffdc3b19c0] = 160
 dependencies   [0x00007fffdc3b19c0,0x00007fffdc3b19c8] = 8
 handler table  [0x00007fffdc3b19c8,0x00007fffdc3b19f8] = 48
 nul chk table  [0x00007fffdc3b19f8,0x00007fffdc3b1a10] = 24

[Constant Pool (empty)]

[MachCode]
[Entry Point]
  # {method} {0x00007fff766337f8} 'close' '()V' in 'androidx/room3/coroutines/BasePreparedStatementCache$CachedStatement'
  #           [sp+0x30]  (sp of caller)
  0x00007fffdc3b16c0: 448b 5608 | 49bb 0000 | 0077 ff7f | 0000 4d03 | d349 3bc2 

  0x00007fffdc3b16d4: ;   {runtime_call ic_miss_stub}
  0x00007fffdc3b16d4: 0f85 a639 | 9dff 6690 | 0f1f 4000 
[Verified Entry Point]
  0x00007fffdc3b16e0: 8984 2400 | c0fe ff55 | 4883 ec20 | 4181 7f20 | 0b00 0000 | 0f85 2c01 | 0000 4889 | 3424 448b 
  0x00007fffdc3b1700: 560c 458b 

  0x00007fffdc3b1704: ;   {metadata('androidx/sqlite/driver/bundled/BundledSQLiteStatement')}
  0x00007fffdc3b1704: 4208 4181 | f878 2072 | 0175 6841 | 0fb6 6a0c | 85ed 0f85 | 8c00 0000 | 498b 7218 

  0x00007fffdc3b1720: ;   {static_call}
  0x00007fffdc3b1720: 6666 90e8 

  0x00007fffdc3b1724: ; ImmutableOopMap {[0]=Oop }
                      ;*invokestatic nativeReset {reexecute=0 rethrow=0 return_oop=0}
                      ; - androidx.sqlite.driver.bundled.BundledSQLiteStatementKt::access$nativeReset@1 (line 1)
                      ; - androidx.sqlite.driver.bundled.BundledSQLiteStatement::reset@8 (line 107)
                      ; - androidx.room3.coroutines.BasePreparedStatementCache$CachedStatement::close@4 (line 409)
  0x00007fffdc3b1724: 18a8 2900 

  0x00007fffdc3b1728: ;   {other}
  0x00007fffdc3b1728: 0f1f 8400 | 1802 0000 | 4c8b 1424 | 418b 6a0c 

  0x00007fffdc3b1738: ; implicit exception: dispatches to 0x00007fffdc3b17fc
  0x00007fffdc3b1738: 448b 5508 

  0x00007fffdc3b173c: ;   {metadata('androidx/sqlite/driver/bundled/BundledSQLiteStatement')}
  0x00007fffdc3b173c: 4181 fa78 | 2072 0175 | 4f4c 8bd5 | 410f b66a | 0c85 ed75 | 6f49 8b72 

  0x00007fffdc3b1754: ;   {static_call}
  0x00007fffdc3b1754: 1866 90e8 

  0x00007fffdc3b1758: ; ImmutableOopMap {}
                      ;*invokestatic nativeClearBindings {reexecute=0 rethrow=0 return_oop=0}
                      ; - androidx.sqlite.driver.bundled.BundledSQLiteStatementKt::access$nativeClearBindings@1 (line 1)
                      ; - androidx.sqlite.driver.bundled.BundledSQLiteStatement::clearBindings@8 (line 112)
                      ; - androidx.room3.coroutines.BasePreparedStatementCache$CachedStatement::close@13 (line 410)
  0x00007fffdc3b1758: 64ab 2900 

  0x00007fffdc3b175c: ;   {other}
  0x00007fffdc3b175c: 0f1f 8400 | 4c02 0001 | 4883 c420 

  0x00007fffdc3b1768: ;   {poll_return}
  0x00007fffdc3b1768: 5d49 3ba7 | 5004 0000 | 0f87 9a00 | 0000 c3be | deff ffff | 488b 2c24 | 4489 1424 

  0x00007fffdc3b1784: ;   {runtime_call UncommonTrapBlob}
  0x00007fffdc3b1784: 6666 90e8 

  0x00007fffdc3b1788: ; ImmutableOopMap {rbp=Oop [0]=NarrowOop }
                      ;*invokeinterface reset {reexecute=0 rethrow=0 return_oop=0}
                      ; - androidx.room3.coroutines.BasePreparedStatementCache$CachedStatement::close@4 (line 409)
  0x00007fffdc3b1788: 7497 9dff 

  0x00007fffdc3b178c: ;   {other}
  0x00007fffdc3b178c: 0f1f 8400 | 7c02 0002 | bede ffff 

  0x00007fffdc3b1798: ;   {runtime_call UncommonTrapBlob}
  0x00007fffdc3b1798: ff66 90e8 

  0x00007fffdc3b179c: ; ImmutableOopMap {rbp=NarrowOop }
                      ;*invokeinterface clearBindings {reexecute=0 rethrow=0 return_oop=0}
                      ; - androidx.room3.coroutines.BasePreparedStatementCache$CachedStatement::close@13 (line 410)
  0x00007fffdc3b179c: 6097 9dff 

  0x00007fffdc3b17a0: ;   {other}
  0x00007fffdc3b17a0: 0f1f 8400 | 9002 0003 | be45 ffff | ff4c 8954 

  0x00007fffdc3b17b0: ;   {runtime_call UncommonTrapBlob}
  0x00007fffdc3b17b0: 2408 90e8 

  0x00007fffdc3b17b4: ; ImmutableOopMap {[0]=Oop [8]=Oop }
                      ;*ifeq {reexecute=1 rethrow=0 return_oop=0}
                      ; - (reexecute) androidx.sqlite.driver.bundled.BundledSQLiteStatement::throwIfClosed@4 (line 123)
                      ; - androidx.sqlite.driver.bundled.BundledSQLiteStatement::reset@1 (line 106)
                      ; - androidx.room3.coroutines.BasePreparedStatementCache$CachedStatement::close@4 (line 409)
  0x00007fffdc3b17b4: 4897 9dff 

  0x00007fffdc3b17b8: ;   {other}
  0x00007fffdc3b17b8: 0f1f 8400 | a802 0004 | be45 ffff | ff4c 8914 

  0x00007fffdc3b17c8: ;   {runtime_call UncommonTrapBlob}
  0x00007fffdc3b17c8: 2466 90e8 

  0x00007fffdc3b17cc: ; ImmutableOopMap {[0]=Oop }
                      ;*ifeq {reexecute=1 rethrow=0 return_oop=0}
                      ; - (reexecute) androidx.sqlite.driver.bundled.BundledSQLiteStatement::throwIfClosed@4 (line 123)
                      ; - androidx.sqlite.driver.bundled.BundledSQLiteStatement::clearBindings@1 (line 111)
                      ; - androidx.room3.coroutines.BasePreparedStatementCache$CachedStatement::close@13 (line 410)
  0x00007fffdc3b17cc: 3097 9dff 

  0x00007fffdc3b17d0: ;   {other}
  0x00007fffdc3b17d0: 0f1f 8400 | c002 0005 | 488b f0eb | 0348 8bf0 | 4883 c420 

  0x00007fffdc3b17e4: ;   {runtime_call _rethrow_Java}
  0x00007fffdc3b17e4: 5de9 1661 | aaff bef6 

  0x00007fffdc3b17ec: ;   {runtime_call UncommonTrapBlob}
  0x00007fffdc3b17ec: ffff ffe8 

  0x00007fffdc3b17f0: ; ImmutableOopMap {}
                      ;*invokeinterface reset {reexecute=0 rethrow=0 return_oop=0}
                      ; - androidx.room3.coroutines.BasePreparedStatementCache$CachedStatement::close@4 (line 409)
  0x00007fffdc3b17f0: 0c97 9dff 

  0x00007fffdc3b17f4: ;   {other}
  0x00007fffdc3b17f4: 0f1f 8400 | e402 0006 | bef6 ffff 

  0x00007fffdc3b1800: ;   {runtime_call UncommonTrapBlob}
  0x00007fffdc3b1800: ff66 90e8 

  0x00007fffdc3b1804: ; ImmutableOopMap {}
                      ;*invokeinterface clearBindings {reexecute=0 rethrow=0 return_oop=0}
                      ; - androidx.room3.coroutines.BasePreparedStatementCache$CachedStatement::close@13 (line 410)
  0x00007fffdc3b1804: f896 9dff 

  0x00007fffdc3b1808: ;   {other}
  0x00007fffdc3b1808: 0f1f 8400 | f802 0007 

  0x00007fffdc3b1810: ;   {internal_word}
  0x00007fffdc3b1810: 49ba 6917 | 3bdc ff7f | 0000 4d89 | 9768 0400 

  0x00007fffdc3b1820: ;   {runtime_call SafepointBlob}
  0x00007fffdc3b1820: 00e9 daa7 

  0x00007fffdc3b1824: ;   {runtime_call StubRoutines (final stubs)}
  0x00007fffdc3b1824: 9dff e855 | 9c9b ffe9 | cafe ffff 
[Stub Code]
  0x00007fffdc3b1830: ;   {no_reloc}
  0x00007fffdc3b1830: 48bb 0000 | 0000 0000 

  0x00007fffdc3b1838: ;   {runtime_call nmethod}
  0x00007fffdc3b1838: 0000 e9fb 

  0x00007fffdc3b183c: ;   {static_stub}
  0x00007fffdc3b183c: ffff ff48 | bb00 0000 | 0000 0000 

  0x00007fffdc3b1848: ;   {runtime_call nmethod}
  0x00007fffdc3b1848: 00e9 fbff 

  0x00007fffdc3b184c: ;   {runtime_call ExceptionBlob}
  0x00007fffdc3b184c: ffff e92d | c4a9 ffe8 | 0000 0000 | 4883 2c24 

  0x00007fffdc3b185c: ;   {runtime_call DeoptimizationBlob}
  0x00007fffdc3b185c: 05e9 3e9a | 9dff f4f4 | f4f4 f4f4 
[/MachCode]


Compiled method (c1) 9062 8311   !   3       androidx.room3.EntityInsertAdapter::insert (88 bytes)
 total in heap  [0x00007fffd56ee310,0x00007fffd56f04d8] = 8648
 relocation     [0x00007fffd56ee468,0x00007fffd56ee688] = 544
 main code      [0x00007fffd56ee6a0,0x00007fffd56efc28] = 5512
 stub code      [0x00007fffd56efc28,0x00007fffd56efd18] = 240
 oops           [0x00007fffd56efd18,0x00007fffd56efd40] = 40
 metadata       [0x00007fffd56efd40,0x00007fffd56efd78] = 56
 scopes data    [0x00007fffd56efd78,0x00007fffd56f00a8] = 816
 scopes pcs     [0x00007fffd56f00a8,0x00007fffd56f03a8] = 768
 dependencies   [0x00007fffd56f03a8,0x00007fffd56f03b0] = 8
 handler table  [0x00007fffd56f03b0,0x00007fffd56f0488] = 216
 nul chk table  [0x00007fffd56f0488,0x00007fffd56f04d8] = 80

[Constant Pool (empty)]

[MachCode]
[Entry Point]
  # {method} {0x00007fff765c1fa8} 'insert' '(Landroidx/sqlite/SQLiteConnection;Ljava/lang/Object;Lkotlin/coroutines/Continuation;)Ljava/lang/Object;' in 'androidx/room3/EntityInsertAdapter'
  # this:     rsi:rsi   = 'androidx/room3/EntityInsertAdapter'
  # parm0:    rdx:rdx   = 'androidx/sqlite/SQLiteConnection'
  # parm1:    rcx:rcx   = 'java/lang/Object'
  # parm2:    r8:r8     = 'kotlin/coroutines/Continuation'
  #           [sp+0x120]  (sp of caller)
  0x00007fffd56ee6a0: 448b 5608 | 49bb 0000 | 0077 ff7f | 0000 4d03 | d34c 3bd0 

  0x00007fffd56ee6b4: ;   {runtime_call ic_miss_stub}
  0x00007fffd56ee6b4: 0f85 c669 | 6906 660f | 1f44 0000 
[Verified Entry Point]
  0x00007fffd56ee6c0: 8984 2400 | c0fe ff55 | 4881 ec10 | 0100 0090 | 4181 7f20 | 0b00 0000 

  0x00007fffd56ee6d8: ;   {runtime_call StubRoutines (final stubs)}
  0x00007fffd56ee6d8: 7405 e8a1 

  0x00007fffd56ee6dc: ;   {metadata(method data for {method} {0x00007fff765c1fa8} 'insert' '(Landroidx/sqlite/SQLiteConnection;Ljava/lang/Object;Lkotlin/coroutines/Continuation;)Ljava/lang/Object;' in 'androidx/room3/EntityInsertAdapter')}
  0x00007fffd56ee6dc: cd67 0648 | bff8 f043 | e0fe 7f00 | 008b 9ff4 | 0000 0083 | c302 899f | f400 0000 | 81e3 fe07 
  0x00007fffd56ee6fc: 0000 85db | 0f84 ff11 | 0000 4885 

  0x00007fffd56ee708: ;   {metadata(method data for {method} {0x00007fff765c1fa8} 'insert' '(Landroidx/sqlite/SQLiteConnection;Ljava/lang/Object;Lkotlin/coroutines/Continuation;)Ljava/lang/Object;' in 'androidx/room3/EntityInsertAdapter')}
  0x00007fffd56ee708: c948 bff8 | f043 e0fe | 7f00 0048 | c7c3 4801 | 0000 7407 | 48c7 c338 | 0100 0048 | 8b04 1f48 
  0x00007fffd56ee728: 8d40 0148 | 8904 1f0f | 848f 0600 | 0048 898c | 24c0 0000 | 0048 8994 | 24b0 0000 | 0048 8bfe 
  0x00007fffd56ee748: ;   {metadata(method data for {method} {0x00007fff765c1fa8} 'insert' '(Landroidx/sqlite/SQLiteConnection;Ljava/lang/Object;Lkotlin/coroutines/Continuation;)Ljava/lang/Object;' in 'androidx/room3/EntityInsertAdapter')}
  0x00007fffd56ee748: 48bb f8f0 | 43e0 fe7f | 0000 8b7f | 0849 ba00 | 0000 77ff | 7f00 0049 | 03fa 483b | bb68 0100 
  0x00007fffd56ee768: 0075 0d48 | 8383 7001 | 0000 01e9 | 6000 0000 | 483b bb78 | 0100 0075 | 0d48 8383 | 8001 0000 
  0x00007fffd56ee788: 01e9 4a00 | 0000 4883 | bb68 0100 | 0000 7517 | 4889 bb68 | 0100 0048 | c783 7001 | 0000 0100 
  0x00007fffd56ee7a8: 0000 e929 | 0000 0048 | 83bb 7801 | 0000 0075 | 1748 89bb | 7801 0000 | 48c7 8380 | 0100 0001 
  0x00007fffd56ee7c8: 0000 00e9 | 0800 0000 | 4883 8358 | 0100 0001 | 488b fe48 | 8bf7 4889 | bc24 b800 | 0000 0f1f 
  0x00007fffd56ee7e8: 8000 0000 | 0048 b8ff | ffff ffff 

  0x00007fffd56ee7f4: ;   {virtual_call}
  0x00007fffd56ee7f4: ffff ffe8 

  0x00007fffd56ee7f8: ; ImmutableOopMap {[176]=Oop [184]=Oop [192]=Oop }
                      ;*invokevirtual createQuery {reexecute=0 rethrow=0 return_oop=0}
                      ; - androidx.room3.EntityInsertAdapter::insert@10 (line 59)
  0x00007fffd56ee7f8: 9c51 7606 

  0x00007fffd56ee7fc: ;   {other}
  0x00007fffd56ee7fc: 0f1f 8400 | ec04 0000 | 488b b424 | b000 0000 

  0x00007fffd56ee80c: ; implicit exception: dispatches to 0x00007fffd56ef926
  0x00007fffd56ee80c: 483b 0648 

  0x00007fffd56ee810: ;   {metadata(method data for {method} {0x00007fff765c1fa8} 'insert' '(Landroidx/sqlite/SQLiteConnection;Ljava/lang/Object;Lkotlin/coroutines/Continuation;)Ljava/lang/Object;' in 'androidx/room3/EntityInsertAdapter')}
  0x00007fffd56ee810: 8bd6 48bf | f8f0 43e0 | fe7f 0000 | 8b52 0849 | ba00 0000 | 77ff 7f00 | 0049 03d2 | 483b 97a0 
  0x00007fffd56ee830: 0100 0075 | 0d48 8387 | a801 0000 | 01e9 6000 | 0000 483b | 97b0 0100 | 0075 0d48 | 8387 b801 
  0x00007fffd56ee850: 0000 01e9 | 4a00 0000 | 4883 bfa0 | 0100 0000 | 7517 4889 | 97a0 0100 | 0048 c787 | a801 0000 
  0x00007fffd56ee870: 0100 0000 | e929 0000 | 0048 83bf | b001 0000 | 0075 1748 | 8997 b001 | 0000 48c7 | 87b8 0100 
  0x00007fffd56ee890: 0001 0000 | 00e9 0800 | 0000 4883 | 8790 0100 | 0001 488b | d048 b838 | c972 78ff 

  0x00007fffd56ee8ac: ;   {virtual_call}
  0x00007fffd56ee8ac: 7f00 00e8 

  0x00007fffd56ee8b0: ; ImmutableOopMap {[184]=Oop [192]=Oop }
                      ;*invokeinterface prepare {reexecute=0 rethrow=0 return_oop=0}
                      ; - androidx.room3.EntityInsertAdapter::insert@13 (line 59)
  0x00007fffd56ee8b0: 2c12 f706 

  0x00007fffd56ee8b4: ;   {other}
  0x00007fffd56ee8b4: 0f1f 8400 | a405 0001 | 4885 c075 

  0x00007fffd56ee8c0: ;   {metadata(method data for {method} {0x00007fff765c1fa8} 'insert' '(Landroidx/sqlite/SQLiteConnection;Ljava/lang/Object;Lkotlin/coroutines/Continuation;)Ljava/lang/Object;' in 'androidx/room3/EntityInsertAdapter')}
  0x00007fffd56ee8c0: 1648 b9f8 | f043 e0fe | 7f00 0080 | 89c1 0100 | 0001 e9e7 

  0x00007fffd56ee8d4: ;   {metadata('java/lang/AutoCloseable')}
  0x00007fffd56ee8d4: 0000 0048 | be08 ba00 | 77ff 7f00 | 008b 4808 | 49ba 0000 | 0077 ff7f | 0000 4903 | ca48 3b71 
  0x00007fffd56ee8f4: 200f 841a | 0000 0048 | 3bce 0f84 | 1100 0000 

  0x00007fffd56ee904: ;   {runtime_call slow_subtype_check Runtime1 stub}
  0x00007fffd56ee904: 5156 e8f5 | 9875 0659 | 5985 c90f | 848d 0000 

  0x00007fffd56ee914: ;   {metadata(method data for {method} {0x00007fff765c1fa8} 'insert' '(Landroidx/sqlite/SQLiteConnection;Ljava/lang/Object;Lkotlin/coroutines/Continuation;)Ljava/lang/Object;' in 'androidx/room3/EntityInsertAdapter')}
  0x00007fffd56ee914: 0048 b9f8 | f043 e0fe | 7f00 008b | 7008 49ba | 0000 0077 | ff7f 0000 | 4903 f248 | 3bb1 d801 
  0x00007fffd56ee934: 0000 750d | 4883 81e0 | 0100 0001 | e979 0000 | 0048 3bb1 | e801 0000 | 750d 4883 | 81f0 0100 
  0x00007fffd56ee954: 0001 e963 | 0000 0048 | 83b9 d801 | 0000 0075 | 1748 89b1 | d801 0000 | 48c7 81e0 | 0100 0001 
  0x00007fffd56ee974: 0000 00e9 | 4200 0000 | 4883 b9e8 | 0100 0000 | 7517 4889 | b1e8 0100 | 0048 c781 | f001 0000 
  0x00007fffd56ee994: 0100 0000 | e921 0000 | 00e9 1c00 

  0x00007fffd56ee9a0: ;   {metadata(method data for {method} {0x00007fff765c1fa8} 'insert' '(Landroidx/sqlite/SQLiteConnection;Ljava/lang/Object;Lkotlin/coroutines/Continuation;)Ljava/lang/Object;' in 'androidx/room3/EntityInsertAdapter')}
  0x00007fffd56ee9a0: 0000 48b9 | f8f0 43e0 | fe7f 0000 | 4883 a9c8 | 0100 0001 | e972 0f00 | 00e9 0000 | 0000 488b 
  0x00007fffd56ee9c0: f848 8b8c | 24c0 0000 | 0048 8bb4 | 24b8 0000 | 0048 85ff 

  0x00007fffd56ee9d4: ;   {metadata(method data for {method} {0x00007fff765c1fa8} 'insert' '(Landroidx/sqlite/SQLiteConnection;Ljava/lang/Object;Lkotlin/coroutines/Continuation;)Ljava/lang/Object;' in 'androidx/room3/EntityInsertAdapter')}
  0x00007fffd56ee9d4: 7516 48b8 | f8f0 43e0 | fe7f 0000 | 8088 f901 | 0000 01e9 | e900 0000 

  0x00007fffd56ee9ec: ;   {metadata('androidx/sqlite/SQLiteStatement')}
  0x00007fffd56ee9ec: 49b8 781e | 7278 ff7f | 0000 8b47 | 0849 ba00 | 0000 77ff | 7f00 0049 | 03c2 4c3b | 4020 0f84 
  0x00007fffd56eea0c: 1b00 0000 | 493b c00f | 8412 0000 | 0050 4150 

  0x00007fffd56eea1c: ;   {runtime_call slow_subtype_check Runtime1 stub}
  0x00007fffd56eea1c: e8df 9775 | 0658 5885 | c00f 848e 

  0x00007fffd56eea28: ;   {metadata(method data for {method} {0x00007fff765c1fa8} 'insert' '(Landroidx/sqlite/SQLiteConnection;Ljava/lang/Object;Lkotlin/coroutines/Continuation;)Ljava/lang/Object;' in 'androidx/room3/EntityInsertAdapter')}
  0x00007fffd56eea28: 0000 0048 | b8f8 f043 | e0fe 7f00 | 0044 8b47 | 0849 ba00 | 0000 77ff | 7f00 004d | 03c2 4c3b 
  0x00007fffd56eea48: 8010 0200 | 0075 0d48 | 8380 1802 | 0000 01e9 | 7900 0000 | 4c3b 8020 | 0200 0075 | 0d48 8380 
  0x00007fffd56eea68: 2802 0000 | 01e9 6300 | 0000 4883 | b810 0200 | 0000 7517 | 4c89 8010 | 0200 0048 | c780 1802 
  0x00007fffd56eea88: 0000 0100 | 0000 e942 | 0000 0048 | 83b8 2002 | 0000 0075 | 174c 8980 | 2002 0000 | 48c7 8028 
  0x00007fffd56eeaa8: 0200 0001 | 0000 00e9 | 2100 0000 | e91c 0000 

  0x00007fffd56eeab8: ;   {metadata(method data for {method} {0x00007fff765c1fa8} 'insert' '(Landroidx/sqlite/SQLiteConnection;Ljava/lang/Object;Lkotlin/coroutines/Continuation;)Ljava/lang/Object;' in 'androidx/room3/EntityInsertAdapter')}
  0x00007fffd56eeab8: 0048 b8f8 | f043 e0fe | 7f00 0048 | 83a8 0002 | 0000 01e9 | 640e 0000 | e900 0000 | 0048 8bdf 
  0x00007fffd56eead8: ;   {metadata(method data for {method} {0x00007fff765c1fa8} 'insert' '(Landroidx/sqlite/SQLiteConnection;Ljava/lang/Object;Lkotlin/coroutines/Continuation;)Ljava/lang/Object;' in 'androidx/room3/EntityInsertAdapter')}
  0x00007fffd56eead8: 488b d648 | b8f8 f043 | e0fe 7f00 | 008b 5208 | 49ba 0000 | 0077 ff7f | 0000 4903 | d248 3b90 
  0x00007fffd56eeaf8: 4802 0000 | 750d 4883 | 8050 0200 | 0001 e960 | 0000 0048 | 3b90 5802 | 0000 750d | 4883 8060 
  0x00007fffd56eeb18: 0200 0001 | e94a 0000 | 0048 83b8 | 4802 0000 | 0075 1748 | 8990 4802 | 0000 48c7 | 8050 0200 
  0x00007fffd56eeb38: 0001 0000 | 00e9 2900 | 0000 4883 | b858 0200 | 0000 7517 | 4889 9058 | 0200 0048 | c780 6002 
  0x00007fffd56eeb58: 0000 0100 | 0000 e908 | 0000 0048 | 8380 3802 | 0000 0148 | 8bd3 4889 | bc24 d000 | 0000 4889 
  0x00007fffd56eeb78: 9c24 c800 | 0000 0f1f | 8000 0000 | 0048 b8ff | ffff ffff 

  0x00007fffd56eeb8c: ;   {virtual_call}
  0x00007fffd56eeb8c: ffff ffe8 

  0x00007fffd56eeb90: ; ImmutableOopMap {[200]=Oop [208]=Oop }
                      ;*invokevirtual bind {reexecute=0 rethrow=0 return_oop=0}
                      ; - androidx.room3.EntityInsertAdapter::insert@41 (line 60)
  0x00007fffd56eeb90: 5c48 7606 

  0x00007fffd56eeb94: ;   {other}
  0x00007fffd56eeb94: 0f1f 8400 | 8408 0002 | 488b 9c24 | c800 0000 

  0x00007fffd56eeba4: ; implicit exception: dispatches to 0x00007fffd56ef93d
  0x00007fffd56eeba4: 483b 0348 

  0x00007fffd56eeba8: ;   {metadata(method data for {method} {0x00007fff765c1fa8} 'insert' '(Landroidx/sqlite/SQLiteConnection;Ljava/lang/Object;Lkotlin/coroutines/Continuation;)Ljava/lang/Object;' in 'androidx/room3/EntityInsertAdapter')}
  0x00007fffd56eeba8: 8bf3 48bf | f8f0 43e0 | fe7f 0000 | 8b76 0849 | ba00 0000 | 77ff 7f00 | 0049 03f2 | 483b b780 
  0x00007fffd56eebc8: 0200 0075 | 0d48 8387 | 8802 0000 | 01e9 6000 | 0000 483b | b790 0200 | 0075 0d48 | 8387 9802 
  0x00007fffd56eebe8: 0000 01e9 | 4a00 0000 | 4883 bf80 | 0200 0000 | 7517 4889 | b780 0200 | 0048 c787 | 8802 0000 
  0x00007fffd56eec08: 0100 0000 | e929 0000 | 0048 83bf | 9002 0000 | 0075 1748 | 89b7 9002 | 0000 48c7 | 8798 0200 
  0x00007fffd56eec28: 0001 0000 | 00e9 0800 | 0000 4883 | 8770 0200 | 0001 488b | f348 b808 | 1073 78ff 

  0x00007fffd56eec44: ;   {virtual_call}
  0x00007fffd56eec44: 7f00 00e8 

  0x00007fffd56eec48: ; ImmutableOopMap {[208]=Oop }
                      ;*invokeinterface step {reexecute=0 rethrow=0 return_oop=0}
                      ; - androidx.room3.EntityInsertAdapter::insert@46 (line 61)
  0x00007fffd56eec48: 5434 1307 

  0x00007fffd56eec4c: ;   {other}
  0x00007fffd56eec4c: 0f1f 8400 | 3c09 0003 | 488b bc24 | d000 0000 

  0x00007fffd56eec5c: ;   {metadata(method data for {method} {0x00007fff765c1fa8} 'insert' '(Landroidx/sqlite/SQLiteConnection;Ljava/lang/Object;Lkotlin/coroutines/Continuation;)Ljava/lang/Object;' in 'androidx/room3/EntityInsertAdapter')}
  0x00007fffd56eec5c: 48be f8f0 | 43e0 fe7f | 0000 4883 | 86a8 0200 

  0x00007fffd56eec6c: ;   {metadata(method data for {method} {0x00007fff76610708} 'closeFinally' '(Ljava/lang/AutoCloseable;Ljava/lang/Throwable;)V' in 'kotlin/jdk7/AutoCloseableKt')}
  0x00007fffd56eec6c: 0001 48be | 909a c476 | ff7f 0000 | 8b9e f400 | 0000 83c3 | 0289 9ef4 | 0000 0081 | e3fe ff1f 
  0x00007fffd56eec8c: 0085 db0f | 84ad 0c00 | 0048 85ff 

  0x00007fffd56eec98: ;   {metadata(method data for {method} {0x00007fff76610708} 'closeFinally' '(Ljava/lang/AutoCloseable;Ljava/lang/Throwable;)V' in 'kotlin/jdk7/AutoCloseableKt')}
  0x00007fffd56eec98: 48be 909a | c476 ff7f | 0000 48c7 | c338 0100 | 0074 0748 | c7c3 4801 | 0000 488b | 041e 488d 
  0x00007fffd56eecb8: 4001 4889 | 041e 0f84 | d000 0000 

  0x00007fffd56eecc4: ;   {metadata(method data for {method} {0x00007fff76610708} 'closeFinally' '(Ljava/lang/AutoCloseable;Ljava/lang/Throwable;)V' in 'kotlin/jdk7/AutoCloseableKt')}
  0x00007fffd56eecc4: 48be 909a | c476 ff7f | 0000 ff86 | 6801 0000 

  0x00007fffd56eecd4: ; implicit exception: dispatches to 0x00007fffd56ef963
  0x00007fffd56eecd4: 483b 0748 

  0x00007fffd56eecd8: ;   {metadata(method data for {method} {0x00007fff76610708} 'closeFinally' '(Ljava/lang/AutoCloseable;Ljava/lang/Throwable;)V' in 'kotlin/jdk7/AutoCloseableKt')}
  0x00007fffd56eecd8: 8bf7 48bb | 909a c476 | ff7f 0000 | 8b76 0849 | ba00 0000 | 77ff 7f00 | 0049 03f2 | 483b b388 
  0x00007fffd56eecf8: 0100 0075 | 0d48 8383 | 9001 0000 | 01e9 6000 | 0000 483b | b398 0100 | 0075 0d48 | 8383 a001 
  0x00007fffd56eed18: 0000 01e9 | 4a00 0000 | 4883 bb88 | 0100 0000 | 7517 4889 | b388 0100 | 0048 c783 | 9001 0000 
  0x00007fffd56eed38: 0100 0000 | e929 0000 | 0048 83bb | 9801 0000 | 0075 1748 | 89b3 9801 | 0000 48c7 | 83a0 0100 
  0x00007fffd56eed58: 0001 0000 | 00e9 0800 | 0000 4883 | 8378 0100 | 0001 488b | f748 b808 | 1073 78ff 

  0x00007fffd56eed74: ;   {virtual_call}
  0x00007fffd56eed74: 7f00 00e8 

  0x00007fffd56eed78: ; ImmutableOopMap {}
                      ;*invokeinterface close {reexecute=0 rethrow=0 return_oop=0}
                      ; - kotlin.jdk7.AutoCloseableKt::closeFinally@10 (line 43)
                      ; - androidx.room3.EntityInsertAdapter::insert@57 (line 59)
  0x00007fffd56eed78: 4429 cc06 

  0x00007fffd56eed7c: ;   {other}
  0x00007fffd56eed7c: 0f1f 8400 | 6c0a 0004 

  0x00007fffd56eed84: ;   {metadata(method data for {method} {0x00007fff76610708} 'closeFinally' '(Ljava/lang/AutoCloseable;Ljava/lang/Throwable;)V' in 'kotlin/jdk7/AutoCloseableKt')}
  0x00007fffd56eed84: 48b8 909a | c476 ff7f | 0000 ff80 | b001 0000 

  0x00007fffd56eed94: ;   {metadata(method data for {method} {0x00007fff765c1fa8} 'insert' '(Landroidx/sqlite/SQLiteConnection;Ljava/lang/Object;Lkotlin/coroutines/Continuation;)Ljava/lang/Object;' in 'androidx/room3/EntityInsertAdapter')}
  0x00007fffd56eed94: 48b8 f8f0 | 43e0 fe7f | 0000 ff80 | b802 0000 

  0x00007fffd56eeda4: ;   {oop(a 'kotlin/Unit'{0x00000000e4f7bcd8})}
  0x00007fffd56eeda4: 48b8 d8bc | f7e4 0000 | 0000 4881 | c410 0100 

  0x00007fffd56eedb4: ;   {poll_return}
  0x00007fffd56eedb4: 005d 493b | a750 0400 | 000f 87a5 | 0b00 00c3 

  0x00007fffd56eedc4: ;   {oop(a 'kotlin/Unit'{0x00000000e4f7bcd8})}
  0x00007fffd56eedc4: 48b8 d8bc | f7e4 0000 | 0000 4881 | c410 0100 

  0x00007fffd56eedd4: ;   {poll_return}
  0x00007fffd56eedd4: 005d 493b | a750 0400 | 000f 879b | 0b00 00c3 | 498b 8700 | 0500 004d | 33d2 4d89 | 9700 0500 
  0x00007fffd56eedf4: 004d 33d2 | 4d89 9708 | 0500 0048 | 8bf0 488b 

  0x00007fffd56eee04: ; ImmutableOopMap {rdi=Oop rsi=Oop rax=Oop }
                      ;*athrow {reexecute=1 rethrow=0 return_oop=0}
                      ; - (reexecute) androidx.room3.EntityInsertAdapter::insert@71 (line 59)
                      ;   {section_word}
  0x00007fffd56eee04: c648 ba05 | ee6e d5ff 

  0x00007fffd56eee0c: ;   {runtime_call handle_exception_nofpu Runtime1 stub}
  0x00007fffd56eee0c: 7f00 00e8 | ec81 7506 | 9049 8b87 | 0005 0000 | 4d33 d24d | 8997 0005 | 0000 4d33 | d24d 8997 
  0x00007fffd56eee2c: 0805 0000 

  0x00007fffd56eee30: ;   {metadata(method data for {method} {0x00007fff765c1fa8} 'insert' '(Landroidx/sqlite/SQLiteConnection;Ljava/lang/Object;Lkotlin/coroutines/Continuation;)Ljava/lang/Object;' in 'androidx/room3/EntityInsertAdapter')}
  0x00007fffd56eee30: 48be f8f0 | 43e0 fe7f | 0000 4883 | 86d0 0200 

  0x00007fffd56eee40: ;   {metadata(method data for {method} {0x00007fff76610708} 'closeFinally' '(Ljava/lang/AutoCloseable;Ljava/lang/Throwable;)V' in 'kotlin/jdk7/AutoCloseableKt')}
  0x00007fffd56eee40: 0001 48be | 909a c476 | ff7f 0000 | 8b96 f400 | 0000 83c2 | 0289 96f4 | 0000 0081 | e2fe ff1f 
  0x00007fffd56eee60: 0085 d20f | 842b 0b00 | 0048 85ff 

  0x00007fffd56eee6c: ;   {metadata(method data for {method} {0x00007fff76610708} 'closeFinally' '(Ljava/lang/AutoCloseable;Ljava/lang/Throwable;)V' in 'kotlin/jdk7/AutoCloseableKt')}
  0x00007fffd56eee6c: 48be 909a | c476 ff7f | 0000 48c7 | c248 0100 | 0075 0748 | c7c2 3801 | 0000 488b | 0c16 488d 
  0x00007fffd56eee8c: 4901 4889 | 0c16 0f85 | 0d00 0000 | 4889 8424 | d800 0000 | e907 0800 | 0048 85db 

  0x00007fffd56eeea8: ;   {metadata(method data for {method} {0x00007fff76610708} 'closeFinally' '(Ljava/lang/AutoCloseable;Ljava/lang/Throwable;)V' in 'kotlin/jdk7/AutoCloseableKt')}
  0x00007fffd56eeea8: 48be 909a | c476 ff7f | 0000 48c7 | c258 0100 | 0075 0748 | c7c2 6801 | 0000 488b | 0c16 488d 
  0x00007fffd56eeec8: 4901 4889 | 0c16 4889 | 8424 d800 | 0000 0f85 | c500 0000 

  0x00007fffd56eeedc: ; implicit exception: dispatches to 0x00007fffd56ef9b5
  0x00007fffd56eeedc: 483b 0748 

  0x00007fffd56eeee0: ;   {metadata(method data for {method} {0x00007fff76610708} 'closeFinally' '(Ljava/lang/AutoCloseable;Ljava/lang/Throwable;)V' in 'kotlin/jdk7/AutoCloseableKt')}
  0x00007fffd56eeee0: 8bf7 48bb | 909a c476 | ff7f 0000 | 8b76 0849 | ba00 0000 | 77ff 7f00 | 0049 03f2 | 483b b388 
  0x00007fffd56eef00: 0100 0075 | 0d48 8383 | 9001 0000 | 01e9 6000 | 0000 483b | b398 0100 | 0075 0d48 | 8383 a001 
  0x00007fffd56eef20: 0000 01e9 | 4a00 0000 | 4883 bb88 | 0100 0000 | 7517 4889 | b388 0100 | 0048 c783 | 9001 0000 
  0x00007fffd56eef40: 0100 0000 | e929 0000 | 0048 83bb | 9801 0000 | 0075 1748 | 89b3 9801 | 0000 48c7 | 83a0 0100 
  0x00007fffd56eef60: 0001 0000 | 00e9 0800 | 0000 4883 | 8378 0100 | 0001 488b | f748 b8ff | ffff ffff 

  0x00007fffd56eef7c: ;   {virtual_call}
  0x00007fffd56eef7c: ffff ffe8 

  0x00007fffd56eef80: ; ImmutableOopMap {[216]=Oop }
                      ;*invokeinterface close {reexecute=0 rethrow=0 return_oop=0}
                      ; - kotlin.jdk7.AutoCloseableKt::closeFinally@10 (line 43)
                      ; - androidx.room3.EntityInsertAdapter::insert@78 (line 59)
  0x00007fffd56eef80: fc66 6906 

  0x00007fffd56eef84: ;   {other}
  0x00007fffd56eef84: 0f1f 8400 | 740c 0006 

  0x00007fffd56eef8c: ;   {metadata(method data for {method} {0x00007fff76610708} 'closeFinally' '(Ljava/lang/AutoCloseable;Ljava/lang/Throwable;)V' in 'kotlin/jdk7/AutoCloseableKt')}
  0x00007fffd56eef8c: 48be 909a | c476 ff7f | 0000 ff86 | b001 0000 | e90b 0700 | 0048 899c | 24e0 0000 | 0048 3b07 
  0x00007fffd56eefac: ;   {metadata(method data for {method} {0x00007fff76610708} 'closeFinally' '(Ljava/lang/AutoCloseable;Ljava/lang/Throwable;)V' in 'kotlin/jdk7/AutoCloseableKt')}
  0x00007fffd56eefac: 488b f748 | b890 9ac4 | 76ff 7f00 | 008b 7608 | 49ba 0000 | 0077 ff7f | 0000 4903 | f248 3bb0 
  0x00007fffd56eefcc: d801 0000 | 750d 4883 | 80e0 0100 | 0001 e960 | 0000 0048 | 3bb0 e801 | 0000 750d | 4883 80f0 
  0x00007fffd56eefec: 0100 0001 | e94a 0000 | 0048 83b8 | d801 0000 | 0075 1748 | 89b0 d801 | 0000 48c7 | 80e0 0100 
  0x00007fffd56ef00c: 0001 0000 | 00e9 2900 | 0000 4883 | b8e8 0100 | 0000 7517 | 4889 b0e8 | 0100 0048 | c780 f001 
  0x00007fffd56ef02c: 0000 0100 | 0000 e908 | 0000 0048 | 8380 c801 | 0000 0148 | 8bf7 6666 | 9048 b808 | 1073 78ff 
  0x00007fffd56ef04c: ;   {virtual_call}
  0x00007fffd56ef04c: 7f00 00e8 

  0x00007fffd56ef050: ; ImmutableOopMap {[216]=Oop [224]=Oop }
                      ;*invokeinterface close {reexecute=0 rethrow=0 return_oop=0}
                      ; - kotlin.jdk7.AutoCloseableKt::closeFinally@20 (line 46)
                      ; - androidx.room3.EntityInsertAdapter::insert@78 (line 59)
  0x00007fffd56ef050: 6c26 cc06 

  0x00007fffd56ef054: ;   {other}
  0x00007fffd56ef054: 0f1f 8400 | 440d 0007 

  0x00007fffd56ef05c: ;   {metadata(method data for {method} {0x00007fff76610708} 'closeFinally' '(Ljava/lang/AutoCloseable;Ljava/lang/Throwable;)V' in 'kotlin/jdk7/AutoCloseableKt')}
  0x00007fffd56ef05c: 48b8 909a | c476 ff7f | 0000 ff80 | 0002 0000 | e93b 0600 | 0049 8b87 | 0005 0000 | 4d33 d24d 
  0x00007fffd56ef07c: 8997 0005 | 0000 4d33 | d24d 8997 | 0805 0000 | 4889 8424 | f000 0000 

  0x00007fffd56ef094: ;   {metadata(method data for {method} {0x00007fff76610708} 'closeFinally' '(Ljava/lang/AutoCloseable;Ljava/lang/Throwable;)V' in 'kotlin/jdk7/AutoCloseableKt')}
  0x00007fffd56ef094: 48ba 909a | c476 ff7f | 0000 4883 | 8218 0200 

  0x00007fffd56ef0a4: ;   {metadata(method data for {method} {0x00007fff76e1f6b0} 'addSuppressed' '(Ljava/lang/Throwable;Ljava/lang/Throwable;)V' in 'kotlin/ExceptionsKt__ExceptionsKt')}
  0x00007fffd56ef0a4: 0001 48ba | 2849 ec76 | ff7f 0000 | 8bb2 f400 | 0000 83c6 | 0289 b2f4 | 0000 0081 | e6fe ff1f 
  0x00007fffd56ef0c4: 0085 f60f | 84f2 0800 

  0x00007fffd56ef0cc: ;   {metadata(method data for {method} {0x00007fff76e1f6b0} 'addSuppressed' '(Ljava/lang/Throwable;Ljava/lang/Throwable;)V' in 'kotlin/ExceptionsKt__ExceptionsKt')}
  0x00007fffd56ef0cc: 0048 ba28 | 49ec 76ff | 7f00 0048 | 8382 3801 

  0x00007fffd56ef0dc: ;   {metadata(method data for {method} {0x00007fff7365a8a0} 'checkNotNullParameter' '(Ljava/lang/Object;Ljava/lang/String;)V' in 'kotlin/jvm/internal/Intrinsics')}
  0x00007fffd56ef0dc: 0000 0148 | ba80 e537 | 76ff 7f00 | 008b b2f4 | 0000 0083 | c602 89b2 | f400 0000 | 81e6 feff 
  0x00007fffd56ef0fc: 1f00 85f6 | 0f84 da08 | 0000 4885 

  0x00007fffd56ef108: ;   {metadata(method data for {method} {0x00007fff7365a8a0} 'checkNotNullParameter' '(Ljava/lang/Object;Ljava/lang/String;)V' in 'kotlin/jvm/internal/Intrinsics')}
  0x00007fffd56ef108: db48 ba80 | e537 76ff | 7f00 0048 | c7c6 3801 | 0000 7507 | 48c7 c648 | 0100 0048 | 8b3c 3248 
  0x00007fffd56ef128: 8d7f 0148 | 893c 3248 | 899c 24e0 | 0000 000f | 850f 0200 

  0x00007fffd56ef13c: ;   {metadata(method data for {method} {0x00007fff7365a8a0} 'checkNotNullParameter' '(Ljava/lang/Object;Ljava/lang/String;)V' in 'kotlin/jvm/internal/Intrinsics')}
  0x00007fffd56ef13c: 0048 ba80 | e537 76ff | 7f00 0048 | 8382 5801 

  0x00007fffd56ef14c: ;   {metadata(method data for {method} {0x00007fff7365aa20} 'throwParameterIsNullNPE' '(Ljava/lang/String;)V' in 'kotlin/jvm/internal/Intrinsics')}
  0x00007fffd56ef14c: 0000 0148 | ba30 e737 | 76ff 7f00 | 008b b2f4 | 0000 0083 | c602 89b2 | f400 0000 | 81e6 feff 
  0x00007fffd56ef16c: 1f00 85f6 | 0f84 8b08 | 0000 6690 

  0x00007fffd56ef178: ;   {no_reloc}
  0x00007fffd56ef178: e9b4 0800 | 0000 0000 | 0000 498b | 87b8 0100 | 0048 8d78 | 3049 3bbf | c801 0000 | 0f87 a108 
  0x00007fffd56ef198: 0000 4989 | bfb8 0100 | 0048 c700 | 0100 0000 | 488b ca49 | ba00 0000 | 77ff 7f00 | 0049 2bca 
  0x00007fffd56ef1b8: 8948 0848 | 33c9 8948 | 0c48 33c9 | 4889 4810 | 4889 4818 | 4889 4820 | 4889 4828 

  0x00007fffd56ef1d4: ;   {metadata(method data for {method} {0x00007fff7365aa20} 'throwParameterIsNullNPE' '(Ljava/lang/String;)V' in 'kotlin/jvm/internal/Intrinsics')}
  0x00007fffd56ef1d4: 48be 30e7 | 3776 ff7f | 0000 4883 | 8638 0100 

  0x00007fffd56ef1e4: ;   {oop("<this>"{0x00000000e4612dd0})}
  0x00007fffd56ef1e4: 0001 48be | d02d 61e4 | 0000 0000 | 4889 8424 | e800 0000 | 0f1f 8000 

  0x00007fffd56ef1fc: ;   {static_call}
  0x00007fffd56ef1fc: 0000 00e8 

  0x00007fffd56ef200: ; ImmutableOopMap {[216]=Oop [224]=Oop [232]=Oop [240]=Oop }
                      ;*invokestatic createParameterIsNullExceptionMessage {reexecute=0 rethrow=0 return_oop=0}
                      ; - kotlin.jvm.internal.Intrinsics::throwParameterIsNullNPE@5 (line 140)
                      ; - kotlin.jvm.internal.Intrinsics::checkNotNullParameter@5 (line 131)
                      ; - kotlin.ExceptionsKt__ExceptionsKt::addSuppressed@3
                      ; - kotlin.jdk7.AutoCloseableKt::closeFinally@31 (line 48)
                      ; - androidx.room3.EntityInsertAdapter::insert@78 (line 59)
  0x00007fffd56ef200: 7c67 6906 

  0x00007fffd56ef204: ;   {other}
  0x00007fffd56ef204: 0f1f 8400 | f40e 0008 | 488b 9424 | e800 0000 

  0x00007fffd56ef214: ;   {metadata(method data for {method} {0x00007fff7365aa20} 'throwParameterIsNullNPE' '(Ljava/lang/String;)V' in 'kotlin/jvm/internal/Intrinsics')}
  0x00007fffd56ef214: 48be 30e7 | 3776 ff7f | 0000 4883 | 8648 0100 | 0001 488b | d048 8bb4 | 24e8 0000 | 0066 0f1f 
  0x00007fffd56ef234: ;   {optimized virtual_call}
  0x00007fffd56ef234: 4400 00e8 

  0x00007fffd56ef238: ; ImmutableOopMap {[216]=Oop [224]=Oop [232]=Oop [240]=Oop }
                      ;*invokespecial <init> {reexecute=0 rethrow=0 return_oop=0}
                      ; - kotlin.jvm.internal.Intrinsics::throwParameterIsNullNPE@8 (line 140)
                      ; - kotlin.jvm.internal.Intrinsics::checkNotNullParameter@5 (line 131)
                      ; - kotlin.ExceptionsKt__ExceptionsKt::addSuppressed@3
                      ; - kotlin.jdk7.AutoCloseableKt::closeFinally@31 (line 48)
                      ; - androidx.room3.EntityInsertAdapter::insert@78 (line 59)
  0x00007fffd56ef238: 4461 6906 

  0x00007fffd56ef23c: ;   {other}
  0x00007fffd56ef23c: 0f1f 8400 | 2c0f 0009 

  0x00007fffd56ef244: ;   {metadata(method data for {method} {0x00007fff7365aa20} 'throwParameterIsNullNPE' '(Ljava/lang/String;)V' in 'kotlin/jvm/internal/Intrinsics')}
  0x00007fffd56ef244: 48be 30e7 | 3776 ff7f | 0000 4883 | 8658 0100 

  0x00007fffd56ef254: ;   {metadata(method data for {method} {0x00007fff7365ba98} 'sanitizeStackTrace' '(Ljava/lang/Throwable;)Ljava/lang/Throwable;' in 'kotlin/jvm/internal/Intrinsics')}
  0x00007fffd56ef254: 0001 48be | 60ee 3776 | ff7f 0000 | 8bbe f400 | 0000 83c7 | 0289 bef4 | 0000 0081 | e7fe ff1f 
  0x00007fffd56ef274: 0085 ff0f | 84cb 0700 

  0x00007fffd56ef27c: ;   {oop(a 'java/lang/Class'{0x00000000e1f99098} = 'kotlin/jvm/internal/Intrinsics')}
  0x00007fffd56ef27c: 0048 be98 | 90f9 e100 | 0000 0048 

  0x00007fffd56ef288: ;   {metadata(method data for {method} {0x00007fff7365ba98} 'sanitizeStackTrace' '(Ljava/lang/Throwable;)Ljava/lang/Throwable;' in 'kotlin/jvm/internal/Intrinsics')}
  0x00007fffd56ef288: 8bfe 48bb | 60ee 3776 | ff7f 0000 | 4883 8338 | 0100 0001 

  0x00007fffd56ef29c: ;   {metadata(method data for {method} {0x00007fff77469620} 'getName' '()Ljava/lang/String;' in 'java/lang/Class')}
  0x00007fffd56ef29c: 48bf 10ff | 0173 ff7f | 0000 8b9f | f400 0000 | 83c3 0289 | 9ff4 0000 | 0081 e3fe | ff1f 0085 
  0x00007fffd56ef2bc: db0f 84a6 | 0700 008b | 762c 4885 

  0x00007fffd56ef2c8: ;   {metadata(method data for {method} {0x00007fff77469620} 'getName' '()Ljava/lang/String;' in 'java/lang/Class')}
  0x00007fffd56ef2c8: f648 bf10 | ff01 73ff | 7f00 0048 | c7c3 3801 | 0000 7407 | 48c7 c348 | 0100 0048 | 8b04 1f48 
  0x00007fffd56ef2e8: 8d40 0148 | 8904 1f0f | 8418 0000 

  0x00007fffd56ef2f4: ;   {metadata(method data for {method} {0x00007fff77469620} 'getName' '()Ljava/lang/String;' in 'java/lang/Class')}
  0x00007fffd56ef2f4: 0048 bf10 | ff01 73ff | 7f00 00ff | 8758 0100 | 0048 8bfe | e932 0000 

  0x00007fffd56ef30c: ;   {oop(a 'java/lang/Class'{0x00000000e1f99098} = 'kotlin/jvm/internal/Intrinsics')}
  0x00007fffd56ef30c: 0048 be98 | 90f9 e100 | 0000 0048 

  0x00007fffd56ef318: ;   {metadata(method data for {method} {0x00007fff77469620} 'getName' '()Ljava/lang/String;' in 'java/lang/Class')}
  0x00007fffd56ef318: 8bfe 48bb | 10ff 0173 | ff7f 0000 | 4883 8370 | 0100 0001 

  0x00007fffd56ef32c: ;   {optimized virtual_call}
  0x00007fffd56ef32c: 6666 90e8 

  0x00007fffd56ef330: ; ImmutableOopMap {[216]=Oop [224]=Oop [232]=Oop [240]=Oop }
                      ;*invokevirtual initClassName {reexecute=0 rethrow=0 return_oop=0}
                      ; - java.lang.Class::getName@14 (line 950)
                      ; - kotlin.jvm.internal.Intrinsics::sanitizeStackTrace@3 (line 253)
                      ; - kotlin.jvm.internal.Intrinsics::throwParameterIsNullNPE@11 (line 140)
                      ; - kotlin.jvm.internal.Intrinsics::checkNotNullParameter@5 (line 131)
                      ; - kotlin.ExceptionsKt__ExceptionsKt::addSuppressed@3
                      ; - kotlin.jdk7.AutoCloseableKt::closeFinally@31 (line 48)
                      ; - androidx.room3.EntityInsertAdapter::insert@78 (line 59)
  0x00007fffd56ef330: 4c60 6906 

  0x00007fffd56ef334: ;   {other}
  0x00007fffd56ef334: 0f1f 8400 | 2410 000a | 488b f848 | 8b84 24e8 | 0000 00e9 | 8804 0000 

  0x00007fffd56ef34c: ;   {metadata(method data for {method} {0x00007fff76e1f6b0} 'addSuppressed' '(Ljava/lang/Throwable;Ljava/lang/Throwable;)V' in 'kotlin/ExceptionsKt__ExceptionsKt')}
  0x00007fffd56ef34c: 48ba 2849 | ec76 ff7f | 0000 4883 | 8248 0100 

  0x00007fffd56ef35c: ;   {metadata(method data for {method} {0x00007fff7365a8a0} 'checkNotNullParameter' '(Ljava/lang/Object;Ljava/lang/String;)V' in 'kotlin/jvm/internal/Intrinsics')}
  0x00007fffd56ef35c: 0001 48ba | 80e5 3776 | ff7f 0000 | 8bb2 f400 | 0000 83c6 | 0289 b2f4 | 0000 0081 | e6fe ff1f 
  0x00007fffd56ef37c: 0085 f60f | 840a 0700 | 0048 85c0 

  0x00007fffd56ef388: ;   {metadata(method data for {method} {0x00007fff7365a8a0} 'checkNotNullParameter' '(Ljava/lang/Object;Ljava/lang/String;)V' in 'kotlin/jvm/internal/Intrinsics')}
  0x00007fffd56ef388: 48ba 80e5 | 3776 ff7f | 0000 48c7 | c638 0100 | 0075 0748 | c7c6 4801 | 0000 488b | 3c32 488d 
  0x00007fffd56ef3a8: 7f01 4889 | 3c32 0f85 | 1002 0000 

  0x00007fffd56ef3b4: ;   {metadata(method data for {method} {0x00007fff7365a8a0} 'checkNotNullParameter' '(Ljava/lang/Object;Ljava/lang/String;)V' in 'kotlin/jvm/internal/Intrinsics')}
  0x00007fffd56ef3b4: 48ba 80e5 | 3776 ff7f | 0000 4883 | 8258 0100 

  0x00007fffd56ef3c4: ;   {metadata(method data for {method} {0x00007fff7365aa20} 'throwParameterIsNullNPE' '(Ljava/lang/String;)V' in 'kotlin/jvm/internal/Intrinsics')}
  0x00007fffd56ef3c4: 0001 48ba | 30e7 3776 | ff7f 0000 | 8bb2 f400 | 0000 83c6 | 0289 b2f4 | 0000 0081 | e6fe ff1f 
  0x00007fffd56ef3e4: 0085 f60f | 84c3 0600 | 0066 6690 

  0x00007fffd56ef3f0: ;   {no_reloc}
  0x00007fffd56ef3f0: e9eb 0600 | 0000 0000 | 0000 498b | 87b8 0100 | 0048 8d78 | 3049 3bbf | c801 0000 | 0f87 d806 
  0x00007fffd56ef410: 0000 4989 | bfb8 0100 | 0048 c700 | 0100 0000 | 488b ca49 | ba00 0000 | 77ff 7f00 | 0049 2bca 
  0x00007fffd56ef430: 8948 0848 | 33c9 8948 | 0c48 33c9 | 4889 4810 | 4889 4818 | 4889 4820 | 4889 4828 

  0x00007fffd56ef44c: ;   {metadata(method data for {method} {0x00007fff7365aa20} 'throwParameterIsNullNPE' '(Ljava/lang/String;)V' in 'kotlin/jvm/internal/Intrinsics')}
  0x00007fffd56ef44c: 48be 30e7 | 3776 ff7f | 0000 4883 | 8638 0100 

  0x00007fffd56ef45c: ;   {oop("exception"{0x00000000e446ae08})}
  0x00007fffd56ef45c: 0001 48be | 08ae 46e4 | 0000 0000 | 4889 8424 | f800 0000 | 0f1f 8000 

  0x00007fffd56ef474: ;   {static_call}
  0x00007fffd56ef474: 0000 00e8 

  0x00007fffd56ef478: ; ImmutableOopMap {[216]=Oop [224]=Oop [240]=Oop [248]=Oop }
                      ;*invokestatic createParameterIsNullExceptionMessage {reexecute=0 rethrow=0 return_oop=0}
                      ; - kotlin.jvm.internal.Intrinsics::throwParameterIsNullNPE@5 (line 140)
                      ; - kotlin.jvm.internal.Intrinsics::checkNotNullParameter@5 (line 131)
                      ; - kotlin.ExceptionsKt__ExceptionsKt::addSuppressed@9
                      ; - kotlin.jdk7.AutoCloseableKt::closeFinally@31 (line 48)
                      ; - androidx.room3.EntityInsertAdapter::insert@78 (line 59)
  0x00007fffd56ef478: 0465 6906 

  0x00007fffd56ef47c: ;   {other}
  0x00007fffd56ef47c: 0f1f 8400 | 6c11 000b | 488b 9424 | f800 0000 

  0x00007fffd56ef48c: ;   {metadata(method data for {method} {0x00007fff7365aa20} 'throwParameterIsNullNPE' '(Ljava/lang/String;)V' in 'kotlin/jvm/internal/Intrinsics')}
  0x00007fffd56ef48c: 48be 30e7 | 3776 ff7f | 0000 4883 | 8648 0100 | 0001 488b | d048 8bb4 | 24f8 0000 | 0066 0f1f 
  0x00007fffd56ef4ac: ;   {optimized virtual_call}
  0x00007fffd56ef4ac: 4400 00e8 

  0x00007fffd56ef4b0: ; ImmutableOopMap {[216]=Oop [224]=Oop [240]=Oop [248]=Oop }
                      ;*invokespecial <init> {reexecute=0 rethrow=0 return_oop=0}
                      ; - kotlin.jvm.internal.Intrinsics::throwParameterIsNullNPE@8 (line 140)
                      ; - kotlin.jvm.internal.Intrinsics::checkNotNullParameter@5 (line 131)
                      ; - kotlin.ExceptionsKt__ExceptionsKt::addSuppressed@9
                      ; - kotlin.jdk7.AutoCloseableKt::closeFinally@31 (line 48)
                      ; - androidx.room3.EntityInsertAdapter::insert@78 (line 59)
  0x00007fffd56ef4b0: cc5e 6906 

  0x00007fffd56ef4b4: ;   {other}
  0x00007fffd56ef4b4: 0f1f 8400 | a411 000c 

  0x00007fffd56ef4bc: ;   {metadata(method data for {method} {0x00007fff7365aa20} 'throwParameterIsNullNPE' '(Ljava/lang/String;)V' in 'kotlin/jvm/internal/Intrinsics')}
  0x00007fffd56ef4bc: 48be 30e7 | 3776 ff7f | 0000 4883 | 8658 0100 

  0x00007fffd56ef4cc: ;   {metadata(method data for {method} {0x00007fff7365ba98} 'sanitizeStackTrace' '(Ljava/lang/Throwable;)Ljava/lang/Throwable;' in 'kotlin/jvm/internal/Intrinsics')}
  0x00007fffd56ef4cc: 0001 48be | 60ee 3776 | ff7f 0000 | 8bbe f400 | 0000 83c7 | 0289 bef4 | 0000 0081 | e7fe ff1f 
  0x00007fffd56ef4ec: 0085 ff0f | 8402 0600 

  0x00007fffd56ef4f4: ;   {oop(a 'java/lang/Class'{0x00000000e1f99098} = 'kotlin/jvm/internal/Intrinsics')}
  0x00007fffd56ef4f4: 0048 be98 | 90f9 e100 | 0000 0048 

  0x00007fffd56ef500: ;   {metadata(method data for {method} {0x00007fff7365ba98} 'sanitizeStackTrace' '(Ljava/lang/Throwable;)Ljava/lang/Throwable;' in 'kotlin/jvm/internal/Intrinsics')}
  0x00007fffd56ef500: 8bfe 48bb | 60ee 3776 | ff7f 0000 | 4883 8338 | 0100 0001 

  0x00007fffd56ef514: ;   {metadata(method data for {method} {0x00007fff77469620} 'getName' '()Ljava/lang/String;' in 'java/lang/Class')}
  0x00007fffd56ef514: 48bf 10ff | 0173 ff7f | 0000 8b9f | f400 0000 | 83c3 0289 | 9ff4 0000 | 0081 e3fe | ff1f 0085 
  0x00007fffd56ef534: db0f 84dd | 0500 008b | 762c 4885 

  0x00007fffd56ef540: ;   {metadata(method data for {method} {0x00007fff77469620} 'getName' '()Ljava/lang/String;' in 'java/lang/Class')}
  0x00007fffd56ef540: f648 bf10 | ff01 73ff | 7f00 0048 | c7c3 3801 | 0000 7407 | 48c7 c348 | 0100 0048 | 8b04 1f48 
  0x00007fffd56ef560: 8d40 0148 | 8904 1f0f | 8418 0000 

  0x00007fffd56ef56c: ;   {metadata(method data for {method} {0x00007fff77469620} 'getName' '()Ljava/lang/String;' in 'java/lang/Class')}
  0x00007fffd56ef56c: 0048 bf10 | ff01 73ff | 7f00 00ff | 8758 0100 | 0048 8bfe | e932 0000 

  0x00007fffd56ef584: ;   {oop(a 'java/lang/Class'{0x00000000e1f99098} = 'kotlin/jvm/internal/Intrinsics')}
  0x00007fffd56ef584: 0048 be98 | 90f9 e100 | 0000 0048 

  0x00007fffd56ef590: ;   {metadata(method data for {method} {0x00007fff77469620} 'getName' '()Ljava/lang/String;' in 'java/lang/Class')}
  0x00007fffd56ef590: 8bfe 48bb | 10ff 0173 | ff7f 0000 | 4883 8370 | 0100 0001 

  0x00007fffd56ef5a4: ;   {optimized virtual_call}
  0x00007fffd56ef5a4: 6666 90e8 

  0x00007fffd56ef5a8: ; ImmutableOopMap {[216]=Oop [224]=Oop [240]=Oop [248]=Oop }
                      ;*invokevirtual initClassName {reexecute=0 rethrow=0 return_oop=0}
                      ; - java.lang.Class::getName@14 (line 950)
                      ; - kotlin.jvm.internal.Intrinsics::sanitizeStackTrace@3 (line 253)
                      ; - kotlin.jvm.internal.Intrinsics::throwParameterIsNullNPE@11 (line 140)
                      ; - kotlin.jvm.internal.Intrinsics::checkNotNullParameter@5 (line 131)
                      ; - kotlin.ExceptionsKt__ExceptionsKt::addSuppressed@9
                      ; - kotlin.jdk7.AutoCloseableKt::closeFinally@31 (line 48)
                      ; - androidx.room3.EntityInsertAdapter::insert@78 (line 59)
  0x00007fffd56ef5a8: d45d 6906 

  0x00007fffd56ef5ac: ;   {other}
  0x00007fffd56ef5ac: 0f1f 8400 | 9c12 000d | 488b f848 | 8b84 24f8 | 0000 00e9 | f500 0000 | 488b 9c24 | e000 0000 
  0x00007fffd56ef5cc: ;   {metadata(method data for {method} {0x00007fff76e1f6b0} 'addSuppressed' '(Ljava/lang/Throwable;Ljava/lang/Throwable;)V' in 'kotlin/ExceptionsKt__ExceptionsKt')}
  0x00007fffd56ef5cc: 483b d848 | ba28 49ec | 76ff 7f00 | 0048 c7c1 | 5801 0000 | 7407 48c7 | c168 0100 | 0048 8b34 
  0x00007fffd56ef5ec: 0a48 8d76 | 0148 8934 | 0a0f 84b1 

  0x00007fffd56ef5f8: ;   {oop(a 'kotlin/internal/jdk8/JDK8PlatformImplementations'{0x00000000e4bd6028})}
  0x00007fffd56ef5f8: 0000 0048 | be28 60bd | e400 0000 | 0048 8bd6 

  0x00007fffd56ef608: ;   {metadata(method data for {method} {0x00007fff76e1f6b0} 'addSuppressed' '(Ljava/lang/Throwable;Ljava/lang/Throwable;)V' in 'kotlin/ExceptionsKt__ExceptionsKt')}
  0x00007fffd56ef608: 48b9 2849 | ec76 ff7f | 0000 8b52 | 0849 ba00 | 0000 77ff | 7f00 0049 | 03d2 483b | 9188 0100 
  0x00007fffd56ef628: 0075 0d48 | 8381 9001 | 0000 01e9 | 6000 0000 | 483b 9198 | 0100 0075 | 0d48 8381 | a001 0000 
  0x00007fffd56ef648: 01e9 4a00 | 0000 4883 | b988 0100 | 0000 7517 | 4889 9188 | 0100 0048 | c781 9001 | 0000 0100 
  0x00007fffd56ef668: 0000 e929 | 0000 0048 | 83b9 9801 | 0000 0075 | 1748 8991 | 9801 0000 | 48c7 81a0 | 0100 0001 
  0x00007fffd56ef688: 0000 00e9 | 0800 0000 | 4883 8178 | 0100 0001 | 488b d348 

  0x00007fffd56ef69c: ;   {optimized virtual_call}
  0x00007fffd56ef69c: 8bc8 90e8 

  0x00007fffd56ef6a0: ; ImmutableOopMap {[216]=Oop }
                      ;*invokevirtual addSuppressed {reexecute=0 rethrow=0 return_oop=0}
                      ; - kotlin.ExceptionsKt__ExceptionsKt::addSuppressed@22 (line 70)
                      ; - kotlin.jdk7.AutoCloseableKt::closeFinally@31 (line 48)
                      ; - androidx.room3.EntityInsertAdapter::insert@78 (line 59)
  0x00007fffd56ef6a0: f905 0000 

  0x00007fffd56ef6a4: ;   {other}
  0x00007fffd56ef6a4: 0f1f 8400 | 9413 000e | 488b 8424 | d800 0000 | e95b 0500 

  0x00007fffd56ef6b8: ;   {metadata(method data for {method} {0x00007fff7365ba98} 'sanitizeStackTrace' '(Ljava/lang/Throwable;)Ljava/lang/Throwable;' in 'kotlin/jvm/internal/Intrinsics')}
  0x00007fffd56ef6b8: 0048 be60 | ee37 76ff | 7f00 0048 | 8386 7001 | 0000 0148 | 8bf0 488b | d766 0f1f 

  0x00007fffd56ef6d4: ;   {static_call}
  0x00007fffd56ef6d4: 4400 00e8 

  0x00007fffd56ef6d8: ; ImmutableOopMap {[216]=Oop [224]=Oop [240]=Oop }
                      ;*invokestatic sanitizeStackTrace {reexecute=0 rethrow=0 return_oop=0}
                      ; - kotlin.jvm.internal.Intrinsics::sanitizeStackTrace@6 (line 253)
                      ; - kotlin.jvm.internal.Intrinsics::throwParameterIsNullNPE@11 (line 140)
                      ; - kotlin.jvm.internal.Intrinsics::checkNotNullParameter@5 (line 131)
                      ; - kotlin.ExceptionsKt__ExceptionsKt::addSuppressed@9
                      ; - kotlin.jdk7.AutoCloseableKt::closeFinally@31 (line 48)
                      ; - androidx.room3.EntityInsertAdapter::insert@78 (line 59)
  0x00007fffd56ef6d8: a462 6906 

  0x00007fffd56ef6dc: ;   {other}
  0x00007fffd56ef6dc: 0f1f 8400 | cc13 000f | 4885 c075 

  0x00007fffd56ef6e8: ;   {metadata(method data for {method} {0x00007fff7365aa20} 'throwParameterIsNullNPE' '(Ljava/lang/String;)V' in 'kotlin/jvm/internal/Intrinsics')}
  0x00007fffd56ef6e8: 1648 ba30 | e737 76ff | 7f00 0080 | 8a61 0100 | 0001 e9cd 

  0x00007fffd56ef6fc: ;   {metadata('java/lang/NullPointerException')}
  0x00007fffd56ef6fc: 0000 0048 | bf80 c106 | 77ff 7f00 | 008b 5008 | 49ba 0000 | 0077 ff7f | 0000 4903 | d248 3b7a 
  0x00007fffd56ef71c: 500f 858d 

  0x00007fffd56ef720: ;   {metadata(method data for {method} {0x00007fff7365aa20} 'throwParameterIsNullNPE' '(Ljava/lang/String;)V' in 'kotlin/jvm/internal/Intrinsics')}
  0x00007fffd56ef720: 0000 0048 | ba30 e737 | 76ff 7f00 | 008b 7808 | 49ba 0000 | 0077 ff7f | 0000 4903 | fa48 3bba 
  0x00007fffd56ef740: 7801 0000 | 750d 4883 | 8280 0100 | 0001 e979 | 0000 0048 | 3bba 8801 | 0000 750d | 4883 8290 
  0x00007fffd56ef760: 0100 0001 | e963 0000 | 0048 83ba | 7801 0000 | 0075 1748 | 89ba 7801 | 0000 48c7 | 8280 0100 
  0x00007fffd56ef780: 0001 0000 | 00e9 4200 | 0000 4883 | ba88 0100 | 0000 7517 | 4889 ba88 | 0100 0048 | c782 9001 
  0x00007fffd56ef7a0: 0000 0100 | 0000 e921 | 0000 00e9 | 1c00 0000 

  0x00007fffd56ef7b0: ;   {metadata(method data for {method} {0x00007fff7365aa20} 'throwParameterIsNullNPE' '(Ljava/lang/String;)V' in 'kotlin/jvm/internal/Intrinsics')}
  0x00007fffd56ef7b0: 48ba 30e7 | 3776 ff7f | 0000 4883 | aa68 0100 | 0001 e977 | 0300 00e9 | 0000 0000 

  0x00007fffd56ef7cc: ; implicit exception: dispatches to 0x00007fffd56efb47
  0x00007fffd56ef7cc: 483b 00e9 | 4004 0000 

  0x00007fffd56ef7d4: ;   {metadata(method data for {method} {0x00007fff7365ba98} 'sanitizeStackTrace' '(Ljava/lang/Throwable;)Ljava/lang/Throwable;' in 'kotlin/jvm/internal/Intrinsics')}
  0x00007fffd56ef7d4: 48be 60ee | 3776 ff7f | 0000 4883 | 8670 0100 | 0001 488b | f048 8bd7 

  0x00007fffd56ef7ec: ;   {static_call}
  0x00007fffd56ef7ec: 6666 90e8 

  0x00007fffd56ef7f0: ; ImmutableOopMap {[216]=Oop [224]=Oop [240]=Oop }
                      ;*invokestatic sanitizeStackTrace {reexecute=0 rethrow=0 return_oop=0}
                      ; - kotlin.jvm.internal.Intrinsics::sanitizeStackTrace@6 (line 253)
                      ; - kotlin.jvm.internal.Intrinsics::throwParameterIsNullNPE@11 (line 140)
                      ; - kotlin.jvm.internal.Intrinsics::checkNotNullParameter@5 (line 131)
                      ; - kotlin.ExceptionsKt__ExceptionsKt::addSuppressed@3
                      ; - kotlin.jdk7.AutoCloseableKt::closeFinally@31 (line 48)
                      ; - androidx.room3.EntityInsertAdapter::insert@78 (line 59)
  0x00007fffd56ef7f0: 8c61 6906 

  0x00007fffd56ef7f4: ;   {other}
  0x00007fffd56ef7f4: 0f1f 8400 | e414 0010 | 488b b424 | f000 0000 | 488b bc24 | d800 0000 | 488b 9c24 | e000 0000 
  0x00007fffd56ef814: 4885 c075 

  0x00007fffd56ef818: ;   {metadata(method data for {method} {0x00007fff7365aa20} 'throwParameterIsNullNPE' '(Ljava/lang/String;)V' in 'kotlin/jvm/internal/Intrinsics')}
  0x00007fffd56ef818: 1648 b930 | e737 76ff | 7f00 0080 | 8961 0100 | 0001 e9ce 

  0x00007fffd56ef82c: ;   {metadata('java/lang/NullPointerException')}
  0x00007fffd56ef82c: 0000 0049 | b880 c106 | 77ff 7f00 | 008b 4808 | 49ba 0000 | 0077 ff7f | 0000 4903 | ca4c 3b41 
  0x00007fffd56ef84c: 500f 858e 

  0x00007fffd56ef850: ;   {metadata(method data for {method} {0x00007fff7365aa20} 'throwParameterIsNullNPE' '(Ljava/lang/String;)V' in 'kotlin/jvm/internal/Intrinsics')}
  0x00007fffd56ef850: 0000 0048 | b930 e737 | 76ff 7f00 | 0044 8b40 | 0849 ba00 | 0000 77ff | 7f00 004d | 03c2 4c3b 
  0x00007fffd56ef870: 8178 0100 | 0075 0d48 | 8381 8001 | 0000 01e9 | 7900 0000 | 4c3b 8188 | 0100 0075 | 0d48 8381 
  0x00007fffd56ef890: 9001 0000 | 01e9 6300 | 0000 4883 | b978 0100 | 0000 7517 | 4c89 8178 | 0100 0048 | c781 8001 
  0x00007fffd56ef8b0: 0000 0100 | 0000 e942 | 0000 0048 | 83b9 8801 | 0000 0075 | 174c 8981 | 8801 0000 | 48c7 8190 
  0x00007fffd56ef8d0: 0100 0001 | 0000 00e9 | 2100 0000 | e91c 0000 

  0x00007fffd56ef8e0: ;   {metadata(method data for {method} {0x00007fff7365aa20} 'throwParameterIsNullNPE' '(Ljava/lang/String;)V' in 'kotlin/jvm/internal/Intrinsics')}
  0x00007fffd56ef8e0: 0048 b930 | e737 76ff | 7f00 0048 | 83a9 6801 | 0000 01e9 | 5402 0000 | e900 0000 | 0048 3b00 
  0x00007fffd56ef900: e90f 0300 

  0x00007fffd56ef904: ;   {metadata({method} {0x00007fff765c1fa8} 'insert' '(Landroidx/sqlite/SQLiteConnection;Ljava/lang/Object;Lkotlin/coroutines/Continuation;)Ljava/lang/Object;' in 'androidx/room3/EntityInsertAdapter')}
  0x00007fffd56ef904: 0049 baa8 | 1f5c 76ff | 7f00 004c | 8954 2408 | 48c7 0424 | ffff ffff 

  0x00007fffd56ef91c: ;   {runtime_call counter_overflow Runtime1 stub}
  0x00007fffd56ef91c: e8df bf75 

  0x00007fffd56ef920: ; ImmutableOopMap {rsi=Oop rdx=Oop rcx=Oop r8=Oop }
                      ;*synchronization entry
                      ; - androidx.room3.EntityInsertAdapter::insert@-1 (line 58)
  0x00007fffd56ef920: 06e9 e0ed 

  0x00007fffd56ef924: ;   {runtime_call throw_null_pointer_exception Runtime1 stub}
  0x00007fffd56ef924: ffff e8d5 

  0x00007fffd56ef928: ; ImmutableOopMap {rax=Oop rsi=Oop [184]=Oop [192]=Oop }
                      ;*invokeinterface prepare {reexecute=0 rethrow=0 return_oop=0}
                      ; - androidx.room3.EntityInsertAdapter::insert@13 (line 59)
  0x00007fffd56ef928: 4c75 0648 

  0x00007fffd56ef92c: ;   {runtime_call throw_class_cast_exception Runtime1 stub}
  0x00007fffd56ef92c: 8904 24e8 

  0x00007fffd56ef930: ; ImmutableOopMap {[184]=Oop [192]=Oop }
                      ;*checkcast {reexecute=0 rethrow=0 return_oop=0}
                      ; - androidx.room3.EntityInsertAdapter::insert@18 (line 59)
  0x00007fffd56ef930: cc82 7506 | 4889 3c24 

  0x00007fffd56ef938: ;   {runtime_call throw_class_cast_exception Runtime1 stub}
  0x00007fffd56ef938: e8c3 8275 

  0x00007fffd56ef93c: ; ImmutableOopMap {rdi=Oop rcx=Oop rsi=Oop }
                      ;*checkcast {reexecute=0 rethrow=0 return_oop=0}
                      ; - androidx.room3.EntityInsertAdapter::insert@29 (line 59)
                      ;   {runtime_call throw_null_pointer_exception Runtime1 stub}
  0x00007fffd56ef93c: 06e8 be4c 

  0x00007fffd56ef940: ; ImmutableOopMap {rbx=Oop [208]=Oop }
                      ;*invokeinterface step {reexecute=0 rethrow=0 return_oop=0}
                      ; - androidx.room3.EntityInsertAdapter::insert@46 (line 61)
                      ;   {metadata({method} {0x00007fff76610708} 'closeFinally' '(Ljava/lang/AutoCloseable;Ljava/lang/Throwable;)V' in 'kotlin/jdk7/AutoCloseableKt')}
  0x00007fffd56ef940: 7506 49ba | 0807 6176 | ff7f 0000 | 4c89 5424 | 0848 c704 | 24ff ffff 

  0x00007fffd56ef958: ;   {runtime_call counter_overflow Runtime1 stub}
  0x00007fffd56ef958: ffe8 a2bf 

  0x00007fffd56ef95c: ; ImmutableOopMap {rdi=Oop }
                      ;*synchronization entry
                      ; - kotlin.jdk7.AutoCloseableKt::closeFinally@-1 (line 41)
                      ; - androidx.room3.EntityInsertAdapter::insert@57 (line 59)
  0x00007fffd56ef95c: 7506 e932 

  0x00007fffd56ef960: ;   {runtime_call throw_null_pointer_exception Runtime1 stub}
  0x00007fffd56ef960: f3ff ffe8 

  0x00007fffd56ef964: ; ImmutableOopMap {rdi=Oop }
                      ;*invokeinterface close {reexecute=0 rethrow=0 return_oop=0}
                      ; - kotlin.jdk7.AutoCloseableKt::closeFinally@10 (line 43)
                      ; - androidx.room3.EntityInsertAdapter::insert@57 (line 59)
  0x00007fffd56ef964: 984c 7506 

  0x00007fffd56ef968: ;   {internal_word}
  0x00007fffd56ef968: 49ba b6ed | 6ed5 ff7f | 0000 4d89 | 9768 0400 

  0x00007fffd56ef978: ;   {runtime_call SafepointBlob}
  0x00007fffd56ef978: 00e9 82c6 

  0x00007fffd56ef97c: ;   {internal_word}
  0x00007fffd56ef97c: 6906 49ba | d6ed 6ed5 | ff7f 0000 | 4d89 9768 

  0x00007fffd56ef98c: ;   {runtime_call SafepointBlob}
  0x00007fffd56ef98c: 0400 00e9 | 6cc6 6906 

  0x00007fffd56ef994: ;   {metadata({method} {0x00007fff76610708} 'closeFinally' '(Ljava/lang/AutoCloseable;Ljava/lang/Throwable;)V' in 'kotlin/jdk7/AutoCloseableKt')}
  0x00007fffd56ef994: 49ba 0807 | 6176 ff7f | 0000 4c89 | 5424 0848 | c704 24ff 

  0x00007fffd56ef9a8: ;   {runtime_call counter_overflow Runtime1 stub}
  0x00007fffd56ef9a8: ffff ffe8 

  0x00007fffd56ef9ac: ; ImmutableOopMap {rdi=Oop rbx=Oop rax=Oop }
                      ;*synchronization entry
                      ; - kotlin.jdk7.AutoCloseableKt::closeFinally@-1 (line 41)
                      ; - androidx.room3.EntityInsertAdapter::insert@78 (line 59)
  0x00007fffd56ef9ac: 50bf 7506 | e9b4 f4ff 

  0x00007fffd56ef9b4: ;   {runtime_call throw_null_pointer_exception Runtime1 stub}
  0x00007fffd56ef9b4: ffe8 464c 

  0x00007fffd56ef9b8: ; ImmutableOopMap {rdi=Oop [216]=Oop }
                      ;*invokeinterface close {reexecute=0 rethrow=0 return_oop=0}
                      ; - kotlin.jdk7.AutoCloseableKt::closeFinally@10 (line 43)
                      ; - androidx.room3.EntityInsertAdapter::insert@78 (line 59)
                      ;   {runtime_call throw_null_pointer_exception Runtime1 stub}
  0x00007fffd56ef9b8: 7506 e841 

  0x00007fffd56ef9bc: ; ImmutableOopMap {rdi=Oop [216]=Oop [224]=Oop }
                      ;*invokeinterface close {reexecute=0 rethrow=0 return_oop=0}
                      ; - kotlin.jdk7.AutoCloseableKt::closeFinally@20 (line 46)
                      ; - androidx.room3.EntityInsertAdapter::insert@78 (line 59)
                      ;   {metadata({method} {0x00007fff76e1f6b0} 'addSuppressed' '(Ljava/lang/Throwable;Ljava/lang/Throwable;)V' in 'kotlin/ExceptionsKt__ExceptionsKt')}
  0x00007fffd56ef9bc: 4c75 0649 | bab0 f6e1 | 76ff 7f00 | 004c 8954 | 2408 48c7 | 0424 ffff 

  0x00007fffd56ef9d4: ;   {runtime_call counter_overflow Runtime1 stub}
  0x00007fffd56ef9d4: ffff e825 

  0x00007fffd56ef9d8: ; ImmutableOopMap {rbx=Oop rax=Oop [216]=Oop [240]=Oop }
                      ;*synchronization entry
                      ; - kotlin.ExceptionsKt__ExceptionsKt::addSuppressed@-1
                      ; - kotlin.jdk7.AutoCloseableKt::closeFinally@31 (line 48)
                      ; - androidx.room3.EntityInsertAdapter::insert@78 (line 59)
  0x00007fffd56ef9d8: bf75 06e9 | edf6 ffff 

  0x00007fffd56ef9e0: ;   {metadata({method} {0x00007fff7365a8a0} 'checkNotNullParameter' '(Ljava/lang/Object;Ljava/lang/String;)V' in 'kotlin/jvm/internal/Intrinsics')}
  0x00007fffd56ef9e0: 49ba a0a8 | 6573 ff7f | 0000 4c89 | 5424 0848 | c704 24ff 

  0x00007fffd56ef9f4: ;   {runtime_call counter_overflow Runtime1 stub}
  0x00007fffd56ef9f4: ffff ffe8 

  0x00007fffd56ef9f8: ; ImmutableOopMap {rbx=Oop rax=Oop [216]=Oop [240]=Oop }
                      ;*synchronization entry
                      ; - kotlin.jvm.internal.Intrinsics::checkNotNullParameter@-1 (line 130)
                      ; - kotlin.ExceptionsKt__ExceptionsKt::addSuppressed@3
                      ; - kotlin.jdk7.AutoCloseableKt::closeFinally@31 (line 48)
                      ; - androidx.room3.EntityInsertAdapter::insert@78 (line 59)
  0x00007fffd56ef9f8: 04bf 7506 | e905 f7ff 

  0x00007fffd56efa00: ;   {metadata({method} {0x00007fff7365aa20} 'throwParameterIsNullNPE' '(Ljava/lang/String;)V' in 'kotlin/jvm/internal/Intrinsics')}
  0x00007fffd56efa00: ff49 ba20 | aa65 73ff | 7f00 004c | 8954 2408 | 48c7 0424 | ffff ffff 

  0x00007fffd56efa18: ;   {runtime_call counter_overflow Runtime1 stub}
  0x00007fffd56efa18: e8e3 be75 

  0x00007fffd56efa1c: ; ImmutableOopMap {[216]=Oop [224]=Oop [240]=Oop }
                      ;*synchronization entry
                      ; - kotlin.jvm.internal.Intrinsics::throwParameterIsNullNPE@-1 (line 140)
                      ; - kotlin.jvm.internal.Intrinsics::checkNotNullParameter@5 (line 131)
                      ; - kotlin.ExceptionsKt__ExceptionsKt::addSuppressed@3
                      ; - kotlin.jdk7.AutoCloseableKt::closeFinally@31 (line 48)
                      ; - androidx.room3.EntityInsertAdapter::insert@78 (line 59)
  0x00007fffd56efa1c: 06e9 54f7 

  0x00007fffd56efa20: ;   {metadata(nullptr)}
  0x00007fffd56efa20: ffff 48ba | 0000 0000 | 0000 0000 | b800 0f05 

  0x00007fffd56efa30: ;   {runtime_call load_klass_patching Runtime1 stub}
  0x00007fffd56efa30: 0ae8 caaf 

  0x00007fffd56efa34: ; ImmutableOopMap {[216]=Oop [224]=Oop [240]=Oop }
                      ;*new {reexecute=1 rethrow=0 return_oop=0}
                      ; - (reexecute) kotlin.jvm.internal.Intrinsics::throwParameterIsNullNPE@0 (line 140)
                      ; - kotlin.jvm.internal.Intrinsics::checkNotNullParameter@5 (line 131)
                      ; - kotlin.ExceptionsKt__ExceptionsKt::addSuppressed@3
                      ; - kotlin.jdk7.AutoCloseableKt::closeFinally@31 (line 48)
                      ; - androidx.room3.EntityInsertAdapter::insert@78 (line 59)
  0x00007fffd56efa34: 7506 e93d | f7ff ff48 

  0x00007fffd56efa3c: ;   {runtime_call fast_new_instance Runtime1 stub}
  0x00007fffd56efa3c: 8bd2 e83d 

  0x00007fffd56efa40: ; ImmutableOopMap {[216]=Oop [224]=Oop [240]=Oop }
                      ;*new {reexecute=0 rethrow=0 return_oop=0}
                      ; - kotlin.jvm.internal.Intrinsics::throwParameterIsNullNPE@0 (line 140)
                      ; - kotlin.jvm.internal.Intrinsics::checkNotNullParameter@5 (line 131)
                      ; - kotlin.ExceptionsKt__ExceptionsKt::addSuppressed@3
                      ; - kotlin.jdk7.AutoCloseableKt::closeFinally@31 (line 48)
                      ; - androidx.room3.EntityInsertAdapter::insert@78 (line 59)
  0x00007fffd56efa40: 6275 06e9 | 8cf7 ffff 

  0x00007fffd56efa48: ;   {metadata({method} {0x00007fff7365ba98} 'sanitizeStackTrace' '(Ljava/lang/Throwable;)Ljava/lang/Throwable;' in 'kotlin/jvm/internal/Intrinsics')}
  0x00007fffd56efa48: 49ba 98ba | 6573 ff7f | 0000 4c89 | 5424 0848 | c704 24ff 

  0x00007fffd56efa5c: ;   {runtime_call counter_overflow Runtime1 stub}
  0x00007fffd56efa5c: ffff ffe8 

  0x00007fffd56efa60: ; ImmutableOopMap {[216]=Oop [224]=Oop [232]=Oop [240]=Oop }
                      ;*synchronization entry
                      ; - kotlin.jvm.internal.Intrinsics::sanitizeStackTrace@-1 (line 253)
                      ; - kotlin.jvm.internal.Intrinsics::throwParameterIsNullNPE@11 (line 140)
                      ; - kotlin.jvm.internal.Intrinsics::checkNotNullParameter@5 (line 131)
                      ; - kotlin.ExceptionsKt__ExceptionsKt::addSuppressed@3
                      ; - kotlin.jdk7.AutoCloseableKt::closeFinally@31 (line 48)
                      ; - androidx.room3.EntityInsertAdapter::insert@78 (line 59)
  0x00007fffd56efa60: 9cbe 7506 | e914 f8ff 

  0x00007fffd56efa68: ;   {metadata({method} {0x00007fff77469620} 'getName' '()Ljava/lang/String;' in 'java/lang/Class')}
  0x00007fffd56efa68: ff49 ba20 | 9646 77ff | 7f00 004c | 8954 2408 | 48c7 0424 | ffff ffff 

  0x00007fffd56efa80: ;   {runtime_call counter_overflow Runtime1 stub}
  0x00007fffd56efa80: e87b be75 

  0x00007fffd56efa84: ; ImmutableOopMap {rsi=Oop [216]=Oop [224]=Oop [232]=Oop [240]=Oop }
                      ;*synchronization entry
                      ; - java.lang.Class::getName@-1 (line 949)
                      ; - kotlin.jvm.internal.Intrinsics::sanitizeStackTrace@3 (line 253)
                      ; - kotlin.jvm.internal.Intrinsics::throwParameterIsNullNPE@11 (line 140)
                      ; - kotlin.jvm.internal.Intrinsics::checkNotNullParameter@5 (line 131)
                      ; - kotlin.ExceptionsKt__ExceptionsKt::addSuppressed@3
                      ; - kotlin.jdk7.AutoCloseableKt::closeFinally@31 (line 48)
                      ; - androidx.room3.EntityInsertAdapter::insert@78 (line 59)
  0x00007fffd56efa84: 06e9 39f8 

  0x00007fffd56efa88: ;   {runtime_call throw_null_pointer_exception Runtime1 stub}
  0x00007fffd56efa88: ffff e871 

  0x00007fffd56efa8c: ; ImmutableOopMap {[216]=Oop [224]=Oop [232]=Oop [240]=Oop }
                      ;*getfield name {reexecute=1 rethrow=0 return_oop=0}
                      ; - (reexecute) java.lang.Class::getName@1 (line 949)
                      ; - kotlin.jvm.internal.Intrinsics::sanitizeStackTrace@3 (line 253)
                      ; - kotlin.jvm.internal.Intrinsics::throwParameterIsNullNPE@11 (line 140)
                      ; - kotlin.jvm.internal.Intrinsics::checkNotNullParameter@5 (line 131)
                      ; - kotlin.ExceptionsKt__ExceptionsKt::addSuppressed@3
                      ; - kotlin.jdk7.AutoCloseableKt::closeFinally@31 (line 48)
                      ; - androidx.room3.EntityInsertAdapter::insert@78 (line 59)
                      ;   {metadata({method} {0x00007fff7365a8a0} 'checkNotNullParameter' '(Ljava/lang/Object;Ljava/lang/String;)V' in 'kotlin/jvm/internal/Intrinsics')}
  0x00007fffd56efa8c: 4b75 0649 | baa0 a865 | 73ff 7f00 | 004c 8954 | 2408 48c7 | 0424 ffff 

  0x00007fffd56efaa4: ;   {runtime_call counter_overflow Runtime1 stub}
  0x00007fffd56efaa4: ffff e855 

  0x00007fffd56efaa8: ; ImmutableOopMap {rax=Oop [216]=Oop [224]=Oop [240]=Oop }
                      ;*synchronization entry
                      ; - kotlin.jvm.internal.Intrinsics::checkNotNullParameter@-1 (line 130)
                      ; - kotlin.ExceptionsKt__ExceptionsKt::addSuppressed@9
                      ; - kotlin.jdk7.AutoCloseableKt::closeFinally@31 (line 48)
                      ; - androidx.room3.EntityInsertAdapter::insert@78 (line 59)
  0x00007fffd56efaa8: be75 06e9 | d5f8 ffff 

  0x00007fffd56efab0: ;   {metadata({method} {0x00007fff7365aa20} 'throwParameterIsNullNPE' '(Ljava/lang/String;)V' in 'kotlin/jvm/internal/Intrinsics')}
  0x00007fffd56efab0: 49ba 20aa | 6573 ff7f | 0000 4c89 | 5424 0848 | c704 24ff 

  0x00007fffd56efac4: ;   {runtime_call counter_overflow Runtime1 stub}
  0x00007fffd56efac4: ffff ffe8 

  0x00007fffd56efac8: ; ImmutableOopMap {[216]=Oop [224]=Oop [240]=Oop }
                      ;*synchronization entry
                      ; - kotlin.jvm.internal.Intrinsics::throwParameterIsNullNPE@-1 (line 140)
                      ; - kotlin.jvm.internal.Intrinsics::checkNotNullParameter@5 (line 131)
                      ; - kotlin.ExceptionsKt__ExceptionsKt::addSuppressed@9
                      ; - kotlin.jdk7.AutoCloseableKt::closeFinally@31 (line 48)
                      ; - androidx.room3.EntityInsertAdapter::insert@78 (line 59)
  0x00007fffd56efac8: 34be 7506 | e91c f9ff 

  0x00007fffd56efad0: ;   {metadata(nullptr)}
  0x00007fffd56efad0: ff48 ba00 | 0000 0000 | 0000 00b8 | 000f 050a 

  0x00007fffd56efae0: ;   {runtime_call load_klass_patching Runtime1 stub}
  0x00007fffd56efae0: e81b af75 

  0x00007fffd56efae4: ; ImmutableOopMap {[216]=Oop [224]=Oop [240]=Oop }
                      ;*new {reexecute=1 rethrow=0 return_oop=0}
                      ; - (reexecute) kotlin.jvm.internal.Intrinsics::throwParameterIsNullNPE@0 (line 140)
                      ; - kotlin.jvm.internal.Intrinsics::checkNotNullParameter@5 (line 131)
                      ; - kotlin.ExceptionsKt__ExceptionsKt::addSuppressed@9
                      ; - kotlin.jdk7.AutoCloseableKt::closeFinally@31 (line 48)
                      ; - androidx.room3.EntityInsertAdapter::insert@78 (line 59)
  0x00007fffd56efae4: 06e9 06f9 | ffff 488b 

  0x00007fffd56efaec: ;   {runtime_call fast_new_instance Runtime1 stub}
  0x00007fffd56efaec: d2e8 8e61 

  0x00007fffd56efaf0: ; ImmutableOopMap {[216]=Oop [224]=Oop [240]=Oop }
                      ;*new {reexecute=0 rethrow=0 return_oop=0}
                      ; - kotlin.jvm.internal.Intrinsics::throwParameterIsNullNPE@0 (line 140)
                      ; - kotlin.jvm.internal.Intrinsics::checkNotNullParameter@5 (line 131)
                      ; - kotlin.ExceptionsKt__ExceptionsKt::addSuppressed@9
                      ; - kotlin.jdk7.AutoCloseableKt::closeFinally@31 (line 48)
                      ; - androidx.room3.EntityInsertAdapter::insert@78 (line 59)
  0x00007fffd56efaf0: 7506 e955 

  0x00007fffd56efaf4: ;   {metadata({method} {0x00007fff7365ba98} 'sanitizeStackTrace' '(Ljava/lang/Throwable;)Ljava/lang/Throwable;' in 'kotlin/jvm/internal/Intrinsics')}
  0x00007fffd56efaf4: f9ff ff49 | ba98 ba65 | 73ff 7f00 | 004c 8954 | 2408 48c7 | 0424 ffff 

  0x00007fffd56efb0c: ;   {runtime_call counter_overflow Runtime1 stub}
  0x00007fffd56efb0c: ffff e8ed 

  0x00007fffd56efb10: ; ImmutableOopMap {[216]=Oop [224]=Oop [240]=Oop [248]=Oop }
                      ;*synchronization entry
                      ; - kotlin.jvm.internal.Intrinsics::sanitizeStackTrace@-1 (line 253)
                      ; - kotlin.jvm.internal.Intrinsics::throwParameterIsNullNPE@11 (line 140)
                      ; - kotlin.jvm.internal.Intrinsics::checkNotNullParameter@5 (line 131)
                      ; - kotlin.ExceptionsKt__ExceptionsKt::addSuppressed@9
                      ; - kotlin.jdk7.AutoCloseableKt::closeFinally@31 (line 48)
                      ; - androidx.room3.EntityInsertAdapter::insert@78 (line 59)
  0x00007fffd56efb10: bd75 06e9 | ddf9 ffff 

  0x00007fffd56efb18: ;   {metadata({method} {0x00007fff77469620} 'getName' '()Ljava/lang/String;' in 'java/lang/Class')}
  0x00007fffd56efb18: 49ba 2096 | 4677 ff7f | 0000 4c89 | 5424 0848 | c704 24ff 

  0x00007fffd56efb2c: ;   {runtime_call counter_overflow Runtime1 stub}
  0x00007fffd56efb2c: ffff ffe8 

  0x00007fffd56efb30: ; ImmutableOopMap {rsi=Oop [216]=Oop [224]=Oop [240]=Oop [248]=Oop }
                      ;*synchronization entry
                      ; - java.lang.Class::getName@-1 (line 949)
                      ; - kotlin.jvm.internal.Intrinsics::sanitizeStackTrace@3 (line 253)
                      ; - kotlin.jvm.internal.Intrinsics::throwParameterIsNullNPE@11 (line 140)
                      ; - kotlin.jvm.internal.Intrinsics::checkNotNullParameter@5 (line 131)
                      ; - kotlin.ExceptionsKt__ExceptionsKt::addSuppressed@9
                      ; - kotlin.jdk7.AutoCloseableKt::closeFinally@31 (line 48)
                      ; - androidx.room3.EntityInsertAdapter::insert@78 (line 59)
  0x00007fffd56efb30: ccbd 7506 | e902 faff 

  0x00007fffd56efb38: ;   {runtime_call throw_null_pointer_exception Runtime1 stub}
  0x00007fffd56efb38: ffe8 c24a 

  0x00007fffd56efb3c: ; ImmutableOopMap {[216]=Oop [224]=Oop [240]=Oop [248]=Oop }
                      ;*getfield name {reexecute=1 rethrow=0 return_oop=0}
                      ; - (reexecute) java.lang.Class::getName@1 (line 949)
                      ; - kotlin.jvm.internal.Intrinsics::sanitizeStackTrace@3 (line 253)
                      ; - kotlin.jvm.internal.Intrinsics::throwParameterIsNullNPE@11 (line 140)
                      ; - kotlin.jvm.internal.Intrinsics::checkNotNullParameter@5 (line 131)
                      ; - kotlin.ExceptionsKt__ExceptionsKt::addSuppressed@9
                      ; - kotlin.jdk7.AutoCloseableKt::closeFinally@31 (line 48)
                      ; - androidx.room3.EntityInsertAdapter::insert@78 (line 59)
  0x00007fffd56efb3c: 7506 4889 

  0x00007fffd56efb40: ;   {runtime_call throw_class_cast_exception Runtime1 stub}
  0x00007fffd56efb40: 0424 e8b9 

  0x00007fffd56efb44: ; ImmutableOopMap {[216]=Oop [224]=Oop [240]=Oop }
                      ;*checkcast {reexecute=0 rethrow=0 return_oop=0}
                      ; - kotlin.jvm.internal.Intrinsics::throwParameterIsNullNPE@14 (line 140)
                      ; - kotlin.jvm.internal.Intrinsics::checkNotNullParameter@5 (line 131)
                      ; - kotlin.ExceptionsKt__ExceptionsKt::addSuppressed@9
                      ; - kotlin.jdk7.AutoCloseableKt::closeFinally@31 (line 48)
                      ; - androidx.room3.EntityInsertAdapter::insert@78 (line 59)
                      ;   {runtime_call throw_null_pointer_exception Runtime1 stub}
  0x00007fffd56efb44: 8075 06e8 

  0x00007fffd56efb48: ; ImmutableOopMap {rax=Oop [216]=Oop [224]=Oop [240]=Oop }
                      ;*athrow {reexecute=1 rethrow=0 return_oop=0}
                      ; - (reexecute) kotlin.jvm.internal.Intrinsics::throwParameterIsNullNPE@17 (line 140)
                      ; - kotlin.jvm.internal.Intrinsics::checkNotNullParameter@5 (line 131)
                      ; - kotlin.ExceptionsKt__ExceptionsKt::addSuppressed@9
                      ; - kotlin.jdk7.AutoCloseableKt::closeFinally@31 (line 48)
                      ; - androidx.room3.EntityInsertAdapter::insert@78 (line 59)
  0x00007fffd56efb48: b44a 7506 | 4889 0424 

  0x00007fffd56efb50: ;   {runtime_call throw_class_cast_exception Runtime1 stub}
  0x00007fffd56efb50: e8ab 8075 

  0x00007fffd56efb54: ; ImmutableOopMap {rbx=Oop rsi=Oop rdi=Oop [240]=Oop }
                      ;*checkcast {reexecute=0 rethrow=0 return_oop=0}
                      ; - kotlin.jvm.internal.Intrinsics::throwParameterIsNullNPE@14 (line 140)
                      ; - kotlin.jvm.internal.Intrinsics::checkNotNullParameter@5 (line 131)
                      ; - kotlin.ExceptionsKt__ExceptionsKt::addSuppressed@3
                      ; - kotlin.jdk7.AutoCloseableKt::closeFinally@31 (line 48)
                      ; - androidx.room3.EntityInsertAdapter::insert@78 (line 59)
                      ;   {runtime_call throw_null_pointer_exception Runtime1 stub}
  0x00007fffd56efb54: 06e8 a64a 

  0x00007fffd56efb58: ; ImmutableOopMap {rbx=Oop rsi=Oop rdi=Oop rax=Oop [240]=Oop }
                      ;*athrow {reexecute=1 rethrow=0 return_oop=0}
                      ; - (reexecute) kotlin.jvm.internal.Intrinsics::throwParameterIsNullNPE@17 (line 140)
                      ; - kotlin.jvm.internal.Intrinsics::checkNotNullParameter@5 (line 131)
                      ; - kotlin.ExceptionsKt__ExceptionsKt::addSuppressed@3
                      ; - kotlin.jdk7.AutoCloseableKt::closeFinally@31 (line 48)
                      ; - androidx.room3.EntityInsertAdapter::insert@78 (line 59)
  0x00007fffd56efb58: 7506 488b | bc24 d000 | 0000 e97d 

  0x00007fffd56efb64: ;   {oop(nullptr)}
  0x00007fffd56efb64: f2ff ff48 | bb00 0000 | 0000 0000 | 0048 8bbc | 24d0 0000 | 00e9 97f2 | ffff 488b | bc24 d000 
  0x00007fffd56efb84: 0000 e959 

  0x00007fffd56efb88: ;   {oop(nullptr)}
  0x00007fffd56efb88: f2ff ff48 | bb00 0000 | 0000 0000 | 0048 8bbc | 24d0 0000 | 00e9 73f2 | ffff 488b | dee9 6bf2 
  0x00007fffd56efba8: ffff 488b | 9c24 e000 | 0000 e9ba 

  0x00007fffd56efbb4: ;   {oop(nullptr)}
  0x00007fffd56efbb4: f4ff ff48 | bb00 0000 | 0000 0000 | 00e9 4ff2 | ffff 488b | bc24 d000 | 0000 e911 

  0x00007fffd56efbd0: ;   {oop(nullptr)}
  0x00007fffd56efbd0: f2ff ff48 | bb00 0000 | 0000 0000 | 0048 8bbc | 24d0 0000 | 00e9 2bf2 | ffff 488b | 9c24 e000 
  0x00007fffd56efbf0: 0000 e97a | f4ff ff49 | 8b87 0005 | 0000 49c7 | 8700 0500 | 0000 0000 | 0049 c787 | 0805 0000 
  0x00007fffd56efc10: 0000 0000 | 4881 c410 | 0100 005d 

  0x00007fffd56efc1c: ;   {runtime_call unwind_exception Runtime1 stub}
  0x00007fffd56efc1c: e9df 3a75 | 06f4 f4f4 | f4f4 f4f4 
[Stub Code]
  0x00007fffd56efc28: ;   {no_reloc}
  0x00007fffd56efc28: 0f1f 4400 

  0x00007fffd56efc2c: ;   {static_stub}
  0x00007fffd56efc2c: 0048 bb00 | 0000 0000 

  0x00007fffd56efc34: ;   {runtime_call nmethod}
  0x00007fffd56efc34: 0000 00e9 | fbff ffff 

  0x00007fffd56efc3c: ;   {static_stub}
  0x00007fffd56efc3c: 9048 bb00 | 0000 0000 

  0x00007fffd56efc44: ;   {runtime_call nmethod}
  0x00007fffd56efc44: 0000 00e9 | fbff ffff 

  0x00007fffd56efc4c: ;   {static_stub}
  0x00007fffd56efc4c: 9048 bb00 | 0000 0000 

  0x00007fffd56efc54: ;   {runtime_call nmethod}
  0x00007fffd56efc54: 0000 00e9 | fbff ffff 

  0x00007fffd56efc5c: ;   {static_stub}
  0x00007fffd56efc5c: 9048 bb00 | 0000 0000 

  0x00007fffd56efc64: ;   {runtime_call nmethod}
  0x00007fffd56efc64: 0000 00e9 | fbff ffff 

  0x00007fffd56efc6c: ;   {static_stub}
  0x00007fffd56efc6c: 9048 bb00 | 0000 0000 

  0x00007fffd56efc74: ;   {runtime_call nmethod}
  0x00007fffd56efc74: 0000 00e9 | fbff ffff 

  0x00007fffd56efc7c: ;   {static_stub}
  0x00007fffd56efc7c: 9048 bb00 | 0000 0000 

  0x00007fffd56efc84: ;   {runtime_call nmethod}
  0x00007fffd56efc84: 0000 00e9 | fbff ffff 

  0x00007fffd56efc8c: ;   {static_stub}
  0x00007fffd56efc8c: 9048 bb00 | 0000 0000 

  0x00007fffd56efc94: ;   {runtime_call nmethod}
  0x00007fffd56efc94: 0000 00e9 | fbff ffff 

  0x00007fffd56efc9c: ;   {static_stub}
  0x00007fffd56efc9c: 9048 bb30 | 24e5 76ff 

  0x00007fffd56efca4: ;   {runtime_call I2C/C2I adapters}
  0x00007fffd56efca4: 7f00 00e9 | bf19 6906 

  0x00007fffd56efcac: ;   {static_stub}
  0x00007fffd56efcac: 48bb 0000 | 0000 0000 

  0x00007fffd56efcb4: ;   {runtime_call nmethod}
  0x00007fffd56efcb4: 0000 e9fb 

  0x00007fffd56efcb8: ;   {static_stub}
  0x00007fffd56efcb8: ffff ff48 | bb00 0000 | 0000 0000 

  0x00007fffd56efcc4: ;   {runtime_call nmethod}
  0x00007fffd56efcc4: 00e9 fbff 

  0x00007fffd56efcc8: ;   {static_stub}
  0x00007fffd56efcc8: ffff 48bb | 0000 0000 | 0000 0000 

  0x00007fffd56efcd4: ;   {runtime_call nmethod}
  0x00007fffd56efcd4: e9fb ffff 

  0x00007fffd56efcd8: ;   {static_stub}
  0x00007fffd56efcd8: ff48 bb00 | 0000 0000 

  0x00007fffd56efce0: ;   {runtime_call nmethod}
  0x00007fffd56efce0: 0000 00e9 | fbff ffff 
[Exception Handler]
  0x00007fffd56efce8: ;   {runtime_call handle_exception_from_callee Runtime1 stub}
  0x00007fffd56efce8: e813 7975 

  0x00007fffd56efcec: ;   {external_word}
  0x00007fffd56efcec: 0648 bfc2 | b1be f4ff | 7f00 0048 

  0x00007fffd56efcf8: ;   {runtime_call MacroAssembler::debug64(char*, long, long*)}
  0x00007fffd56efcf8: 83e4 f0e8 | 7084 f91e 

  0x00007fffd56efd00: ;   {section_word}
  0x00007fffd56efd00: f449 ba01 | fd6e d5ff | 7f00 0041 

  0x00007fffd56efd0c: ;   {runtime_call DeoptimizationBlob}
  0x00007fffd56efd0c: 52e9 8eb5 | 6906 f4f4 | f4f4 f4f4 
[/MachCode]


---------------  P R O C E S S  ---------------

Threads class SMR info:
_java_thread_list=0x00007ffec40e0650, length=34, elements={
0x00007fffec0264c0, 0x00007fffec190750, 0x00007fffec191d50, 0x00007fffec193570,
0x00007fffec194c40, 0x00007fffec196270, 0x00007fffec197e40, 0x00007fffec199590,
0x00007fffec1dee00, 0x00007fffec1e1600, 0x00007fffec792f30, 0x00007fffec7abc80,
0x00007fffec7ae9c0, 0x00007fffec9cd5b0, 0x00007fff15e87560, 0x00007fff15ea27b0,
0x00007fff15ea3f00, 0x00007fff10000f40, 0x00007fff10084500, 0x00007fff04002f60,
0x00007fff1001cad0, 0x00007fff00000f40, 0x00007ffefc004810, 0x00007fff0400b3c0,
0x00007fffecb19790, 0x00007fffecb1b420, 0x00007fffecb22010, 0x00007fffecb506a0,
0x00007fffecb50f00, 0x00007ffec80023c0, 0x00007fff0006adf0, 0x00007fff1009b550,
0x00007fff0400f090, 0x00007fff4c4f8e60
}

Java Threads: ( => current thread )
  0x00007fffec0264c0 JavaThread "Test worker"                       [_thread_in_Java, id=265151, stack(0x00007ffff5100000,0x00007ffff5200000) (1024K)]
  0x00007fffec190750 JavaThread "Reference Handler"          daemon [_thread_blocked, id=265159, stack(0x00007ffff12f2000,0x00007ffff13f2000) (1024K)]
  0x00007fffec191d50 JavaThread "Finalizer"                  daemon [_thread_blocked, id=265160, stack(0x00007ffff0f00000,0x00007ffff1000000) (1024K)]
  0x00007fffec193570 JavaThread "Signal Dispatcher"          daemon [_thread_blocked, id=265161, stack(0x00007ffff0e00000,0x00007ffff0f00000) (1024K)]
  0x00007fffec194c40 JavaThread "Service Thread"             daemon [_thread_blocked, id=265162, stack(0x00007ffff0d00000,0x00007ffff0e00000) (1024K)]
  0x00007fffec196270 JavaThread "Monitor Deflation Thread"   daemon [_thread_blocked, id=265163, stack(0x00007ffff0c00000,0x00007ffff0d00000) (1024K)]
  0x00007fffec197e40 JavaThread "C2 CompilerThread0"         daemon [_thread_blocked, id=265164, stack(0x00007ffff0b00000,0x00007ffff0c00000) (1024K)]
  0x00007fffec199590 JavaThread "C1 CompilerThread0"         daemon [_thread_blocked, id=265165, stack(0x00007ffff0a00000,0x00007ffff0b00000) (1024K)]
  0x00007fffec1dee00 JavaThread "Notification Thread"        daemon [_thread_blocked, id=265166, stack(0x00007ffff082e000,0x00007ffff092e000) (1024K)]
  0x00007fffec1e1600 JavaThread "Common-Cleaner"             daemon [_thread_blocked, id=265167, stack(0x00007ffff072e000,0x00007ffff082e000) (1024K)]
  0x00007fffec792f30 JavaThread "/127.0.0.1:53012 to /127.0.0.1:45579 workers"        [_thread_blocked, id=265173, stack(0x00007ffff052e000,0x00007ffff062e000) (1024K)]
  0x00007fffec7abc80 JavaThread "/127.0.0.1:53012 to /127.0.0.1:45579 workers Thread 2"        [_thread_blocked, id=265174, stack(0x00007ffff042e000,0x00007ffff052e000) (1024K)]
  0x00007fffec7ae9c0 JavaThread "/127.0.0.1:53012 to /127.0.0.1:45579 workers Thread 3"        [_thread_in_native, id=265175, stack(0x00007ffff032e000,0x00007ffff042e000) (1024K)]
  0x00007fffec9cd5b0 JavaThread "SDK 35 Main Thread"                [_thread_blocked, id=265183, stack(0x00007fffd42fc000,0x00007fffd43fc000) (1024K)]
  0x00007fff15e87560 JavaThread "kotlinx.coroutines.DefaultExecutor" daemon [_thread_blocked, id=265188, stack(0x00007fffd41fc000,0x00007fffd42fc000) (1024K)]
  0x00007fff15ea27b0 JavaThread "DefaultDispatcher-worker-1" daemon [_thread_blocked, id=265189, stack(0x00007fffc5f00000,0x00007fffc6000000) (1024K)]
  0x00007fff15ea3f00 JavaThread "DefaultDispatcher-worker-2" daemon [_thread_blocked, id=265190, stack(0x00007fffc4f00000,0x00007fffc5000000) (1024K)]
  0x00007fff10000f40 JavaThread "DefaultDispatcher-worker-3" daemon [_thread_blocked, id=265191, stack(0x00007fffc4900000,0x00007fffc4a00000) (1024K)]
  0x00007fff10084500 JavaThread "DefaultDispatcher-worker-4" daemon [_thread_blocked, id=265192, stack(0x00007fffc463d000,0x00007fffc473d000) (1024K)]
  0x00007fff04002f60 JavaThread "DefaultDispatcher-worker-5" daemon [_thread_blocked, id=265193, stack(0x00007fffc453d000,0x00007fffc463d000) (1024K)]
=>0x00007fff1001cad0 JavaThread "DefaultDispatcher-worker-6 @coroutine#1321" daemon [_thread_in_native, id=265194, stack(0x00007fffc443d000,0x00007fffc453d000) (1024K)]
  0x00007fff00000f40 JavaThread "DefaultDispatcher-worker-7" daemon [_thread_blocked, id=265195, stack(0x00007fffc433d000,0x00007fffc443d000) (1024K)]
  0x00007ffefc004810 JavaThread "DefaultDispatcher-worker-8" daemon [_thread_blocked, id=265196, stack(0x00007fffc423d000,0x00007fffc433d000) (1024K)]
  0x00007fff0400b3c0 JavaThread "DefaultDispatcher-worker-9" daemon [_thread_blocked, id=265198, stack(0x00007fffc403d000,0x00007fffc413d000) (1024K)]
  0x00007fffecb19790 JavaThread "OkHttp ConnectionPool connection closer" daemon [_thread_blocked, id=265200, stack(0x00007fff71300000,0x00007fff71400000) (1024K)]
  0x00007fffecb1b420 JavaThread "OkHttp TaskRunner"          daemon [_thread_blocked, id=265201, stack(0x00007fff71200000,0x00007fff71300000) (1024K)]
  0x00007fffecb22010 JavaThread "Okio Watchdog"              daemon [_thread_blocked, id=265203, stack(0x00007fff71000000,0x00007fff71100000) (1024K)]
  0x00007fffecb506a0 JavaThread "DefaultDispatcher-worker-1" daemon [_thread_blocked, id=265225, stack(0x00007fff70f00000,0x00007fff71000000) (1024K)]
  0x00007fffecb50f00 JavaThread "DefaultDispatcher-worker-2" daemon [_thread_blocked, id=265226, stack(0x00007fff71100000,0x00007fff71200000) (1024K)]
  0x00007ffec80023c0 JavaThread "DefaultDispatcher-worker-3" daemon [_thread_blocked, id=265227, stack(0x00007fff70e00000,0x00007fff70f00000) (1024K)]
  0x00007fff0006adf0 JavaThread "DefaultDispatcher-worker-10" daemon [_thread_blocked, id=265230, stack(0x00007fff70d00000,0x00007fff70e00000) (1024K)]
  0x00007fff1009b550 JavaThread "DefaultDispatcher-worker-11" daemon [_thread_blocked, id=265231, stack(0x00007fff72f00000,0x00007fff73000000) (1024K)]
  0x00007fff0400f090 JavaThread "DefaultDispatcher-worker-12" daemon [_thread_blocked, id=265235, stack(0x00007fff70b00000,0x00007fff70c00000) (1024K)]
  0x00007fff4c4f8e60 JavaThread "C2 CompilerThread1"         daemon [_thread_blocked, id=265261, stack(0x00007ffff062e000,0x00007ffff072e000) (1024K)]
Total: 34

Other Threads:
  0x00007fffec1872d0 VMThread "VM Thread"                           [id=265158, stack(0x00007ffff13f3000,0x00007ffff14f3000) (1024K)]
  0x00007fffec175490 WatcherThread "VM Periodic Task Thread"        [id=265157, stack(0x00007ffff14f4000,0x00007ffff15f4000) (1024K)]
  0x00007fffec052d30 WorkerThread "GC Thread#0"                     [id=265152, stack(0x00007ffff2a0d000,0x00007ffff2b0d000) (1024K)]
  0x00007fff6c007c80 WorkerThread "GC Thread#1"                     [id=265176, stack(0x00007ffff022e000,0x00007ffff032e000) (1024K)]
  0x00007fff6c008790 WorkerThread "GC Thread#2"                     [id=265177, stack(0x00007ffff012d000,0x00007ffff022d000) (1024K)]
  0x00007fff6c009700 WorkerThread "GC Thread#3"                     [id=265178, stack(0x00007ffff002c000,0x00007ffff012c000) (1024K)]
  0x00007fff6c00a670 WorkerThread "GC Thread#4"                     [id=265179, stack(0x00007fffd4700000,0x00007fffd4800000) (1024K)]
  0x00007fff6c00b5e0 WorkerThread "GC Thread#5"                     [id=265180, stack(0x00007fffd45ff000,0x00007fffd46ff000) (1024K)]
  0x00007fff6c00c5a0 WorkerThread "GC Thread#6"                     [id=265181, stack(0x00007fffd44fe000,0x00007fffd45fe000) (1024K)]
  0x00007fff6c00d580 WorkerThread "GC Thread#7"                     [id=265182, stack(0x00007fffd43fd000,0x00007fffd44fd000) (1024K)]
  0x00007fffec0583e0 ConcurrentGCThread "G1 Main Marker"            [id=265153, stack(0x00007ffff2100000,0x00007ffff2200000) (1024K)]
  0x00007fffec059410 WorkerThread "G1 Conc#0"                       [id=265154, stack(0x00007ffff1fff000,0x00007ffff20ff000) (1024K)]
  0x00007fffc8000ce0 WorkerThread "G1 Conc#1"                       [id=265186, stack(0x00007fffd40fc000,0x00007fffd41fc000) (1024K)]
  0x00007fffec1639b0 ConcurrentGCThread "G1 Refine#0"               [id=265155, stack(0x00007ffff16f6000,0x00007ffff17f6000) (1024K)]
  0x00007fffec164a00 ConcurrentGCThread "G1 Service"                [id=265156, stack(0x00007ffff15f5000,0x00007ffff16f5000) (1024K)]
Total: 15

Threads with active compile tasks:
Total: 0

VM state: not at safepoint (normal execution)

VM Mutex/Monitor currently owned by a thread: None

Heap address: 0x00000000e0000000, size: 512 MB, Compressed Oops mode: 32-bit

CDS archive(s) mapped at: [0x00007fff77000000-0x00007fff77c9c000-0x00007fff77c9c000), size 13221888, SharedBaseAddress: 0x00007fff77000000, ArchiveRelocationMode: 1.
Compressed class space mapped at: 0x00007fff78000000-0x00007fffb8000000, reserved size: 1073741824
Narrow klass base: 0x00007fff77000000, Narrow klass shift: 0, Narrow klass range: 0x100000000

GC Precious Log:
 CardTable entry size: 512
 Card Set container configuration: InlinePtr #cards 5 size 8 Array Of Cards #cards 12 size 40 Howl #buckets 4 coarsen threshold 1843 Howl Bitmap #cards 512 size 80 coarsen threshold 460 Card regions per heap region 1 cards per card region 2048
 CPUs: 16 total, 8 available
 Memory: 16384M
 Large Page Support: Disabled
 NUMA Support: Disabled
 Compressed Oops: Enabled (32-bit)
 Heap Region Size: 1M
 Heap Min Capacity: 8M
 Heap Initial Capacity: 256M
 Heap Max Capacity: 512M
 Pre-touch: Disabled
 Parallel Workers: 8
 Concurrent Workers: 2
 Concurrent Refinement Workers: 8
 Periodic GC: Disabled

Heap:
 garbage-first heap   total 150528K, used 97822K [0x00000000e0000000, 0x0000000100000000)
  region size 1024K, 15 young (15360K), 6 survivors (6144K)
 Metaspace       used 75961K, committed 79488K, reserved 1179648K
  class space    used 7245K, committed 8832K, reserved 1048576K

Heap Regions: E=young(eden), S=young(survivor), O=old, HS=humongous(starts), HC=humongous(continues), CS=collection set, F=free, TAMS=top-at-mark-start, PB=parsable bottom
|   0|0x00000000e0000000, 0x00000000e0100000, 0x00000000e0100000|100%|HS|  |TAMS 0x00000000e0000000| PB 0x00000000e0000000| Complete 
|   1|0x00000000e0100000, 0x00000000e0200000, 0x00000000e0200000|100%|HC|  |TAMS 0x00000000e0100000| PB 0x00000000e0100000| Complete 
|   2|0x00000000e0200000, 0x00000000e0300000, 0x00000000e0300000|100%|HS|  |TAMS 0x00000000e0200000| PB 0x00000000e0200000| Complete 
|   3|0x00000000e0300000, 0x00000000e0400000, 0x00000000e0400000|100%|HS|  |TAMS 0x00000000e0300000| PB 0x00000000e0300000| Complete 
|   4|0x00000000e0400000, 0x00000000e0500000, 0x00000000e0500000|100%|HS|  |TAMS 0x00000000e0400000| PB 0x00000000e0400000| Complete 
|   5|0x00000000e0500000, 0x00000000e0600000, 0x00000000e0600000|100%|HS|  |TAMS 0x00000000e0500000| PB 0x00000000e0500000| Complete 
|   6|0x00000000e0600000, 0x00000000e0700000, 0x00000000e0700000|100%|HC|  |TAMS 0x00000000e0600000| PB 0x00000000e0600000| Complete 
|   7|0x00000000e0700000, 0x00000000e0800000, 0x00000000e0800000|100%| O|  |TAMS 0x00000000e0700000| PB 0x00000000e0700000| Untracked 
|   8|0x00000000e0800000, 0x00000000e0900000, 0x00000000e0900000|100%| O|  |TAMS 0x00000000e0800000| PB 0x00000000e0800000| Untracked 
|   9|0x00000000e0900000, 0x00000000e0a00000, 0x00000000e0a00000|100%| O|  |TAMS 0x00000000e0900000| PB 0x00000000e0900000| Untracked 
|  10|0x00000000e0a00000, 0x00000000e0b00000, 0x00000000e0b00000|100%| O|  |TAMS 0x00000000e0a00000| PB 0x00000000e0a00000| Untracked 
|  11|0x00000000e0b00000, 0x00000000e0c00000, 0x00000000e0c00000|100%| O|  |TAMS 0x00000000e0b00000| PB 0x00000000e0b00000| Untracked 
|  12|0x00000000e0c00000, 0x00000000e0d00000, 0x00000000e0d00000|100%| O|  |TAMS 0x00000000e0c00000| PB 0x00000000e0c00000| Untracked 
|  13|0x00000000e0d00000, 0x00000000e0e00000, 0x00000000e0e00000|100%| O|  |TAMS 0x00000000e0d00000| PB 0x00000000e0d00000| Untracked 
|  14|0x00000000e0e00000, 0x00000000e0f00000, 0x00000000e0f00000|100%| O|  |TAMS 0x00000000e0e00000| PB 0x00000000e0e00000| Untracked 
|  15|0x00000000e0f00000, 0x00000000e1000000, 0x00000000e1000000|100%|HS|  |TAMS 0x00000000e0f00000| PB 0x00000000e0f00000| Complete 
|  16|0x00000000e1000000, 0x00000000e1100000, 0x00000000e1100000|100%|HC|  |TAMS 0x00000000e1000000| PB 0x00000000e1000000| Complete 
|  17|0x00000000e1100000, 0x00000000e1200000, 0x00000000e1200000|100%|HC|  |TAMS 0x00000000e1100000| PB 0x00000000e1100000| Complete 
|  18|0x00000000e1200000, 0x00000000e1300000, 0x00000000e1300000|100%|HC|  |TAMS 0x00000000e1200000| PB 0x00000000e1200000| Complete 
|  19|0x00000000e1300000, 0x00000000e1400000, 0x00000000e1400000|100%|HC|  |TAMS 0x00000000e1300000| PB 0x00000000e1300000| Complete 
|  20|0x00000000e1400000, 0x00000000e1500000, 0x00000000e1500000|100%|HC|  |TAMS 0x00000000e1400000| PB 0x00000000e1400000| Complete 
|  21|0x00000000e1500000, 0x00000000e1600000, 0x00000000e1600000|100%|HC|  |TAMS 0x00000000e1500000| PB 0x00000000e1500000| Complete 
|  22|0x00000000e1600000, 0x00000000e1700000, 0x00000000e1700000|100%| O|  |TAMS 0x00000000e1600000| PB 0x00000000e1600000| Untracked 
|  23|0x00000000e1700000, 0x00000000e1800000, 0x00000000e1800000|100%| O|  |TAMS 0x00000000e1700000| PB 0x00000000e1700000| Untracked 
|  24|0x00000000e1800000, 0x00000000e1900000, 0x00000000e1900000|100%| O|  |TAMS 0x00000000e1800000| PB 0x00000000e1800000| Untracked 
|  25|0x00000000e1900000, 0x00000000e1a00000, 0x00000000e1a00000|100%| O|  |TAMS 0x00000000e1900000| PB 0x00000000e1900000| Untracked 
|  26|0x00000000e1a00000, 0x00000000e1b00000, 0x00000000e1b00000|100%| O|  |TAMS 0x00000000e1a00000| PB 0x00000000e1a00000| Untracked 
|  27|0x00000000e1b00000, 0x00000000e1c00000, 0x00000000e1c00000|100%| O|  |TAMS 0x00000000e1b00000| PB 0x00000000e1b00000| Untracked 
|  28|0x00000000e1c00000, 0x00000000e1d00000, 0x00000000e1d00000|100%| O|  |TAMS 0x00000000e1c00000| PB 0x00000000e1c00000| Untracked 
|  29|0x00000000e1d00000, 0x00000000e1e00000, 0x00000000e1e00000|100%| O|  |TAMS 0x00000000e1d00000| PB 0x00000000e1d00000| Untracked 
|  30|0x00000000e1e00000, 0x00000000e1f00000, 0x00000000e1f00000|100%| O|  |TAMS 0x00000000e1e00000| PB 0x00000000e1e00000| Untracked 
|  31|0x00000000e1f00000, 0x00000000e2000000, 0x00000000e2000000|100%| O|  |TAMS 0x00000000e1f00000| PB 0x00000000e1f00000| Untracked 
|  32|0x00000000e2000000, 0x00000000e2100000, 0x00000000e2100000|100%| O|  |TAMS 0x00000000e2000000| PB 0x00000000e2000000| Untracked 
|  33|0x00000000e2100000, 0x00000000e2200000, 0x00000000e2200000|100%| O|  |TAMS 0x00000000e2100000| PB 0x00000000e2100000| Untracked 
|  34|0x00000000e2200000, 0x00000000e22fd320, 0x00000000e2300000| 98%| O|  |TAMS 0x00000000e2200000| PB 0x00000000e2200000| Untracked 
|  35|0x00000000e2300000, 0x00000000e2400000, 0x00000000e2400000|100%| O|  |TAMS 0x00000000e2300000| PB 0x00000000e2300000| Untracked 
|  36|0x00000000e2400000, 0x00000000e2500000, 0x00000000e2500000|100%| O|  |TAMS 0x00000000e2400000| PB 0x00000000e2400000| Untracked 
|  37|0x00000000e2500000, 0x00000000e2600000, 0x00000000e2600000|100%| O|  |TAMS 0x00000000e2500000| PB 0x00000000e2500000| Untracked 
|  38|0x00000000e2600000, 0x00000000e2700000, 0x00000000e2700000|100%| O|  |TAMS 0x00000000e2600000| PB 0x00000000e2600000| Untracked 
|  39|0x00000000e2700000, 0x00000000e2800000, 0x00000000e2800000|100%| O|  |TAMS 0x00000000e2700000| PB 0x00000000e2700000| Untracked 
|  40|0x00000000e2800000, 0x00000000e2900000, 0x00000000e2900000|100%| O|  |TAMS 0x00000000e2800000| PB 0x00000000e2800000| Untracked 
|  41|0x00000000e2900000, 0x00000000e2a00000, 0x00000000e2a00000|100%| O|  |TAMS 0x00000000e2900000| PB 0x00000000e2900000| Untracked 
|  42|0x00000000e2a00000, 0x00000000e2b00000, 0x00000000e2b00000|100%|HS|  |TAMS 0x00000000e2a00000| PB 0x00000000e2a00000| Complete 
|  43|0x00000000e2b00000, 0x00000000e2c00000, 0x00000000e2c00000|100%| O|  |TAMS 0x00000000e2b00000| PB 0x00000000e2b00000| Untracked 
|  44|0x00000000e2c00000, 0x00000000e2d00000, 0x00000000e2d00000|100%| O|  |TAMS 0x00000000e2c00000| PB 0x00000000e2c00000| Untracked 
|  45|0x00000000e2d00000, 0x00000000e2e00000, 0x00000000e2e00000|100%| O|  |TAMS 0x00000000e2d00000| PB 0x00000000e2d00000| Untracked 
|  46|0x00000000e2e00000, 0x00000000e2f00000, 0x00000000e2f00000|100%| O|  |TAMS 0x00000000e2e00000| PB 0x00000000e2e00000| Untracked 
|  47|0x00000000e2f00000, 0x00000000e3000000, 0x00000000e3000000|100%| O|  |TAMS 0x00000000e2f00000| PB 0x00000000e2f00000| Untracked 
|  48|0x00000000e3000000, 0x00000000e3100000, 0x00000000e3100000|100%| O|  |TAMS 0x00000000e3000000| PB 0x00000000e3000000| Untracked 
|  49|0x00000000e3100000, 0x00000000e3200000, 0x00000000e3200000|100%|HS|  |TAMS 0x00000000e3100000| PB 0x00000000e3100000| Complete 
|  50|0x00000000e3200000, 0x00000000e3300000, 0x00000000e3300000|100%|HS|  |TAMS 0x00000000e3200000| PB 0x00000000e3200000| Complete 
|  51|0x00000000e3300000, 0x00000000e3400000, 0x00000000e3400000|100%|HC|  |TAMS 0x00000000e3300000| PB 0x00000000e3300000| Complete 
|  52|0x00000000e3400000, 0x00000000e3500000, 0x00000000e3500000|100%|HC|  |TAMS 0x00000000e3400000| PB 0x00000000e3400000| Complete 
|  53|0x00000000e3500000, 0x00000000e3600000, 0x00000000e3600000|100%|HC|  |TAMS 0x00000000e3500000| PB 0x00000000e3500000| Complete 
|  54|0x00000000e3600000, 0x00000000e3700000, 0x00000000e3700000|100%|HC|  |TAMS 0x00000000e3600000| PB 0x00000000e3600000| Complete 
|  55|0x00000000e3700000, 0x00000000e3800000, 0x00000000e3800000|100%|HC|  |TAMS 0x00000000e3700000| PB 0x00000000e3700000| Complete 
|  56|0x00000000e3800000, 0x00000000e3900000, 0x00000000e3900000|100%|HC|  |TAMS 0x00000000e3800000| PB 0x00000000e3800000| Complete 
|  57|0x00000000e3900000, 0x00000000e3a00000, 0x00000000e3a00000|100%|HC|  |TAMS 0x00000000e3900000| PB 0x00000000e3900000| Complete 
|  58|0x00000000e3a00000, 0x00000000e3b00000, 0x00000000e3b00000|100%|HC|  |TAMS 0x00000000e3a00000| PB 0x00000000e3a00000| Complete 
|  59|0x00000000e3b00000, 0x00000000e3c00000, 0x00000000e3c00000|100%|HC|  |TAMS 0x00000000e3b00000| PB 0x00000000e3b00000| Complete 
|  60|0x00000000e3c00000, 0x00000000e3d00000, 0x00000000e3d00000|100%|HC|  |TAMS 0x00000000e3c00000| PB 0x00000000e3c00000| Complete 
|  61|0x00000000e3d00000, 0x00000000e3e00000, 0x00000000e3e00000|100%|HC|  |TAMS 0x00000000e3d00000| PB 0x00000000e3d00000| Complete 
|  62|0x00000000e3e00000, 0x00000000e3f00000, 0x00000000e3f00000|100%|HC|  |TAMS 0x00000000e3e00000| PB 0x00000000e3e00000| Complete 
|  63|0x00000000e3f00000, 0x00000000e4000000, 0x00000000e4000000|100%|HC|  |TAMS 0x00000000e3f00000| PB 0x00000000e3f00000| Complete 
|  64|0x00000000e4000000, 0x00000000e4100000, 0x00000000e4100000|100%|HC|  |TAMS 0x00000000e4000000| PB 0x00000000e4000000| Complete 
|  65|0x00000000e4100000, 0x00000000e4200000, 0x00000000e4200000|100%|HC|  |TAMS 0x00000000e4100000| PB 0x00000000e4100000| Complete 
|  66|0x00000000e4200000, 0x00000000e4300000, 0x00000000e4300000|100%|HS|  |TAMS 0x00000000e4200000| PB 0x00000000e4200000| Complete 
|  67|0x00000000e4300000, 0x00000000e4400000, 0x00000000e4400000|100%| O|  |TAMS 0x00000000e4300000| PB 0x00000000e4300000| Untracked 
|  68|0x00000000e4400000, 0x00000000e4500000, 0x00000000e4500000|100%| O|  |TAMS 0x00000000e4400000| PB 0x00000000e4400000| Untracked 
|  69|0x00000000e4500000, 0x00000000e4600000, 0x00000000e4600000|100%| O|  |TAMS 0x00000000e4500000| PB 0x00000000e4500000| Untracked 
|  70|0x00000000e4600000, 0x00000000e4700000, 0x00000000e4700000|100%| O|  |TAMS 0x00000000e4600000| PB 0x00000000e4600000| Untracked 
|  71|0x00000000e4700000, 0x00000000e4800000, 0x00000000e4800000|100%| O|  |TAMS 0x00000000e4700000| PB 0x00000000e4700000| Untracked 
|  72|0x00000000e4800000, 0x00000000e4900000, 0x00000000e4900000|100%| O|  |TAMS 0x00000000e4800000| PB 0x00000000e4800000| Untracked 
|  73|0x00000000e4900000, 0x00000000e4a00000, 0x00000000e4a00000|100%| O|  |TAMS 0x00000000e4900000| PB 0x00000000e4900000| Untracked 
|  74|0x00000000e4a00000, 0x00000000e4b00000, 0x00000000e4b00000|100%| O|Cm|TAMS 0x00000000e4a00000| PB 0x00000000e4a00000| Complete 
|  75|0x00000000e4b00000, 0x00000000e4c00000, 0x00000000e4c00000|100%| O|  |TAMS 0x00000000e4b00000| PB 0x00000000e4b00000| Untracked 
|  76|0x00000000e4c00000, 0x00000000e4d00000, 0x00000000e4d00000|100%| O|  |TAMS 0x00000000e4c00000| PB 0x00000000e4c00000| Untracked 
|  77|0x00000000e4d00000, 0x00000000e4e00000, 0x00000000e4e00000|100%| O|  |TAMS 0x00000000e4d00000| PB 0x00000000e4d00000| Untracked 
|  78|0x00000000e4e00000, 0x00000000e4f00000, 0x00000000e4f00000|100%| O|Cm|TAMS 0x00000000e4e00000| PB 0x00000000e4e00000| Complete 
|  79|0x00000000e4f00000, 0x00000000e5000000, 0x00000000e5000000|100%| O|  |TAMS 0x00000000e4f00000| PB 0x00000000e4f00000| Untracked 
|  80|0x00000000e5000000, 0x00000000e50c8088, 0x00000000e5100000| 78%| O|  |TAMS 0x00000000e5000000| PB 0x00000000e5000000| Untracked 
|  81|0x00000000e5100000, 0x00000000e5100000, 0x00000000e5200000|  0%| F|  |TAMS 0x00000000e5100000| PB 0x00000000e5100000| Untracked 
|  82|0x00000000e5200000, 0x00000000e5200000, 0x00000000e5300000|  0%| F|  |TAMS 0x00000000e5200000| PB 0x00000000e5200000| Untracked 
|  83|0x00000000e5300000, 0x00000000e5300000, 0x00000000e5400000|  0%| F|  |TAMS 0x00000000e5300000| PB 0x00000000e5300000| Untracked 
|  84|0x00000000e5400000, 0x00000000e5400000, 0x00000000e5500000|  0%| F|  |TAMS 0x00000000e5400000| PB 0x00000000e5400000| Untracked 
|  85|0x00000000e5500000, 0x00000000e5500000, 0x00000000e5600000|  0%| F|  |TAMS 0x00000000e5500000| PB 0x00000000e5500000| Untracked 
|  86|0x00000000e5600000, 0x00000000e5600000, 0x00000000e5700000|  0%| F|  |TAMS 0x00000000e5600000| PB 0x00000000e5600000| Untracked 
|  87|0x00000000e5700000, 0x00000000e5700000, 0x00000000e5800000|  0%| F|  |TAMS 0x00000000e5700000| PB 0x00000000e5700000| Untracked 
|  88|0x00000000e5800000, 0x00000000e5800000, 0x00000000e5900000|  0%| F|  |TAMS 0x00000000e5800000| PB 0x00000000e5800000| Untracked 
|  89|0x00000000e5900000, 0x00000000e5900000, 0x00000000e5a00000|  0%| F|  |TAMS 0x00000000e5900000| PB 0x00000000e5900000| Untracked 
|  90|0x00000000e5a00000, 0x00000000e5a00000, 0x00000000e5b00000|  0%| F|  |TAMS 0x00000000e5a00000| PB 0x00000000e5a00000| Untracked 
|  91|0x00000000e5b00000, 0x00000000e5b00000, 0x00000000e5c00000|  0%| F|  |TAMS 0x00000000e5b00000| PB 0x00000000e5b00000| Untracked 
|  92|0x00000000e5c00000, 0x00000000e5cc2460, 0x00000000e5d00000| 75%| S|CS|TAMS 0x00000000e5c00000| PB 0x00000000e5c00000| Complete 
|  93|0x00000000e5d00000, 0x00000000e5e00000, 0x00000000e5e00000|100%| S|CS|TAMS 0x00000000e5d00000| PB 0x00000000e5d00000| Complete 
|  94|0x00000000e5e00000, 0x00000000e5e00000, 0x00000000e5f00000|  0%| F|  |TAMS 0x00000000e5e00000| PB 0x00000000e5e00000| Untracked 
|  95|0x00000000e5f00000, 0x00000000e5f00000, 0x00000000e6000000|  0%| F|  |TAMS 0x00000000e5f00000| PB 0x00000000e5f00000| Untracked 
|  96|0x00000000e6000000, 0x00000000e6000000, 0x00000000e6100000|  0%| F|  |TAMS 0x00000000e6000000| PB 0x00000000e6000000| Untracked 
|  97|0x00000000e6100000, 0x00000000e6100000, 0x00000000e6200000|  0%| F|  |TAMS 0x00000000e6100000| PB 0x00000000e6100000| Untracked 
|  98|0x00000000e6200000, 0x00000000e6200000, 0x00000000e6300000|  0%| F|  |TAMS 0x00000000e6200000| PB 0x00000000e6200000| Untracked 
|  99|0x00000000e6300000, 0x00000000e6300000, 0x00000000e6400000|  0%| F|  |TAMS 0x00000000e6300000| PB 0x00000000e6300000| Untracked 
| 100|0x00000000e6400000, 0x00000000e6500000, 0x00000000e6500000|100%| S|CS|TAMS 0x00000000e6400000| PB 0x00000000e6400000| Complete 
| 101|0x00000000e6500000, 0x00000000e6600000, 0x00000000e6600000|100%| S|CS|TAMS 0x00000000e6500000| PB 0x00000000e6500000| Complete 
| 102|0x00000000e6600000, 0x00000000e6700000, 0x00000000e6700000|100%| S|CS|TAMS 0x00000000e6600000| PB 0x00000000e6600000| Complete 
| 103|0x00000000e6700000, 0x00000000e6800000, 0x00000000e6800000|100%| S|CS|TAMS 0x00000000e6700000| PB 0x00000000e6700000| Complete 
| 104|0x00000000e6800000, 0x00000000e6800000, 0x00000000e6900000|  0%| F|  |TAMS 0x00000000e6800000| PB 0x00000000e6800000| Untracked 
| 105|0x00000000e6900000, 0x00000000e6900000, 0x00000000e6a00000|  0%| F|  |TAMS 0x00000000e6900000| PB 0x00000000e6900000| Untracked 
| 106|0x00000000e6a00000, 0x00000000e6a00000, 0x00000000e6b00000|  0%| F|  |TAMS 0x00000000e6a00000| PB 0x00000000e6a00000| Untracked 
| 107|0x00000000e6b00000, 0x00000000e6b00000, 0x00000000e6c00000|  0%| F|  |TAMS 0x00000000e6b00000| PB 0x00000000e6b00000| Untracked 
| 108|0x00000000e6c00000, 0x00000000e6c00000, 0x00000000e6d00000|  0%| F|  |TAMS 0x00000000e6c00000| PB 0x00000000e6c00000| Untracked 
| 109|0x00000000e6d00000, 0x00000000e6d00000, 0x00000000e6e00000|  0%| F|  |TAMS 0x00000000e6d00000| PB 0x00000000e6d00000| Untracked 
| 110|0x00000000e6e00000, 0x00000000e6e00000, 0x00000000e6f00000|  0%| F|  |TAMS 0x00000000e6e00000| PB 0x00000000e6e00000| Untracked 
| 111|0x00000000e6f00000, 0x00000000e6f00000, 0x00000000e7000000|  0%| F|  |TAMS 0x00000000e6f00000| PB 0x00000000e6f00000| Untracked 
| 112|0x00000000e7000000, 0x00000000e7000000, 0x00000000e7100000|  0%| F|  |TAMS 0x00000000e7000000| PB 0x00000000e7000000| Untracked 
| 113|0x00000000e7100000, 0x00000000e7100000, 0x00000000e7200000|  0%| F|  |TAMS 0x00000000e7100000| PB 0x00000000e7100000| Untracked 
| 114|0x00000000e7200000, 0x00000000e7200000, 0x00000000e7300000|  0%| F|  |TAMS 0x00000000e7200000| PB 0x00000000e7200000| Untracked 
| 115|0x00000000e7300000, 0x00000000e7300000, 0x00000000e7400000|  0%| F|  |TAMS 0x00000000e7300000| PB 0x00000000e7300000| Untracked 
| 116|0x00000000e7400000, 0x00000000e7400000, 0x00000000e7500000|  0%| F|  |TAMS 0x00000000e7400000| PB 0x00000000e7400000| Untracked 
| 117|0x00000000e7500000, 0x00000000e7500000, 0x00000000e7600000|  0%| F|  |TAMS 0x00000000e7500000| PB 0x00000000e7500000| Untracked 
| 118|0x00000000e7600000, 0x00000000e7600000, 0x00000000e7700000|  0%| F|  |TAMS 0x00000000e7600000| PB 0x00000000e7600000| Untracked 
| 119|0x00000000e7700000, 0x00000000e7700000, 0x00000000e7800000|  0%| F|  |TAMS 0x00000000e7700000| PB 0x00000000e7700000| Untracked 
| 120|0x00000000e7800000, 0x00000000e7800000, 0x00000000e7900000|  0%| F|  |TAMS 0x00000000e7800000| PB 0x00000000e7800000| Untracked 
| 121|0x00000000e7900000, 0x00000000e7900000, 0x00000000e7a00000|  0%| F|  |TAMS 0x00000000e7900000| PB 0x00000000e7900000| Untracked 
| 122|0x00000000e7a00000, 0x00000000e7a00000, 0x00000000e7b00000|  0%| F|  |TAMS 0x00000000e7a00000| PB 0x00000000e7a00000| Untracked 
| 123|0x00000000e7b00000, 0x00000000e7b00000, 0x00000000e7c00000|  0%| F|  |TAMS 0x00000000e7b00000| PB 0x00000000e7b00000| Untracked 
| 124|0x00000000e7c00000, 0x00000000e7c00000, 0x00000000e7d00000|  0%| F|  |TAMS 0x00000000e7c00000| PB 0x00000000e7c00000| Untracked 
| 125|0x00000000e7d00000, 0x00000000e7d00000, 0x00000000e7e00000|  0%| F|  |TAMS 0x00000000e7d00000| PB 0x00000000e7d00000| Untracked 
| 126|0x00000000e7e00000, 0x00000000e7e00000, 0x00000000e7f00000|  0%| F|  |TAMS 0x00000000e7e00000| PB 0x00000000e7e00000| Untracked 
| 127|0x00000000e7f00000, 0x00000000e7f00000, 0x00000000e8000000|  0%| F|  |TAMS 0x00000000e7f00000| PB 0x00000000e7f00000| Untracked 
| 128|0x00000000e8000000, 0x00000000e8000000, 0x00000000e8100000|  0%| F|  |TAMS 0x00000000e8000000| PB 0x00000000e8000000| Untracked 
| 129|0x00000000e8100000, 0x00000000e8100000, 0x00000000e8200000|  0%| F|  |TAMS 0x00000000e8100000| PB 0x00000000e8100000| Untracked 
| 130|0x00000000e8200000, 0x00000000e8200000, 0x00000000e8300000|  0%| F|  |TAMS 0x00000000e8200000| PB 0x00000000e8200000| Untracked 
| 131|0x00000000e8300000, 0x00000000e8300000, 0x00000000e8400000|  0%| F|  |TAMS 0x00000000e8300000| PB 0x00000000e8300000| Untracked 
| 132|0x00000000e8400000, 0x00000000e8400000, 0x00000000e8500000|  0%| F|  |TAMS 0x00000000e8400000| PB 0x00000000e8400000| Untracked 
| 133|0x00000000e8500000, 0x00000000e8500000, 0x00000000e8600000|  0%| F|  |TAMS 0x00000000e8500000| PB 0x00000000e8500000| Untracked 
| 134|0x00000000e8600000, 0x00000000e8600000, 0x00000000e8700000|  0%| F|  |TAMS 0x00000000e8600000| PB 0x00000000e8600000| Untracked 
| 135|0x00000000e8700000, 0x00000000e8700000, 0x00000000e8800000|  0%| F|  |TAMS 0x00000000e8700000| PB 0x00000000e8700000| Untracked 
| 136|0x00000000e8800000, 0x00000000e8800000, 0x00000000e8900000|  0%| F|  |TAMS 0x00000000e8800000| PB 0x00000000e8800000| Untracked 
| 137|0x00000000e8900000, 0x00000000e8a00000, 0x00000000e8a00000|100%| E|  |TAMS 0x00000000e8900000| PB 0x00000000e8900000| Complete 
| 138|0x00000000e8a00000, 0x00000000e8b00000, 0x00000000e8b00000|100%| E|CS|TAMS 0x00000000e8a00000| PB 0x00000000e8a00000| Complete 
| 139|0x00000000e8b00000, 0x00000000e8c00000, 0x00000000e8c00000|100%| E|CS|TAMS 0x00000000e8b00000| PB 0x00000000e8b00000| Complete 
| 140|0x00000000e8c00000, 0x00000000e8d00000, 0x00000000e8d00000|100%| E|CS|TAMS 0x00000000e8c00000| PB 0x00000000e8c00000| Complete 
| 141|0x00000000e8d00000, 0x00000000e8e00000, 0x00000000e8e00000|100%| E|CS|TAMS 0x00000000e8d00000| PB 0x00000000e8d00000| Complete 
| 142|0x00000000e8e00000, 0x00000000e8f00000, 0x00000000e8f00000|100%| E|CS|TAMS 0x00000000e8e00000| PB 0x00000000e8e00000| Complete 
| 143|0x00000000e8f00000, 0x00000000e9000000, 0x00000000e9000000|100%| E|CS|TAMS 0x00000000e8f00000| PB 0x00000000e8f00000| Complete 
| 255|0x00000000eff00000, 0x00000000f0000000, 0x00000000f0000000|100%| E|CS|TAMS 0x00000000eff00000| PB 0x00000000eff00000| Complete 
| 510|0x00000000ffe00000, 0x00000000fff00000, 0x00000000fff00000|100%| O|  |TAMS 0x00000000ffe00000| PB 0x00000000ffe00000| Untracked 
| 511|0x00000000fff00000, 0x0000000100000000, 0x0000000100000000|100%| E|CS|TAMS 0x00000000fff00000| PB 0x00000000fff00000| Complete 

Card table byte_map: [0x00007ffff2b0d000,0x00007ffff2c0d000] _byte_map_base: 0x00007ffff240d000

Marking Bits: (CMBitMap*) 0x00007fffec0538f0
 Bits: [0x00007ffff2200000, 0x00007ffff2a00000)

Polling page: 0x00007ffff54d9000

Metaspace:

Usage:
  Non-class:     67.11 MB used.
      Class:      7.08 MB used.
       Both:     74.18 MB used.

Virtual space:
  Non-class space:      128.00 MB reserved,      69.00 MB ( 54%) committed,  2 nodes.
      Class space:        1.00 GB reserved,       8.62 MB ( <1%) committed,  1 nodes.
             Both:        1.12 GB reserved,      77.62 MB (  7%) committed. 

Chunk freelists:
   Non-Class:  10.70 MB
       Class:  7.35 MB
        Both:  18.05 MB

MaxMetaspaceSize: unlimited
CompressedClassSpaceSize: 1.00 GB
Initial GC threshold: 21.00 MB
Current GC threshold: 128.56 MB
CDS: on
 - commit_granule_bytes: 65536.
 - commit_granule_words: 8192.
 - virtual_space_node_default_size: 8388608.
 - enlarge_chunks_in_place: 1.
 - use_allocation_guard: 0.


Internal statistics:

num_allocs_failed_limit: 18.
num_arena_births: 6086.
num_arena_deaths: 0.
num_vsnodes_births: 3.
num_vsnodes_deaths: 0.
num_space_committed: 1238.
num_space_uncommitted: 0.
num_chunks_returned_to_freelist: 18.
num_chunks_taken_from_freelist: 9271.
num_chunk_merges: 18.
num_chunk_splits: 6413.
num_chunks_enlarged: 4028.
num_inconsistent_stats: 0.

CodeHeap 'non-profiled nmethods': size=120028Kb used=5842Kb max_used=5842Kb free=114185Kb
 bounds [0x00007fffdc2c9000, 0x00007fffdc889000, 0x00007fffe3800000]
CodeHeap 'profiled nmethods': size=120028Kb used=19024Kb max_used=19024Kb free=101003Kb
 bounds [0x00007fffd4800000, 0x00007fffd5ab0000, 0x00007fffdbd37000]
CodeHeap 'non-nmethods': size=5704Kb used=2492Kb max_used=2555Kb free=3212Kb
 bounds [0x00007fffdbd37000, 0x00007fffdbfd7000, 0x00007fffdc2c9000]
CodeCache: size=245760Kb, used=27358Kb, max_used=27421Kb, free=218400Kb
 total_blobs=9768, nmethods=8363, adapters=1310, full_count=0
Compilation: enabled, stopped_count=0, restarted_count=0

Compilation events (20 events):
Event: 9.015 Thread 0x00007fffec197e40 9628       4       java.lang.AbstractStringBuilder::<init> (63 bytes)
Event: 9.015 Thread 0x00007fffec199590 nmethod 9625 0x00007fffd4fa9390 code [0x00007fffd4fa96c0, 0x00007fffd4faa8c0]
Event: 9.015 Thread 0x00007fffec199590 9627   !   3       java.lang.reflect.Executable::parameterData (75 bytes)
Event: 9.016 Thread 0x00007fffec199590 nmethod 9627 0x00007fffd493f710 code [0x00007fffd493f940, 0x00007fffd4940068]
Event: 9.016 Thread 0x00007fffec199590 9626       3       sun.reflect.generics.reflectiveObjects.ParameterizedTypeImpl::hashCode (24 bytes)
Event: 9.016 Thread 0x00007fffec199590 nmethod 9626 0x00007fffd4f0b110 code [0x00007fffd4f0b300, 0x00007fffd4f0b730]
Event: 9.017 Thread 0x00007fffec199590 9629       3       com.android.internal.content.om.OverlayScanner::$$robo$$com_android_internal_content_om_OverlayScanner$scanDir (156 bytes)
Event: 9.019 Thread 0x00007fff4c4f8e60 9630       4       android.content.res.TypedArray::$$robo$$android_content_res_TypedArray$getResourceId (52 bytes)
Event: 9.020 Thread 0x00007fffec199590 nmethod 9629 0x00007fffd5a9e710 code [0x00007fffd5a9f120, 0x00007fffd5aa4f80]
Event: 9.020 Thread 0x00007fff4c4f8e60 nmethod 9630 0x00007fffdc876390 code [0x00007fffdc876520, 0x00007fffdc876670]
Event: 9.021 Thread 0x00007fffec197e40 nmethod 9628 0x00007fffdc876790 code [0x00007fffdc876980, 0x00007fffdc8773e8]
Event: 9.022 Thread 0x00007fffec199590 9631       3       org.robolectric.shadows.ShadowContextImpl$ContextImplReflector$$Reflector7::<init> (10 bytes)
Event: 9.022 Thread 0x00007fffec199590 nmethod 9631 0x00007fffd4d1aa90 code [0x00007fffd4d1ac20, 0x00007fffd4d1add0]
Event: 9.022 Thread 0x00007fffec199590 9632       3       java.lang.invoke.LambdaForm$DMH/0x00007fff78265000::invokeVirtual (14 bytes)
Event: 9.022 Thread 0x00007fffec199590 nmethod 9632 0x00007fffd509c890 code [0x00007fffd509ca60, 0x00007fffd509cef8]
Event: 9.025 Thread 0x00007fffec199590 9633       3       kotlinx.coroutines.flow.internal.SafeCollector_commonKt::checkContext$lambda$0 (131 bytes)
Event: 9.026 Thread 0x00007fffec199590 nmethod 9633 0x00007fffd4d34590 code [0x00007fffd4d34940, 0x00007fffd4d35f08]
Event: 9.026 Thread 0x00007fffec199590 9634       3       kotlinx.coroutines.scheduling.CoroutineScheduler$Worker::findTask (18 bytes)
Event: 9.026 Thread 0x00007fffec199590 nmethod 9634 0x00007fffd4d27490 code [0x00007fffd4d27660, 0x00007fffd4d27878]
Event: 9.036 Thread 0x00007fffec199590 9635       3       kotlinx.coroutines.JobSupport::childCancelled (30 bytes)

GC Heap History (20 events):
Event: 2.835 GC heap before
{Heap before GC invocations=9 (full 0):
 garbage-first heap   total 126976K, used 125657K [0x00000000e0000000, 0x0000000100000000)
  region size 1024K, 56 young (57344K), 1 survivors (1024K)
 Metaspace       used 45625K, committed 47808K, reserved 1114112K
  class space    used 4365K, committed 5312K, reserved 1048576K
}
Event: 2.838 GC heap after
{Heap after GC invocations=10 (full 0):
 garbage-first heap   total 135168K, used 69962K [0x00000000e0000000, 0x0000000100000000)
  region size 1024K, 8 young (8192K), 8 survivors (8192K)
 Metaspace       used 45625K, committed 47808K, reserved 1114112K
  class space    used 4365K, committed 5312K, reserved 1048576K
}
Event: 3.129 GC heap before
{Heap before GC invocations=10 (full 0):
 garbage-first heap   total 135168K, used 116042K [0x00000000e0000000, 0x0000000100000000)
  region size 1024K, 52 young (53248K), 8 survivors (8192K)
 Metaspace       used 53319K, committed 56512K, reserved 1114112K
  class space    used 5211K, committed 6592K, reserved 1048576K
}
Event: 3.135 GC heap after
{Heap after GC invocations=11 (full 0):
 garbage-first heap   total 135168K, used 75634K [0x00000000e0000000, 0x0000000100000000)
  region size 1024K, 5 young (5120K), 5 survivors (5120K)
 Metaspace       used 53319K, committed 56512K, reserved 1114112K
  class space    used 5211K, committed 6592K, reserved 1048576K
}
Event: 3.330 GC heap before
{Heap before GC invocations=11 (full 0):
 garbage-first heap   total 135168K, used 110450K [0x00000000e0000000, 0x0000000100000000)
  region size 1024K, 40 young (40960K), 5 survivors (5120K)
 Metaspace       used 59015K, committed 62336K, reserved 1114112K
  class space    used 5829K, committed 7296K, reserved 1048576K
}
Event: 3.333 GC heap after
{Heap after GC invocations=12 (full 0):
 garbage-first heap   total 135168K, used 77222K [0x00000000e0000000, 0x0000000100000000)
  region size 1024K, 2 young (2048K), 2 survivors (2048K)
 Metaspace       used 59015K, committed 62336K, reserved 1114112K
  class space    used 5829K, committed 7296K, reserved 1048576K
}
Event: 3.618 GC heap before
{Heap before GC invocations=13 (full 0):
 garbage-first heap   total 135168K, used 120230K [0x00000000e0000000, 0x0000000100000000)
  region size 1024K, 44 young (45056K), 2 survivors (2048K)
 Metaspace       used 65795K, committed 69184K, reserved 1114112K
  class space    used 6386K, committed 7872K, reserved 1048576K
}
Event: 3.620 GC heap after
{Heap after GC invocations=14 (full 0):
 garbage-first heap   total 135168K, used 80005K [0x00000000e0000000, 0x0000000100000000)
  region size 1024K, 5 young (5120K), 5 survivors (5120K)
 Metaspace       used 65795K, committed 69184K, reserved 1114112K
  class space    used 6386K, committed 7872K, reserved 1048576K
}
Event: 3.997 GC heap before
{Heap before GC invocations=14 (full 0):
 garbage-first heap   total 135168K, used 120965K [0x00000000e0000000, 0x0000000100000000)
  region size 1024K, 45 young (46080K), 5 survivors (5120K)
 Metaspace       used 68825K, committed 72320K, reserved 1114112K
  class space    used 6653K, committed 8192K, reserved 1048576K
}
Event: 4.002 GC heap after
{Heap after GC invocations=15 (full 0):
 garbage-first heap   total 135168K, used 83383K [0x00000000e0000000, 0x0000000100000000)
  region size 1024K, 6 young (6144K), 6 survivors (6144K)
 Metaspace       used 68825K, committed 72320K, reserved 1114112K
  class space    used 6653K, committed 8192K, reserved 1048576K
}
Event: 4.325 GC heap before
{Heap before GC invocations=15 (full 0):
 garbage-first heap   total 135168K, used 121271K [0x00000000e0000000, 0x0000000100000000)
  region size 1024K, 44 young (45056K), 6 survivors (6144K)
 Metaspace       used 70750K, committed 74112K, reserved 1179648K
  class space    used 6779K, committed 8256K, reserved 1048576K
}
Event: 4.329 GC heap after
{Heap after GC invocations=16 (full 0):
 garbage-first heap   total 135168K, used 87205K [0x00000000e0000000, 0x0000000100000000)
  region size 1024K, 6 young (6144K), 6 survivors (6144K)
 Metaspace       used 70750K, committed 74112K, reserved 1179648K
  class space    used 6779K, committed 8256K, reserved 1048576K
}
Event: 4.633 GC heap before
{Heap before GC invocations=17 (full 0):
 garbage-first heap   total 147456K, used 120997K [0x00000000e0000000, 0x0000000100000000)
  region size 1024K, 40 young (40960K), 6 survivors (6144K)
 Metaspace       used 73934K, committed 77440K, reserved 1179648K
  class space    used 7091K, committed 8640K, reserved 1048576K
}
Event: 4.634 GC heap after
{Heap after GC invocations=18 (full 0):
 garbage-first heap   total 147456K, used 84547K [0x00000000e0000000, 0x0000000100000000)
  region size 1024K, 3 young (3072K), 3 survivors (3072K)
 Metaspace       used 73934K, committed 77440K, reserved 1179648K
  class space    used 7091K, committed 8640K, reserved 1048576K
}
Event: 7.959 GC heap before
{Heap before GC invocations=18 (full 0):
 garbage-first heap   total 147456K, used 131651K [0x00000000e0000000, 0x0000000100000000)
  region size 1024K, 49 young (50176K), 3 survivors (3072K)
 Metaspace       used 75068K, committed 78592K, reserved 1179648K
  class space    used 7168K, committed 8768K, reserved 1048576K
}
Event: 7.962 GC heap after
{Heap after GC invocations=19 (full 0):
 garbage-first heap   total 147456K, used 88936K [0x00000000e0000000, 0x0000000100000000)
  region size 1024K, 7 young (7168K), 7 survivors (7168K)
 Metaspace       used 75068K, committed 78592K, reserved 1179648K
  class space    used 7168K, committed 8768K, reserved 1048576K
}
Event: 8.512 GC heap before
{Heap before GC invocations=19 (full 0):
 garbage-first heap   total 147456K, used 131944K [0x00000000e0000000, 0x0000000100000000)
  region size 1024K, 50 young (51200K), 7 survivors (7168K)
 Metaspace       used 75443K, committed 78912K, reserved 1179648K
  class space    used 7197K, committed 8768K, reserved 1048576K
}
Event: 8.514 GC heap after
{Heap after GC invocations=20 (full 0):
 garbage-first heap   total 147456K, used 89096K [0x00000000e0000000, 0x0000000100000000)
  region size 1024K, 6 young (6144K), 6 survivors (6144K)
 Metaspace       used 75443K, committed 78912K, reserved 1179648K
  class space    used 7197K, committed 8768K, reserved 1048576K
}
Event: 8.994 GC heap before
{Heap before GC invocations=21 (full 0):
 garbage-first heap   total 150528K, used 132104K [0x00000000e0000000, 0x0000000100000000)
  region size 1024K, 48 young (49152K), 6 survivors (6144K)
 Metaspace       used 75834K, committed 79360K, reserved 1179648K
  class space    used 7234K, committed 8832K, reserved 1048576K
}
Event: 8.996 GC heap after
{Heap after GC invocations=22 (full 0):
 garbage-first heap   total 150528K, used 89630K [0x00000000e0000000, 0x0000000100000000)
  region size 1024K, 6 young (6144K), 6 survivors (6144K)
 Metaspace       used 75834K, committed 79360K, reserved 1179648K
  class space    used 7234K, committed 8832K, reserved 1048576K
}

Dll operation events (20 events):
Event: 0.020 Attempting to load shared library /nix/store/p3ckxs1gmqir4m2b6yknbbka33da1y4m-openjdk-21.0.12.1+1/lib/openjdk/lib/libjsvml.so
Event: 0.020 Loaded shared library /nix/store/p3ckxs1gmqir4m2b6yknbbka33da1y4m-openjdk-21.0.12.1+1/lib/openjdk/lib/libjsvml.so
Event: 0.045 Attempting to load shared library /nix/store/p3ckxs1gmqir4m2b6yknbbka33da1y4m-openjdk-21.0.12.1+1/lib/openjdk/lib/libnio.so
Event: 0.046 Loaded shared library /nix/store/p3ckxs1gmqir4m2b6yknbbka33da1y4m-openjdk-21.0.12.1+1/lib/openjdk/lib/libnio.so
Event: 0.047 Attempting to load shared library /nix/store/p3ckxs1gmqir4m2b6yknbbka33da1y4m-openjdk-21.0.12.1+1/lib/openjdk/lib/libzip.so
Event: 0.047 Loaded shared library /nix/store/p3ckxs1gmqir4m2b6yknbbka33da1y4m-openjdk-21.0.12.1+1/lib/openjdk/lib/libzip.so
Event: 0.083 Attempting to load shared library /nix/store/p3ckxs1gmqir4m2b6yknbbka33da1y4m-openjdk-21.0.12.1+1/lib/openjdk/lib/libjimage.so
Event: 0.083 Loaded shared library /nix/store/p3ckxs1gmqir4m2b6yknbbka33da1y4m-openjdk-21.0.12.1+1/lib/openjdk/lib/libjimage.so
Event: 0.110 Attempting to load shared library /nix/store/p3ckxs1gmqir4m2b6yknbbka33da1y4m-openjdk-21.0.12.1+1/lib/openjdk/lib/libnet.so
Event: 0.110 Loaded shared library /nix/store/p3ckxs1gmqir4m2b6yknbbka33da1y4m-openjdk-21.0.12.1+1/lib/openjdk/lib/libnet.so
Event: 0.285 Attempting to load shared library /nix/store/p3ckxs1gmqir4m2b6yknbbka33da1y4m-openjdk-21.0.12.1+1/lib/openjdk/lib/libextnet.so
Event: 0.285 Loaded shared library /nix/store/p3ckxs1gmqir4m2b6yknbbka33da1y4m-openjdk-21.0.12.1+1/lib/openjdk/lib/libextnet.so
Event: 0.327 Attempting to load shared library /nix/store/p3ckxs1gmqir4m2b6yknbbka33da1y4m-openjdk-21.0.12.1+1/lib/openjdk/lib/libverify.so
Event: 0.327 Loaded shared library /nix/store/p3ckxs1gmqir4m2b6yknbbka33da1y4m-openjdk-21.0.12.1+1/lib/openjdk/lib/libverify.so
Event: 2.015 Attempting to load shared library /tmp/robolectric-nativeruntime3578343632391158789/libandroid_runtime.so
Event: 2.018 Loaded shared library /tmp/robolectric-nativeruntime3578343632391158789/libandroid_runtime.so
Event: 2.357 Attempting to load shared library /tmp/libconscrypt_openjdk_jni-linux-x86_6417903077910710000.so
Event: 2.358 Loaded shared library /tmp/libconscrypt_openjdk_jni-linux-x86_6417903077910710000.so
Event: 3.314 Attempting to load shared library /tmp/androidx_sqliteJni8061046379484516186.tmp
Event: 3.315 Loaded shared library /tmp/androidx_sqliteJni8061046379484516186.tmp

Deoptimization events (20 events):
Event: 8.566 Thread 0x00007fff0400f090 DEOPT PACKING pc=0x00007fffdc807030 sp=0x00007fff70bfdca0
Event: 8.566 Thread 0x00007fff0400f090 DEOPT UNPACKING pc=0x00007fffdbd8af99 sp=0x00007fff70bfdc50 mode 2
Event: 8.647 Thread 0x00007fff1009b550 Uncommon trap: trap_request=0xffffff45 fr.pc=0x00007fffdc80f1cc relative=0x000000000000106c
Event: 8.647 Thread 0x00007fff1009b550 Uncommon trap: reason=unstable_if action=reinterpret pc=0x00007fffdc80f1cc method=kotlinx.coroutines.internal.LockFreeLinkedListNode.correctPrev()Lkotlinx/coroutines/internal/LockFreeLinkedListNode; @ 100 c2
Event: 8.647 Thread 0x00007fff1009b550 DEOPT PACKING pc=0x00007fffdc80f1cc sp=0x00007fff72ffdd60
Event: 8.647 Thread 0x00007fff1009b550 DEOPT UNPACKING pc=0x00007fffdbd8af99 sp=0x00007fff72ffdbe0 mode 2
Event: 8.660 Thread 0x00007fff10084500 Uncommon trap: trap_request=0xffffff45 fr.pc=0x00007fffdc6f9824 relative=0x00000000000004a4
Event: 8.660 Thread 0x00007fff10084500 Uncommon trap: reason=unstable_if action=reinterpret pc=0x00007fffdc6f9824 method=kotlinx.coroutines.internal.LockFreeTaskQueueCore.removeFirstOrNull()Ljava/lang/Object; @ 116 c2
Event: 8.660 Thread 0x00007fff10084500 DEOPT PACKING pc=0x00007fffdc6f9824 sp=0x00007fffc473b0a0
Event: 8.660 Thread 0x00007fff10084500 DEOPT UNPACKING pc=0x00007fffdbd8af99 sp=0x00007fffc473af78 mode 2
Event: 8.733 Thread 0x00007fffec9cd5b0 DEOPT PACKING pc=0x00007fffd5539d20 sp=0x00007fffd43f7040
Event: 8.733 Thread 0x00007fffec9cd5b0 DEOPT UNPACKING pc=0x00007fffdbd8b72f sp=0x00007fffd43f65e0 mode 0
Event: 8.794 Thread 0x00007fff04002f60 Uncommon trap: trap_request=0xffffff45 fr.pc=0x00007fffdc6f82b0 relative=0x00000000000003d0
Event: 8.794 Thread 0x00007fff04002f60 Uncommon trap: reason=unstable_if action=reinterpret pc=0x00007fffdc6f82b0 method=kotlinx.coroutines.internal.LockFreeTaskQueueCore.removeFirstOrNull()Ljava/lang/Object; @ 116 c2
Event: 8.794 Thread 0x00007fff04002f60 DEOPT PACKING pc=0x00007fffdc6f82b0 sp=0x00007fffc463b030
Event: 8.794 Thread 0x00007fff04002f60 DEOPT UNPACKING pc=0x00007fffdbd8af99 sp=0x00007fffc463af78 mode 2
Event: 9.025 Thread 0x00007fff0400f090 Uncommon trap: trap_request=0xffffff45 fr.pc=0x00007fffdc7bf300 relative=0x00000000000022c0
Event: 9.025 Thread 0x00007fff0400f090 Uncommon trap: reason=unstable_if action=reinterpret pc=0x00007fffdc7bf300 method=kotlinx.coroutines.internal.LockFreeTaskQueueCore.removeFirstOrNull()Ljava/lang/Object; @ 116 c2
Event: 9.025 Thread 0x00007fff0400f090 DEOPT PACKING pc=0x00007fffdc7bf300 sp=0x00007fff70bfe320
Event: 9.025 Thread 0x00007fff0400f090 DEOPT UNPACKING pc=0x00007fffdbd8af99 sp=0x00007fff70bfe0b8 mode 2

Classes loaded (20 events):
Event: 4.460 Loading class java/util/Collections$UnmodifiableList$1
Event: 4.460 Loading class java/util/Collections$UnmodifiableList$1 done
Event: 4.548 Loading class java/time/format/DateTimeParseException
Event: 4.548 Loading class java/time/format/DateTimeParseException done
Event: 4.549 Loading class java/time/OffsetDateTime
Event: 4.550 Loading class java/time/OffsetDateTime done
Event: 4.551 Loading class java/text/ParsePosition
Event: 4.551 Loading class java/text/ParsePosition done
Event: 4.551 Loading class java/time/format/DateTimeParseContext
Event: 4.551 Loading class java/time/format/DateTimeParseContext done
Event: 4.551 Loading class java/time/format/Parsed
Event: 4.551 Loading class java/time/format/Parsed done
Event: 4.687 Loading class java/util/concurrent/ScheduledThreadPoolExecutor
Event: 4.687 Loading class java/util/concurrent/ScheduledThreadPoolExecutor done
Event: 4.687 Loading class java/util/concurrent/ScheduledFuture
Event: 4.687 Loading class java/util/concurrent/Delayed
Event: 4.687 Loading class java/util/concurrent/Delayed done
Event: 4.687 Loading class java/util/concurrent/ScheduledFuture done
Event: 4.693 Loading class jdk/internal/event/ThreadSleepEvent
Event: 4.693 Loading class jdk/internal/event/ThreadSleepEvent done

Classes unloaded (0 events):
No events

Classes redefined (0 events):
No events

Internal exceptions (20 events):
Event: 9.003 Thread 0x00007fff10084500 Exception <a 'java/lang/NoClassDefFoundError'{0x00000000e8f55a40}: androidx/sqlite/SQLiteException> (0x00000000e8f55a40) 
thrown [src/hotspot/share/classfile/systemDictionary.cpp, line 302]
Event: 9.003 Thread 0x00007fff10084500 Exception <a 'android/database/SQLException'{0x00000000e8f56038}: Error code: 1555, message: UNIQUE constraint failed: playback_cursor.id> (0x00000000e8f56038) 
thrown [src/hotspot/share/prims/jni.cpp, line 539]
Event: 9.003 Thread 0x00007fff10084500 Exception <a 'java/lang/NoClassDefFoundError'{0x00000000e8f59378}: androidx/sqlite/SQLiteException> (0x00000000e8f59378) 
thrown [src/hotspot/share/classfile/systemDictionary.cpp, line 302]
Event: 9.003 Thread 0x00007fff10084500 Exception <a 'android/database/SQLException'{0x00000000e8f59970}: Error code: 1555, message: UNIQUE constraint failed: playback_cursor.id> (0x00000000e8f59970) 
thrown [src/hotspot/share/prims/jni.cpp, line 539]
Event: 9.004 Thread 0x00007fff04002f60 Exception <a 'java/lang/NoClassDefFoundError'{0x00000000e8f61f10}: androidx/sqlite/SQLiteException> (0x00000000e8f61f10) 
thrown [src/hotspot/share/classfile/systemDictionary.cpp, line 302]
Event: 9.004 Thread 0x00007fff04002f60 Exception <a 'android/database/SQLException'{0x00000000e8f62508}: Error code: 1555, message: UNIQUE constraint failed: playback_cursor.id> (0x00000000e8f62508) 
thrown [src/hotspot/share/prims/jni.cpp, line 539]
Event: 9.004 Thread 0x00007fff04002f60 Exception <a 'java/lang/NoClassDefFoundError'{0x00000000e8f65848}: androidx/sqlite/SQLiteException> (0x00000000e8f65848) 
thrown [src/hotspot/share/classfile/systemDictionary.cpp, line 302]
Event: 9.004 Thread 0x00007fff04002f60 Exception <a 'android/database/SQLException'{0x00000000e8f65e40}: Error code: 1555, message: UNIQUE constraint failed: playback_cursor.id> (0x00000000e8f65e40) 
thrown [src/hotspot/share/prims/jni.cpp, line 539]
Event: 9.021 Thread 0x00007fffec9cd5b0 Exception <a 'sun/nio/fs/UnixException'{0x00000000e8fc4600}> (0x00000000e8fc4600) 
thrown [src/hotspot/share/prims/jni.cpp, line 520]
Event: 9.025 Thread 0x00007fff0400f090 Implicit null exception at 0x00007fffdc7bd2bd to 0x00007fffdc7bf2dc
Event: 9.026 Thread 0x00007fff1001cad0 Exception <a 'java/lang/NoClassDefFoundError'{0x00000000e8db6298}: androidx/sqlite/SQLiteException> (0x00000000e8db6298) 
thrown [src/hotspot/share/classfile/systemDictionary.cpp, line 302]
Event: 9.026 Thread 0x00007fff1001cad0 Exception <a 'android/database/SQLException'{0x00000000e8db6890}: Error code: 1555, message: UNIQUE constraint failed: playback_cursor.id> (0x00000000e8db6890) 
thrown [src/hotspot/share/prims/jni.cpp, line 539]
Event: 9.026 Thread 0x00007fff1001cad0 Exception <a 'java/lang/NoClassDefFoundError'{0x00000000e8db9bd0}: androidx/sqlite/SQLiteException> (0x00000000e8db9bd0) 
thrown [src/hotspot/share/classfile/systemDictionary.cpp, line 302]
Event: 9.026 Thread 0x00007fff1001cad0 Exception <a 'android/database/SQLException'{0x00000000e8dba1c8}: Error code: 1555, message: UNIQUE constraint failed: playback_cursor.id> (0x00000000e8dba1c8) 
thrown [src/hotspot/share/prims/jni.cpp, line 539]
Event: 9.027 Thread 0x00007fff1001cad0 Exception <a 'java/lang/NoClassDefFoundError'{0x00000000e8dc4590}: androidx/sqlite/SQLiteException> (0x00000000e8dc4590) 
thrown [src/hotspot/share/classfile/systemDictionary.cpp, line 302]
Event: 9.027 Thread 0x00007fff1001cad0 Exception <a 'android/database/SQLException'{0x00000000e8dc4b88}: Error code: 1555, message: UNIQUE constraint failed: playback_cursor.id> (0x00000000e8dc4b88) 
thrown [src/hotspot/share/prims/jni.cpp, line 539]
Event: 9.027 Thread 0x00007fff1001cad0 Exception <a 'java/lang/NoClassDefFoundError'{0x00000000e8dc8118}: androidx/sqlite/SQLiteException> (0x00000000e8dc8118) 
thrown [src/hotspot/share/classfile/systemDictionary.cpp, line 302]
Event: 9.027 Thread 0x00007fff1001cad0 Exception <a 'android/database/SQLException'{0x00000000e8dc8710}: Error code: 1555, message: UNIQUE constraint failed: playback_cursor.id> (0x00000000e8dc8710) 
thrown [src/hotspot/share/prims/jni.cpp, line 539]
Event: 9.036 Thread 0x00007fff1001cad0 Exception <a 'java/lang/NoClassDefFoundError'{0x00000000e8dd4c28}: androidx/sqlite/SQLiteException> (0x00000000e8dd4c28) 
thrown [src/hotspot/share/classfile/systemDictionary.cpp, line 302]
Event: 9.036 Thread 0x00007fff1001cad0 Exception <a 'android/database/SQLException'{0x00000000e8dd5220}: Error code: 1555, message: UNIQUE constraint failed: playback_cursor.id> (0x00000000e8dd5220) 
thrown [src/hotspot/share/prims/jni.cpp, line 539]

ZGC Phase Switch (0 events):
No events

VM Operations (20 events):
Event: 4.633 Executing safepoint VM operation: G1CollectForAllocation (G1 Evacuation Pause)
Event: 4.635 Executing safepoint VM operation: G1CollectForAllocation (G1 Evacuation Pause) done
Event: 5.635 Executing safepoint VM operation: Cleanup
Event: 5.635 Executing safepoint VM operation: Cleanup done
Event: 6.635 Executing safepoint VM operation: Cleanup
Event: 6.635 Executing safepoint VM operation: Cleanup done
Event: 7.885 Executing non-safepoint VM operation: HandshakeAllThreads (Deoptimize)
Event: 7.885 Executing non-safepoint VM operation: HandshakeAllThreads (Deoptimize) done
Event: 7.885 Executing safepoint VM operation: Cleanup
Event: 7.885 Executing safepoint VM operation: Cleanup done
Event: 7.959 Executing safepoint VM operation: G1CollectForAllocation (G1 Evacuation Pause)
Event: 7.962 Executing safepoint VM operation: G1CollectForAllocation (G1 Evacuation Pause) done
Event: 8.512 Executing safepoint VM operation: G1CollectForAllocation (G1 Evacuation Pause)
Event: 8.515 Executing safepoint VM operation: G1CollectForAllocation (G1 Evacuation Pause) done
Event: 8.534 Executing safepoint VM operation: G1PauseRemark
Event: 8.537 Executing safepoint VM operation: G1PauseRemark done
Event: 8.544 Executing safepoint VM operation: G1PauseCleanup
Event: 8.544 Executing safepoint VM operation: G1PauseCleanup done
Event: 8.994 Executing safepoint VM operation: G1CollectForAllocation (G1 Evacuation Pause)
Event: 8.996 Executing safepoint VM operation: G1CollectForAllocation (G1 Evacuation Pause) done

Memory protections (20 events):
Event: 8.458 Protecting memory [0x00007ffff062e000,0x00007ffff0632000] with protection modes 0
Event: 8.491 Protecting memory [0x00007ffff062e000,0x00007ffff0632000] with protection modes 0
Event: 8.509 Protecting memory [0x00007ffff062e000,0x00007ffff0632000] with protection modes 0
Event: 8.519 Protecting memory [0x00007fff70c00000,0x00007fff70c04000] with protection modes 0
Event: 8.551 Protecting memory [0x00007fff70c00000,0x00007fff70c04000] with protection modes 0
Event: 8.578 Protecting memory [0x00007fff70c00000,0x00007fff70c04000] with protection modes 0
Event: 8.613 Protecting memory [0x00007fff70c00000,0x00007fff70c04000] with protection modes 0
Event: 8.658 Protecting memory [0x00007fff70c00000,0x00007fff70c04000] with protection modes 0
Event: 8.680 Protecting memory [0x00007fff70c00000,0x00007fff70c04000] with protection modes 0
Event: 8.703 Protecting memory [0x00007fff70c00000,0x00007fff70c04000] with protection modes 0
Event: 8.736 Protecting memory [0x00007fff70c00000,0x00007fff70c04000] with protection modes 0
Event: 8.769 Protecting memory [0x00007fff70c00000,0x00007fff70c04000] with protection modes 0
Event: 8.793 Protecting memory [0x00007fff70c00000,0x00007fff70c04000] with protection modes 0
Event: 8.832 Protecting memory [0x00007fff70c00000,0x00007fff70c04000] with protection modes 0
Event: 8.857 Protecting memory [0x00007fff70c00000,0x00007fff70c04000] with protection modes 0
Event: 8.883 Protecting memory [0x00007fff70c00000,0x00007fff70c04000] with protection modes 0
Event: 8.928 Protecting memory [0x00007fff70c00000,0x00007fff70c04000] with protection modes 0
Event: 8.963 Protecting memory [0x00007fff70c00000,0x00007fff70c04000] with protection modes 0
Event: 8.999 Protecting memory [0x00007fff70c00000,0x00007fff70c04000] with protection modes 0
Event: 9.023 Protecting memory [0x00007fff70c00000,0x00007fff70c04000] with protection modes 0

Nmethod flushes (20 events):
Event: 8.537 Thread 0x00007fffec1872d0 flushing  nmethod 0x00007fffd4f1d410
Event: 8.537 Thread 0x00007fffec1872d0 flushing  nmethod 0x00007fffd4f1dc90
Event: 8.537 Thread 0x00007fffec1872d0 flushing  nmethod 0x00007fffd4f1ea10
Event: 8.537 Thread 0x00007fffec1872d0 flushing  nmethod 0x00007fffd4f4e710
Event: 8.537 Thread 0x00007fffec1872d0 flushing  nmethod 0x00007fffd4f4f010
Event: 8.537 Thread 0x00007fffec1872d0 flushing  nmethod 0x00007fffd4f59490
Event: 8.537 Thread 0x00007fffec1872d0 flushing  nmethod 0x00007fffd4f5c710
Event: 8.537 Thread 0x00007fffec1872d0 flushing  nmethod 0x00007fffd503d390
Event: 8.537 Thread 0x00007fffec1872d0 flushing  nmethod 0x00007fffd503d690
Event: 8.537 Thread 0x00007fffec1872d0 flushing  nmethod 0x00007fffd5049210
Event: 8.537 Thread 0x00007fffec1872d0 flushing  nmethod 0x00007fffd504b390
Event: 8.537 Thread 0x00007fffec1872d0 flushing  nmethod 0x00007fffd504b890
Event: 8.537 Thread 0x00007fffec1872d0 flushing  nmethod 0x00007fffd504e910
Event: 8.537 Thread 0x00007fffec1872d0 flushing  nmethod 0x00007fffd5066f10
Event: 8.537 Thread 0x00007fffec1872d0 flushing  nmethod 0x00007fffd506f810
Event: 8.537 Thread 0x00007fffec1872d0 flushing  nmethod 0x00007fffd5118810
Event: 8.537 Thread 0x00007fffec1872d0 flushing  nmethod 0x00007fffd51a2010
Event: 8.537 Thread 0x00007fffec1872d0 flushing  nmethod 0x00007fffd51a4690
Event: 8.537 Thread 0x00007fffec1872d0 flushing  nmethod 0x00007fffd51ff310
Event: 8.537 Thread 0x00007fffec1872d0 flushing  nmethod 0x00007fffd5200a10

Events (20 events):
Event: 8.726 Thread 0x00007fff1634c610 Thread exited: 0x00007fff1634c610
Event: 8.736 Thread 0x00007fffec9cd5b0 Thread added: 0x00007fff1634c610
Event: 8.759 Thread 0x00007fff1634c610 Thread exited: 0x00007fff1634c610
Event: 8.769 Thread 0x00007fffec9cd5b0 Thread added: 0x00007fff1634c610
Event: 8.781 Thread 0x00007fff1634c610 Thread exited: 0x00007fff1634c610
Event: 8.793 Thread 0x00007fffec9cd5b0 Thread added: 0x00007fff1634c610
Event: 8.816 Thread 0x00007fff1634c610 Thread exited: 0x00007fff1634c610
Event: 8.832 Thread 0x00007fffec9cd5b0 Thread added: 0x00007fff1634c610
Event: 8.846 Thread 0x00007fff1634c610 Thread exited: 0x00007fff1634c610
Event: 8.857 Thread 0x00007fffec9cd5b0 Thread added: 0x00007fff164177e0
Event: 8.873 Thread 0x00007fff164177e0 Thread exited: 0x00007fff164177e0
Event: 8.883 Thread 0x00007fffec9cd5b0 Thread added: 0x00007fff1625b810
Event: 8.918 Thread 0x00007fff1625b810 Thread exited: 0x00007fff1625b810
Event: 8.928 Thread 0x00007fffec9cd5b0 Thread added: 0x00007fff161d1370
Event: 8.951 Thread 0x00007fff161d1370 Thread exited: 0x00007fff161d1370
Event: 8.963 Thread 0x00007fffec9cd5b0 Thread added: 0x00007fff15b0b000
Event: 8.985 Thread 0x00007fff15b0b000 Thread exited: 0x00007fff15b0b000
Event: 8.999 Thread 0x00007fffec9cd5b0 Thread added: 0x00007fff15b0b000
Event: 9.013 Thread 0x00007fff15b0b000 Thread exited: 0x00007fff15b0b000
Event: 9.023 Thread 0x00007fffec9cd5b0 Thread added: 0x00007fff15b0b000


Dynamic libraries:
e0000000-e9000000 rw-p 00000000 00:00 0 
e9000000-eff00000 ---p 00000000 00:00 0 
eff00000-f0000000 rw-p 00000000 00:00 0 
f0000000-ffe00000 ---p 00000000 00:00 0 
ffe00000-fff0d000 rw-p 00cdb000 fe:17 949627                             /nix/store/p3ckxs1gmqir4m2b6yknbbka33da1y4m-openjdk-21.0.12.1+1/lib/openjdk/lib/server/classes.jsa
fff0d000-100000000 rw-p 00000000 00:00 0 
555555554000-555555555000 r--p 00000000 fe:17 411613                     /nix/store/p3ckxs1gmqir4m2b6yknbbka33da1y4m-openjdk-21.0.12.1+1/lib/openjdk/bin/java
555555555000-555555556000 r-xp 00001000 fe:17 411613                     /nix/store/p3ckxs1gmqir4m2b6yknbbka33da1y4m-openjdk-21.0.12.1+1/lib/openjdk/bin/java
555555556000-555555557000 r--p 00002000 fe:17 411613                     /nix/store/p3ckxs1gmqir4m2b6yknbbka33da1y4m-openjdk-21.0.12.1+1/lib/openjdk/bin/java
555555557000-555555558000 r--p 00002000 fe:17 411613                     /nix/store/p3ckxs1gmqir4m2b6yknbbka33da1y4m-openjdk-21.0.12.1+1/lib/openjdk/bin/java
555555558000-55555555a000 rw-p 00003000 fe:17 411613                     /nix/store/p3ckxs1gmqir4m2b6yknbbka33da1y4m-openjdk-21.0.12.1+1/lib/openjdk/bin/java
55555555a000-5555555e4000 rw-p 00000000 00:00 0                          [heap]
7ffeb8000000-7ffeb8059000 rw-p 00000000 00:00 0 
7ffeb8059000-7ffebc000000 ---p 00000000 00:00 0 
7ffec0000000-7ffec006e000 rw-p 00000000 00:00 0 
7ffec006e000-7ffec4000000 ---p 00000000 00:00 0 
7ffec4000000-7ffec41df000 rw-p 00000000 00:00 0 
7ffec41df000-7ffec8000000 ---p 00000000 00:00 0 
7ffec8000000-7ffec8021000 rw-p 00000000 00:00 0 
7ffec8021000-7ffecc000000 ---p 00000000 00:00 0 
7ffecc000000-7ffecc021000 rw-p 00000000 00:00 0 
7ffecc021000-7ffed0000000 ---p 00000000 00:00 0 
7ffed0000000-7ffed0025000 rw-p 00000000 00:00 0 
7ffed0025000-7ffed4000000 ---p 00000000 00:00 0 
7ffed4000000-7ffed4021000 rw-p 00000000 00:00 0 
7ffed4021000-7ffed8000000 ---p 00000000 00:00 0 
7ffed8000000-7ffed8021000 rw-p 00000000 00:00 0 
7ffed8021000-7ffedc000000 ---p 00000000 00:00 0 
7ffedc000000-7ffedc021000 rw-p 00000000 00:00 0 
7ffedc021000-7ffee0000000 ---p 00000000 00:00 0 
7ffee0000000-7ffee0100000 rw-p 00000000 00:00 0 
7ffee0100000-7ffee01b0000 rw-p 00000000 00:00 0 
7ffee01b0000-7ffee0200000 ---p 00000000 00:00 0 
7ffee0200000-7ffee0550000 rw-p 00000000 00:00 0 
7ffee0550000-7ffee4000000 ---p 00000000 00:00 0 
7ffee4000000-7ffee4069000 rw-p 00000000 00:00 0 
7ffee4069000-7ffee8000000 ---p 00000000 00:00 0 
7ffee8000000-7ffee8075000 rw-p 00000000 00:00 0 
7ffee8075000-7ffeec000000 ---p 00000000 00:00 0 
7ffeec000000-7ffeec066000 rw-p 00000000 00:00 0 
7ffeec066000-7ffef0000000 ---p 00000000 00:00 0 
7ffef0000000-7ffef09ba000 rw-p 00000000 00:00 0 
7ffef09ba000-7ffef4000000 ---p 00000000 00:00 0 
7ffef4000000-7ffef4558000 rw-p 00000000 00:00 0 
7ffef4558000-7ffef8000000 ---p 00000000 00:00 0 
7ffef8000000-7ffef806f000 rw-p 00000000 00:00 0 
7ffef806f000-7ffefc000000 ---p 00000000 00:00 0 
7ffefc000000-7ffefc0ed000 rw-p 00000000 00:00 0 
7ffefc0ed000-7fff00000000 ---p 00000000 00:00 0 
7fff00000000-7fff00097000 rw-p 00000000 00:00 0 
7fff00097000-7fff04000000 ---p 00000000 00:00 0 
7fff04000000-7fff04085000 rw-p 00000000 00:00 0 
7fff04085000-7fff08000000 ---p 00000000 00:00 0 
7fff08000000-7fff080b9000 rw-p 00000000 00:00 0 
7fff080b9000-7fff0c000000 ---p 00000000 00:00 0 
7fff0c000000-7fff0c021000 rw-p 00000000 00:00 0 
7fff0c021000-7fff10000000 ---p 00000000 00:00 0 
7fff10000000-7fff100b6000 rw-p 00000000 00:00 0 
7fff100b6000-7fff14000000 ---p 00000000 00:00 0 
7fff14000000-7fff16506000 rw-p 00000000 00:00 0 
7fff16506000-7fff18000000 ---p 00000000 00:00 0 
7fff18000000-7fff19460000 rw-p 00000000 00:00 0 
7fff19460000-7fff1c000000 ---p 00000000 00:00 0 
7fff1c000000-7fff1c021000 rw-p 00000000 00:00 0 
7fff1c021000-7fff20000000 ---p 00000000 00:00 0 
7fff20000000-7fff20021000 rw-p 00000000 00:00 0 
7fff20021000-7fff24000000 ---p 00000000 00:00 0 
7fff24000000-7fff24021000 rw-p 00000000 00:00 0 
7fff24021000-7fff28000000 ---p 00000000 00:00 0 
7fff28000000-7fff28021000 rw-p 00000000 00:00 0 
7fff28021000-7fff2c000000 ---p 00000000 00:00 0 
7fff2c000000-7fff2c021000 rw-p 00000000 00:00 0 
7fff2c021000-7fff30000000 ---p 00000000 00:00 0 
7fff30000000-7fff30021000 rw-p 00000000 00:00 0 
7fff30021000-7fff34000000 ---p 00000000 00:00 0 
7fff34000000-7fff34021000 rw-p 00000000 00:00 0 
7fff34021000-7fff38000000 ---p 00000000 00:00 0 
7fff38000000-7fff38021000 rw-p 00000000 00:00 0 
7fff38021000-7fff3c000000 ---p 00000000 00:00 0 
7fff3c000000-7fff3c021000 rw-p 00000000 00:00 0 
7fff3c021000-7fff40000000 ---p 00000000 00:00 0 
7fff40000000-7fff40021000 rw-p 00000000 00:00 0 
7fff40021000-7fff44000000 ---p 00000000 00:00 0 
7fff44000000-7fff44021000 rw-p 00000000 00:00 0 
7fff44021000-7fff48000000 ---p 00000000 00:00 0 
7fff48000000-7fff48e80000 rw-p 00000000 00:00 0 
7fff48e80000-7fff4c000000 ---p 00000000 00:00 0 
7fff4c000000-7fff4c801000 rw-p 00000000 00:00 0 
7fff4c801000-7fff50000000 ---p 00000000 00:00 0 
7fff50000000-7fff50021000 rw-p 00000000 00:00 0 
7fff50021000-7fff54000000 ---p 00000000 00:00 0 
7fff54000000-7fff54021000 rw-p 00000000 00:00 0 
7fff54021000-7fff58000000 ---p 00000000 00:00 0 
7fff58000000-7fff5a2f3000 rw-p 00000000 00:00 0 
7fff5a2f3000-7fff5c000000 ---p 00000000 00:00 0 
7fff5c000000-7fff5c021000 rw-p 00000000 00:00 0 
7fff5c021000-7fff60000000 ---p 00000000 00:00 0 
7fff60000000-7fff60021000 rw-p 00000000 00:00 0 
7fff60021000-7fff64000000 ---p 00000000 00:00 0 
7fff64000000-7fff64021000 rw-p 00000000 00:00 0 
7fff64021000-7fff68000000 ---p 00000000 00:00 0 
7fff68000000-7fff68021000 rw-p 00000000 00:00 0 
7fff68021000-7fff6c000000 ---p 00000000 00:00 0 
7fff6c000000-7fff6c021000 rw-p 00000000 00:00 0 
7fff6c021000-7fff70000000 ---p 00000000 00:00 0 
7fff70b00000-7fff70b04000 ---p 00000000 00:00 0 
7fff70b04000-7fff70c00000 rw-p 00000000 00:00 0 
7fff70c00000-7fff70c04000 ---p 00000000 00:00 0 
7fff70c04000-7fff70d00000 rw-p 00000000 00:00 0 
7fff70d00000-7fff70d04000 ---p 00000000 00:00 0 
7fff70d04000-7fff70e00000 rw-p 00000000 00:00 0 
7fff70e00000-7fff70e04000 ---p 00000000 00:00 0 
7fff70e04000-7fff70f00000 rw-p 00000000 00:00 0 
7fff70f00000-7fff70f04000 ---p 00000000 00:00 0 
7fff70f04000-7fff71000000 rw-p 00000000 00:00 0 
7fff71000000-7fff71004000 ---p 00000000 00:00 0 
7fff71004000-7fff71100000 rw-p 00000000 00:00 0 
7fff71100000-7fff71104000 ---p 00000000 00:00 0 
7fff71104000-7fff71200000 rw-p 00000000 00:00 0 
7fff71200000-7fff71204000 ---p 00000000 00:00 0 
7fff71204000-7fff71300000 rw-p 00000000 00:00 0 
7fff71300000-7fff71304000 ---p 00000000 00:00 0 
7fff71304000-7fff71400000 rw-p 00000000 00:00 0 
7fff71400000-7fff72eaa000 r--p 00000000 fe:17 1209194                    /tmp/robolectric-nativeruntime3578343632391158789/icu/icudt75l.dat
7fff72f00000-7fff72f04000 ---p 00000000 00:00 0 
7fff72f04000-7fff73000000 rw-p 00000000 00:00 0 
7fff73000000-7fff73400000 rw-p 00000000 00:00 0 
7fff73400000-7fff737c0000 rw-p 00000000 00:00 0 
7fff737c0000-7fff73900000 rw-p 00000000 00:00 0 
7fff73900000-7fff739e0000 rw-p 00000000 00:00 0 
7fff739e0000-7fff73b00000 rw-p 00000000 00:00 0 
7fff73b00000-7fff73f00000 rw-p 00000000 00:00 0 
7fff73f00000-7fff74000000 rw-p 00000000 00:00 0 
7fff74000000-7fff74700000 rw-p 00000000 00:00 0 
7fff74700000-7fff74800000 rw-p 00000000 00:00 0 
7fff74800000-7fff74d40000 rw-p 00000000 00:00 0 
7fff74d40000-7fff76100000 rw-p 00000000 00:00 0 
7fff76100000-7fff76820000 rw-p 00000000 00:00 0 
7fff76820000-7fff77000000 rw-p 00000000 00:00 0 
7fff77000000-7fff77c9c000 rw-p 00001000 fe:17 949627                     /nix/store/p3ckxs1gmqir4m2b6yknbbka33da1y4m-openjdk-21.0.12.1+1/lib/openjdk/lib/server/classes.jsa
7fff77c9c000-7fff78000000 ---p 00000000 00:00 0 
7fff78000000-7fff78040000 rw-p 00000000 00:00 0 
7fff78040000-7fff780c0000 rw-p 00000000 00:00 0 
7fff780c0000-7fff78100000 rw-p 00000000 00:00 0 
7fff78100000-7fff78180000 rw-p 00000000 00:00 0 
7fff78180000-7fff783f0000 rw-p 00000000 00:00 0 
7fff783f0000-7fff78400000 ---p 00000000 00:00 0 
7fff78400000-7fff788b0000 rw-p 00000000 00:00 0 
7fff788b0000-7fffb8000000 ---p 00000000 00:00 0 
7fffb8000000-7fffb8021000 rw-p 00000000 00:00 0 
7fffb8021000-7fffbc000000 ---p 00000000 00:00 0 
7fffbc000000-7fffbc021000 rw-p 00000000 00:00 0 
7fffbc021000-7fffc0000000 ---p 00000000 00:00 0 
7fffc0000000-7fffc0021000 rw-p 00000000 00:00 0 
7fffc0021000-7fffc4000000 ---p 00000000 00:00 0 
7fffc403d000-7fffc4041000 ---p 00000000 00:00 0 
7fffc4041000-7fffc413d000 rw-p 00000000 00:00 0 
7fffc413d000-7fffc4141000 ---p 00000000 00:00 0 
7fffc4141000-7fffc423d000 rw-p 00000000 00:00 0 
7fffc423d000-7fffc4241000 ---p 00000000 00:00 0 
7fffc4241000-7fffc433d000 rw-p 00000000 00:00 0 
7fffc433d000-7fffc4341000 ---p 00000000 00:00 0 
7fffc4341000-7fffc443d000 rw-p 00000000 00:00 0 
7fffc443d000-7fffc4441000 ---p 00000000 00:00 0 
7fffc4441000-7fffc453d000 rw-p 00000000 00:00 0 
7fffc453d000-7fffc4541000 ---p 00000000 00:00 0 
7fffc4541000-7fffc463d000 rw-p 00000000 00:00 0 
7fffc463d000-7fffc4641000 ---p 00000000 00:00 0 
7fffc4641000-7fffc473d000 rw-p 00000000 00:00 0 
7fffc473d000-7fffc4785000 r--p 00000000 fe:17 704665                     /tmp/androidx_sqliteJni8061046379484516186.tmp
7fffc4785000-7fffc48f7000 r-xp 00047000 fe:17 704665                     /tmp/androidx_sqliteJni8061046379484516186.tmp
7fffc48f7000-7fffc48fb000 r--p 001b8000 fe:17 704665                     /tmp/androidx_sqliteJni8061046379484516186.tmp
7fffc48fb000-7fffc4900000 rw-p 001bb000 fe:17 704665                     /tmp/androidx_sqliteJni8061046379484516186.tmp
7fffc4900000-7fffc4904000 ---p 00000000 00:00 0 
7fffc4904000-7fffc4a00000 rw-p 00000000 00:00 0 
7fffc4a00000-7fffc4a9c000 r--p 00000000 fe:17 704663                     /tmp/libconscrypt_openjdk_jni-linux-x86_6417903077910710000.so (deleted)
7fffc4a9c000-7fffc4d11000 r-xp 0009c000 fe:17 704663                     /tmp/libconscrypt_openjdk_jni-linux-x86_6417903077910710000.so (deleted)
7fffc4d11000-7fffc4df0000 r--p 00311000 fe:17 704663                     /tmp/libconscrypt_openjdk_jni-linux-x86_6417903077910710000.so (deleted)
7fffc4df0000-7fffc4df1000 ---p 003f0000 fe:17 704663                     /tmp/libconscrypt_openjdk_jni-linux-x86_6417903077910710000.so (deleted)
7fffc4df1000-7fffc4e09000 r--p 003f0000 fe:17 704663                     /tmp/libconscrypt_openjdk_jni-linux-x86_6417903077910710000.so (deleted)
7fffc4e09000-7fffc4e0e000 rw-p 00408000 fe:17 704663                     /tmp/libconscrypt_openjdk_jni-linux-x86_6417903077910710000.so (deleted)
7fffc4e0e000-7fffc4e11000 rw-p 00000000 00:00 0 
7fffc4f00000-7fffc4f04000 ---p 00000000 00:00 0 
7fffc4f04000-7fffc5000000 rw-p 00000000 00:00 0 
7fffc5000000-7fffc53f8000 r--p 00000000 fe:17 830142                     /tmp/robolectric-nativeruntime3578343632391158789/libandroid_runtime.so
7fffc53f8000-7fffc5e7d000 r-xp 003f7000 fe:17 830142                     /tmp/robolectric-nativeruntime3578343632391158789/libandroid_runtime.so
7fffc5e7d000-7fffc5ecd000 r--p 00e7b000 fe:17 830142                     /tmp/robolectric-nativeruntime3578343632391158789/libandroid_runtime.so
7fffc5ecd000-7fffc5ed4000 rw-p 00eca000 fe:17 830142                     /tmp/robolectric-nativeruntime3578343632391158789/libandroid_runtime.so
7fffc5ed4000-7fffc5ee0000 rw-p 00000000 00:00 0 
7fffc5f00000-7fffc5f04000 ---p 00000000 00:00 0 
7fffc5f04000-7fffc6000000 rw-p 00000000 00:00 0 
7fffc6000000-7fffc8021000 rw-p 00000000 00:00 0 
7fffc8021000-7fffcc000000 ---p 00000000 00:00 0 
7fffcc000000-7fffcc021000 rw-p 00000000 00:00 0 
7fffcc021000-7fffd0000000 ---p 00000000 00:00 0 
7fffd0000000-7fffd0021000 rw-p 00000000 00:00 0 
7fffd0021000-7fffd4000000 ---p 00000000 00:00 0 
7fffd40fb000-7fffd41fc000 rw-p 00000000 00:00 0 
7fffd41fc000-7fffd4200000 ---p 00000000 00:00 0 
7fffd4200000-7fffd42fc000 rw-p 00000000 00:00 0 
7fffd42fc000-7fffd4300000 ---p 00000000 00:00 0 
7fffd4300000-7fffd4800000 rw-p 00000000 00:00 0 
7fffd4800000-7fffd5ab0000 rwxp 00000000 00:00 0 
7fffd5ab0000-7fffdbd37000 ---p 00000000 00:00 0 
7fffdbd37000-7fffdbfd7000 rwxp 00000000 00:00 0 
7fffdbfd7000-7fffdc2c9000 ---p 00000000 00:00 0 
7fffdc2c9000-7fffdc889000 rwxp 00000000 00:00 0 
7fffdc889000-7fffe3800000 ---p 00000000 00:00 0 
7fffe3800000-7fffebf6e000 r--s 00000000 fe:17 949580                     /nix/store/p3ckxs1gmqir4m2b6yknbbka33da1y4m-openjdk-21.0.12.1+1/lib/openjdk/lib/modules
7fffec000000-7fffecb73000 rw-p 00000000 00:00 0 
7fffecb73000-7ffff0000000 ---p 00000000 00:00 0 
7ffff002b000-7ffff032e000 rw-p 00000000 00:00 0 
7ffff032e000-7ffff0332000 ---p 00000000 00:00 0 
7ffff0332000-7ffff042e000 rw-p 00000000 00:00 0 
7ffff042e000-7ffff0432000 ---p 00000000 00:00 0 
7ffff0432000-7ffff052e000 rw-p 00000000 00:00 0 
7ffff052e000-7ffff0532000 ---p 00000000 00:00 0 
7ffff0532000-7ffff062e000 rw-p 00000000 00:00 0 
7ffff062e000-7ffff0632000 ---p 00000000 00:00 0 
7ffff0632000-7ffff072e000 rw-p 00000000 00:00 0 
7ffff072e000-7ffff0732000 ---p 00000000 00:00 0 
7ffff0732000-7ffff082e000 rw-p 00000000 00:00 0 
7ffff082e000-7ffff0832000 ---p 00000000 00:00 0 
7ffff0832000-7ffff092e000 rw-p 00000000 00:00 0 
7ffff092e000-7ffff0934000 r--p 00000000 fe:17 949557                     /nix/store/p3ckxs1gmqir4m2b6yknbbka33da1y4m-openjdk-21.0.12.1+1/lib/openjdk/lib/libjsvml.so
7ffff0934000-7ffff0975000 r-xp 00006000 fe:17 949557                     /nix/store/p3ckxs1gmqir4m2b6yknbbka33da1y4m-openjdk-21.0.12.1+1/lib/openjdk/lib/libjsvml.so
7ffff0975000-7ffff09fe000 r--p 00047000 fe:17 949557                     /nix/store/p3ckxs1gmqir4m2b6yknbbka33da1y4m-openjdk-21.0.12.1+1/lib/openjdk/lib/libjsvml.so
7ffff09fe000-7ffff09ff000 r--p 000cf000 fe:17 949557                     /nix/store/p3ckxs1gmqir4m2b6yknbbka33da1y4m-openjdk-21.0.12.1+1/lib/openjdk/lib/libjsvml.so
7ffff09ff000-7ffff0a00000 rw-p 000d0000 fe:17 949557                     /nix/store/p3ckxs1gmqir4m2b6yknbbka33da1y4m-openjdk-21.0.12.1+1/lib/openjdk/lib/libjsvml.so
7ffff0a00000-7ffff0a04000 ---p 00000000 00:00 0 
7ffff0a04000-7ffff0b00000 rw-p 00000000 00:00 0 
7ffff0b00000-7ffff0b04000 ---p 00000000 00:00 0 
7ffff0b04000-7ffff0c00000 rw-p 00000000 00:00 0 
7ffff0c00000-7ffff0c04000 ---p 00000000 00:00 0 
7ffff0c04000-7ffff0d00000 rw-p 00000000 00:00 0 
7ffff0d00000-7ffff0d04000 ---p 00000000 00:00 0 
7ffff0d04000-7ffff0e00000 rw-p 00000000 00:00 0 
7ffff0e00000-7ffff0e04000 ---p 00000000 00:00 0 
7ffff0e04000-7ffff0f00000 rw-p 00000000 00:00 0 
7ffff0f00000-7ffff0f04000 ---p 00000000 00:00 0 
7ffff0f04000-7ffff1000000 rw-p 00000000 00:00 0 
7ffff1000000-7ffff12ee000 r--p 00000000 fe:17 1314684                    /nix/store/qfxqcsrsl9mmgq319a218c0xijz3d0qx-glibc-locales-2.42-84/lib/locale/locale-archive
7ffff12f2000-7ffff12f6000 ---p 00000000 00:00 0 
7ffff12f6000-7ffff17f6000 rw-p 00000000 00:00 0 
7ffff17f6000-7ffff1ffe000 rw-p 00000000 00:00 0 
7ffff1ffe000-7ffff2200000 rw-p 00000000 00:00 0 
7ffff2200000-7ffff2440000 rw-p 00000000 00:00 0 
7ffff2440000-7ffff25fc000 ---p 00000000 00:00 0 
7ffff25fc000-7ffff2600000 rw-p 00000000 00:00 0 
7ffff2600000-7ffff29f8000 ---p 00000000 00:00 0 
7ffff29f8000-7ffff2a00000 rw-p 00000000 00:00 0 
7ffff2a0c000-7ffff2b0d000 rw-p 00000000 00:00 0 
7ffff2b0d000-7ffff2b55000 rw-p 00000000 00:00 0 
7ffff2b55000-7ffff2b8c000 ---p 00000000 00:00 0 
7ffff2b8c000-7ffff2b8d000 rw-p 00000000 00:00 0 
7ffff2b8d000-7ffff2c0c000 ---p 00000000 00:00 0 
7ffff2c0c000-7ffff2c55000 rw-p 00000000 00:00 0 
7ffff2c55000-7ffff2c8c000 ---p 00000000 00:00 0 
7ffff2c8c000-7ffff2c8d000 rw-p 00000000 00:00 0 
7ffff2c8d000-7ffff2d0c000 ---p 00000000 00:00 0 
7ffff2d0c000-7ffff3521000 rw-p 00000000 00:00 0 
7ffff3521000-7ffff3600000 ---p 00000000 00:00 0 
7ffff3600000-7ffff36aa000 r--p 00000000 fe:17 1983685                    /nix/store/604gsr59rj7dzd0nrhp143rpvf7gyiaz-gcc-15.3.0-lib/lib/libstdc++.so.6.0.34
7ffff36aa000-7ffff37df000 r-xp 000aa000 fe:17 1983685                    /nix/store/604gsr59rj7dzd0nrhp143rpvf7gyiaz-gcc-15.3.0-lib/lib/libstdc++.so.6.0.34
7ffff37df000-7ffff386d000 r--p 001df000 fe:17 1983685                    /nix/store/604gsr59rj7dzd0nrhp143rpvf7gyiaz-gcc-15.3.0-lib/lib/libstdc++.so.6.0.34
7ffff386d000-7ffff387e000 r--p 0026c000 fe:17 1983685                    /nix/store/604gsr59rj7dzd0nrhp143rpvf7gyiaz-gcc-15.3.0-lib/lib/libstdc++.so.6.0.34
7ffff387e000-7ffff387f000 rw-p 0027d000 fe:17 1983685                    /nix/store/604gsr59rj7dzd0nrhp143rpvf7gyiaz-gcc-15.3.0-lib/lib/libstdc++.so.6.0.34
7ffff387f000-7ffff3883000 rw-p 00000000 00:00 0 
7ffff3894000-7ffff393b000 rw-p 00000000 00:00 0 
7ffff393b000-7ffff3a00000 ---p 00000000 00:00 0 
7ffff3a00000-7ffff3caa000 r--p 00000000 fe:17 949663                     /nix/store/p3ckxs1gmqir4m2b6yknbbka33da1y4m-openjdk-21.0.12.1+1/lib/openjdk/lib/server/libjvm.so
7ffff3caa000-7ffff4be2000 r-xp 002aa000 fe:17 949663                     /nix/store/p3ckxs1gmqir4m2b6yknbbka33da1y4m-openjdk-21.0.12.1+1/lib/openjdk/lib/server/libjvm.so
7ffff4be2000-7ffff4eb5000 r--p 011e2000 fe:17 949663                     /nix/store/p3ckxs1gmqir4m2b6yknbbka33da1y4m-openjdk-21.0.12.1+1/lib/openjdk/lib/server/libjvm.so
7ffff4eb5000-7ffff4f8b000 r--p 014b5000 fe:17 949663                     /nix/store/p3ckxs1gmqir4m2b6yknbbka33da1y4m-openjdk-21.0.12.1+1/lib/openjdk/lib/server/libjvm.so
7ffff4f8b000-7ffff4fbb000 rw-p 0158b000 fe:17 949663                     /nix/store/p3ckxs1gmqir4m2b6yknbbka33da1y4m-openjdk-21.0.12.1+1/lib/openjdk/lib/server/libjvm.so
7ffff4fbb000-7ffff5021000 rw-p 00000000 00:00 0 
7ffff5021000-7ffff5025000 rw-p 01a1d000 fe:17 949663                     /nix/store/p3ckxs1gmqir4m2b6yknbbka33da1y4m-openjdk-21.0.12.1+1/lib/openjdk/lib/server/libjvm.so
7ffff5068000-7ffff5069000 rw-p 00000000 00:00 0 
7ffff5069000-7ffff506e000 r--p 00000000 fe:17 949577                     /nix/store/p3ckxs1gmqir4m2b6yknbbka33da1y4m-openjdk-21.0.12.1+1/lib/openjdk/lib/libverify.so
7ffff506e000-7ffff5076000 r-xp 00005000 fe:17 949577                     /nix/store/p3ckxs1gmqir4m2b6yknbbka33da1y4m-openjdk-21.0.12.1+1/lib/openjdk/lib/libverify.so
7ffff5076000-7ffff5078000 r--p 0000d000 fe:17 949577                     /nix/store/p3ckxs1gmqir4m2b6yknbbka33da1y4m-openjdk-21.0.12.1+1/lib/openjdk/lib/libverify.so
7ffff5078000-7ffff507a000 r--p 0000e000 fe:17 949577                     /nix/store/p3ckxs1gmqir4m2b6yknbbka33da1y4m-openjdk-21.0.12.1+1/lib/openjdk/lib/libverify.so
7ffff507a000-7ffff507b000 rw-p 00010000 fe:17 949577                     /nix/store/p3ckxs1gmqir4m2b6yknbbka33da1y4m-openjdk-21.0.12.1+1/lib/openjdk/lib/libverify.so
7ffff507b000-7ffff507c000 rw-p 00012000 fe:17 949577                     /nix/store/p3ckxs1gmqir4m2b6yknbbka33da1y4m-openjdk-21.0.12.1+1/lib/openjdk/lib/libverify.so
7ffff507c000-7ffff507f000 r--p 00000000 fe:17 949578                     /nix/store/p3ckxs1gmqir4m2b6yknbbka33da1y4m-openjdk-21.0.12.1+1/lib/openjdk/lib/libzip.so
7ffff507f000-7ffff5084000 r-xp 00003000 fe:17 949578                     /nix/store/p3ckxs1gmqir4m2b6yknbbka33da1y4m-openjdk-21.0.12.1+1/lib/openjdk/lib/libzip.so
7ffff5084000-7ffff5086000 r--p 00008000 fe:17 949578                     /nix/store/p3ckxs1gmqir4m2b6yknbbka33da1y4m-openjdk-21.0.12.1+1/lib/openjdk/lib/libzip.so
7ffff5086000-7ffff5087000 r--p 00009000 fe:17 949578                     /nix/store/p3ckxs1gmqir4m2b6yknbbka33da1y4m-openjdk-21.0.12.1+1/lib/openjdk/lib/libzip.so
7ffff5087000-7ffff5088000 rw-p 0000a000 fe:17 949578                     /nix/store/p3ckxs1gmqir4m2b6yknbbka33da1y4m-openjdk-21.0.12.1+1/lib/openjdk/lib/libzip.so
7ffff5088000-7ffff508a000 rw-p 0000d000 fe:17 949578                     /nix/store/p3ckxs1gmqir4m2b6yknbbka33da1y4m-openjdk-21.0.12.1+1/lib/openjdk/lib/libzip.so
7ffff508a000-7ffff5092000 r--p 00000000 fe:17 949568                     /nix/store/p3ckxs1gmqir4m2b6yknbbka33da1y4m-openjdk-21.0.12.1+1/lib/openjdk/lib/libnio.so
7ffff5092000-7ffff509b000 r-xp 00008000 fe:17 949568                     /nix/store/p3ckxs1gmqir4m2b6yknbbka33da1y4m-openjdk-21.0.12.1+1/lib/openjdk/lib/libnio.so
7ffff509b000-7ffff509f000 r--p 00011000 fe:17 949568                     /nix/store/p3ckxs1gmqir4m2b6yknbbka33da1y4m-openjdk-21.0.12.1+1/lib/openjdk/lib/libnio.so
7ffff509f000-7ffff50a0000 r--p 00015000 fe:17 949568                     /nix/store/p3ckxs1gmqir4m2b6yknbbka33da1y4m-openjdk-21.0.12.1+1/lib/openjdk/lib/libnio.so
7ffff50a0000-7ffff50a1000 rw-p 00016000 fe:17 949568                     /nix/store/p3ckxs1gmqir4m2b6yknbbka33da1y4m-openjdk-21.0.12.1+1/lib/openjdk/lib/libnio.so
7ffff50a1000-7ffff50a5000 rw-p 0001c000 fe:17 949568                     /nix/store/p3ckxs1gmqir4m2b6yknbbka33da1y4m-openjdk-21.0.12.1+1/lib/openjdk/lib/libnio.so
7ffff50a5000-7ffff5100000 rw-p 00000000 00:00 0 
7ffff5100000-7ffff5104000 ---p 00000000 00:00 0 
7ffff5104000-7ffff5200000 rw-p 00000000 00:00 0 
7ffff5200000-7ffff5226000 r--p 00000000 fe:17 1998245                    /nix/store/ilf3wdjk0da1809mxi47plm4j2gfm5n5-systemd-minimal-261.2/lib/libsystemd.so.0.44.0
7ffff5226000-7ffff539b000 r-xp 00026000 fe:17 1998245                    /nix/store/ilf3wdjk0da1809mxi47plm4j2gfm5n5-systemd-minimal-261.2/lib/libsystemd.so.0.44.0
7ffff539b000-7ffff5411000 r--p 0019b000 fe:17 1998245                    /nix/store/ilf3wdjk0da1809mxi47plm4j2gfm5n5-systemd-minimal-261.2/lib/libsystemd.so.0.44.0
7ffff5411000-7ffff541e000 r--p 00211000 fe:17 1998245                    /nix/store/ilf3wdjk0da1809mxi47plm4j2gfm5n5-systemd-minimal-261.2/lib/libsystemd.so.0.44.0
7ffff541e000-7ffff541f000 rw-p 0021e000 fe:17 1998245                    /nix/store/ilf3wdjk0da1809mxi47plm4j2gfm5n5-systemd-minimal-261.2/lib/libsystemd.so.0.44.0
7ffff541f000-7ffff5420000 rw-p 00000000 00:00 0 
7ffff5420000-7ffff5421000 r--p 00000000 fe:17 949536                     /nix/store/p3ckxs1gmqir4m2b6yknbbka33da1y4m-openjdk-21.0.12.1+1/lib/openjdk/lib/libextnet.so
7ffff5421000-7ffff5422000 r-xp 00001000 fe:17 949536                     /nix/store/p3ckxs1gmqir4m2b6yknbbka33da1y4m-openjdk-21.0.12.1+1/lib/openjdk/lib/libextnet.so
7ffff5422000-7ffff5423000 r--p 00002000 fe:17 949536                     /nix/store/p3ckxs1gmqir4m2b6yknbbka33da1y4m-openjdk-21.0.12.1+1/lib/openjdk/lib/libextnet.so
7ffff5423000-7ffff5424000 r--p 00002000 fe:17 949536                     /nix/store/p3ckxs1gmqir4m2b6yknbbka33da1y4m-openjdk-21.0.12.1+1/lib/openjdk/lib/libextnet.so
7ffff5424000-7ffff5425000 rw-p 00003000 fe:17 949536                     /nix/store/p3ckxs1gmqir4m2b6yknbbka33da1y4m-openjdk-21.0.12.1+1/lib/openjdk/lib/libextnet.so
7ffff5425000-7ffff5426000 rw-p 00005000 fe:17 949536                     /nix/store/p3ckxs1gmqir4m2b6yknbbka33da1y4m-openjdk-21.0.12.1+1/lib/openjdk/lib/libextnet.so
7ffff5426000-7ffff5429000 r--p 00000000 fe:17 949567                     /nix/store/p3ckxs1gmqir4m2b6yknbbka33da1y4m-openjdk-21.0.12.1+1/lib/openjdk/lib/libnet.so
7ffff5429000-7ffff5431000 r-xp 00003000 fe:17 949567                     /nix/store/p3ckxs1gmqir4m2b6yknbbka33da1y4m-openjdk-21.0.12.1+1/lib/openjdk/lib/libnet.so
7ffff5431000-7ffff5433000 r--p 0000b000 fe:17 949567                     /nix/store/p3ckxs1gmqir4m2b6yknbbka33da1y4m-openjdk-21.0.12.1+1/lib/openjdk/lib/libnet.so
7ffff5433000-7ffff5434000 r--p 0000d000 fe:17 949567                     /nix/store/p3ckxs1gmqir4m2b6yknbbka33da1y4m-openjdk-21.0.12.1+1/lib/openjdk/lib/libnet.so
7ffff5434000-7ffff5435000 rw-p 0000e000 fe:17 949567                     /nix/store/p3ckxs1gmqir4m2b6yknbbka33da1y4m-openjdk-21.0.12.1+1/lib/openjdk/lib/libnet.so
7ffff5435000-7ffff5437000 rw-p 00012000 fe:17 949567                     /nix/store/p3ckxs1gmqir4m2b6yknbbka33da1y4m-openjdk-21.0.12.1+1/lib/openjdk/lib/libnet.so
7ffff5437000-7ffff54a0000 rw-p 00000000 00:00 0 
7ffff54a0000-7ffff54a6000 ---p 00000000 00:00 0 
7ffff54a6000-7ffff54b4000 r--p 00000000 fe:17 949545                     /nix/store/p3ckxs1gmqir4m2b6yknbbka33da1y4m-openjdk-21.0.12.1+1/lib/openjdk/lib/libjava.so
7ffff54b4000-7ffff54c3000 r-xp 0000e000 fe:17 949545                     /nix/store/p3ckxs1gmqir4m2b6yknbbka33da1y4m-openjdk-21.0.12.1+1/lib/openjdk/lib/libjava.so
7ffff54c3000-7ffff54c8000 r--p 0001d000 fe:17 949545                     /nix/store/p3ckxs1gmqir4m2b6yknbbka33da1y4m-openjdk-21.0.12.1+1/lib/openjdk/lib/libjava.so
7ffff54c8000-7ffff54c9000 r--p 00022000 fe:17 949545                     /nix/store/p3ckxs1gmqir4m2b6yknbbka33da1y4m-openjdk-21.0.12.1+1/lib/openjdk/lib/libjava.so
7ffff54c9000-7ffff54ca000 rw-p 00023000 fe:17 949545                     /nix/store/p3ckxs1gmqir4m2b6yknbbka33da1y4m-openjdk-21.0.12.1+1/lib/openjdk/lib/libjava.so
7ffff54ca000-7ffff54cb000 rw-p 00000000 00:00 0 
7ffff54cb000-7ffff54d1000 rw-p 0002e000 fe:17 949545                     /nix/store/p3ckxs1gmqir4m2b6yknbbka33da1y4m-openjdk-21.0.12.1+1/lib/openjdk/lib/libjava.so
7ffff54d1000-7ffff54d9000 rw-s 00000000 fe:17 704658                     /tmp/hsperfdata_austin/265149
7ffff54d9000-7ffff54da000 ---p 00000000 00:00 0 
7ffff54da000-7ffff54db000 r--p 00000000 00:00 0 
7ffff54db000-7ffff54dd000 r--p 00000000 fe:17 949552                     /nix/store/p3ckxs1gmqir4m2b6yknbbka33da1y4m-openjdk-21.0.12.1+1/lib/openjdk/lib/libjimage.so
7ffff54dd000-7ffff54e0000 r-xp 00002000 fe:17 949552                     /nix/store/p3ckxs1gmqir4m2b6yknbbka33da1y4m-openjdk-21.0.12.1+1/lib/openjdk/lib/libjimage.so
7ffff54e0000-7ffff54e1000 r--p 00005000 fe:17 949552                     /nix/store/p3ckxs1gmqir4m2b6yknbbka33da1y4m-openjdk-21.0.12.1+1/lib/openjdk/lib/libjimage.so
7ffff54e1000-7ffff54e2000 r--p 00006000 fe:17 949552                     /nix/store/p3ckxs1gmqir4m2b6yknbbka33da1y4m-openjdk-21.0.12.1+1/lib/openjdk/lib/libjimage.so
7ffff54e2000-7ffff54e3000 rw-p 00007000 fe:17 949552                     /nix/store/p3ckxs1gmqir4m2b6yknbbka33da1y4m-openjdk-21.0.12.1+1/lib/openjdk/lib/libjimage.so
7ffff54e3000-7ffff54e4000 rw-p 0000a000 fe:17 949552                     /nix/store/p3ckxs1gmqir4m2b6yknbbka33da1y4m-openjdk-21.0.12.1+1/lib/openjdk/lib/libjimage.so
7ffff54e4000-7ffff54e8000 r--p 00000000 fe:17 524322                     /nix/store/wkiqjb44n5k0fwhmc523dvflspd47q3b-gcc-15.3.0-libgcc/lib/libgcc_s.so.1
7ffff54e8000-7ffff550b000 r-xp 00004000 fe:17 524322                     /nix/store/wkiqjb44n5k0fwhmc523dvflspd47q3b-gcc-15.3.0-libgcc/lib/libgcc_s.so.1
7ffff550b000-7ffff550f000 r--p 00027000 fe:17 524322                     /nix/store/wkiqjb44n5k0fwhmc523dvflspd47q3b-gcc-15.3.0-libgcc/lib/libgcc_s.so.1
7ffff550f000-7ffff5510000 r--p 0002b000 fe:17 524322                     /nix/store/wkiqjb44n5k0fwhmc523dvflspd47q3b-gcc-15.3.0-libgcc/lib/libgcc_s.so.1
7ffff5510000-7ffff5511000 rw-p 0002c000 fe:17 524322                     /nix/store/wkiqjb44n5k0fwhmc523dvflspd47q3b-gcc-15.3.0-libgcc/lib/libgcc_s.so.1
7ffff5511000-7ffff5512000 r--p 00000000 fe:17 1966118                    /nix/store/lm3pknxi0ipypy3lxh1wmm8wvvavdwrn-glibc-2.42-84/lib/librt.so.1
7ffff5512000-7ffff5513000 r-xp 00001000 fe:17 1966118                    /nix/store/lm3pknxi0ipypy3lxh1wmm8wvvavdwrn-glibc-2.42-84/lib/librt.so.1
7ffff5513000-7ffff5514000 r--p 00002000 fe:17 1966118                    /nix/store/lm3pknxi0ipypy3lxh1wmm8wvvavdwrn-glibc-2.42-84/lib/librt.so.1
7ffff5514000-7ffff5515000 r--p 00002000 fe:17 1966118                    /nix/store/lm3pknxi0ipypy3lxh1wmm8wvvavdwrn-glibc-2.42-84/lib/librt.so.1
7ffff5515000-7ffff5516000 rw-p 00003000 fe:17 1966118                    /nix/store/lm3pknxi0ipypy3lxh1wmm8wvvavdwrn-glibc-2.42-84/lib/librt.so.1
7ffff5516000-7ffff5520000 rw-p 00000000 00:00 0 
7ffff5520000-7ffff5522000 r--p 00000000 fe:17 1601169                    /nix/store/wnwdd8w2h1wz1bjvnmp0h8fshz622z6k-libdatrie-2019-12-20-lib/lib/libdatrie.so.1.3.5
7ffff5522000-7ffff5526000 r-xp 00002000 fe:17 1601169                    /nix/store/wnwdd8w2h1wz1bjvnmp0h8fshz622z6k-libdatrie-2019-12-20-lib/lib/libdatrie.so.1.3.5
7ffff5526000-7ffff5528000 r--p 00006000 fe:17 1601169                    /nix/store/wnwdd8w2h1wz1bjvnmp0h8fshz622z6k-libdatrie-2019-12-20-lib/lib/libdatrie.so.1.3.5
7ffff5528000-7ffff5529000 r--p 00007000 fe:17 1601169                    /nix/store/wnwdd8w2h1wz1bjvnmp0h8fshz622z6k-libdatrie-2019-12-20-lib/lib/libdatrie.so.1.3.5
7ffff5529000-7ffff552a000 rw-p 00008000 fe:17 1601169                    /nix/store/wnwdd8w2h1wz1bjvnmp0h8fshz622z6k-libdatrie-2019-12-20-lib/lib/libdatrie.so.1.3.5
7ffff552a000-7ffff552c000 r--p 00000000 fe:17 1984475                    /nix/store/ishli778p2dqxq4zii729y4fn1d94jfw-libxdmcp-1.1.5/lib/libXdmcp.so.6.0.0
7ffff552c000-7ffff552e000 r-xp 00002000 fe:17 1984475                    /nix/store/ishli778p2dqxq4zii729y4fn1d94jfw-libxdmcp-1.1.5/lib/libXdmcp.so.6.0.0
7ffff552e000-7ffff5530000 r--p 00004000 fe:17 1984475                    /nix/store/ishli778p2dqxq4zii729y4fn1d94jfw-libxdmcp-1.1.5/lib/libXdmcp.so.6.0.0
7ffff5530000-7ffff5531000 r--p 00005000 fe:17 1984475                    /nix/store/ishli778p2dqxq4zii729y4fn1d94jfw-libxdmcp-1.1.5/lib/libXdmcp.so.6.0.0
7ffff5531000-7ffff5532000 rw-p 00006000 fe:17 1984475                    /nix/store/ishli778p2dqxq4zii729y4fn1d94jfw-libxdmcp-1.1.5/lib/libXdmcp.so.6.0.0
7ffff5532000-7ffff5533000 r--p 00000000 fe:17 1601220                    /nix/store/pbywxi9f0p8g7wzcdjibvnz030czx91r-libxau-1.0.12/lib/libXau.so.6.0.0
7ffff5533000-7ffff5535000 r-xp 00001000 fe:17 1601220                    /nix/store/pbywxi9f0p8g7wzcdjibvnz030czx91r-libxau-1.0.12/lib/libXau.so.6.0.0
7ffff5535000-7ffff5536000 r--p 00003000 fe:17 1601220                    /nix/store/pbywxi9f0p8g7wzcdjibvnz030czx91r-libxau-1.0.12/lib/libXau.so.6.0.0
7ffff5536000-7ffff5537000 r--p 00003000 fe:17 1601220                    /nix/store/pbywxi9f0p8g7wzcdjibvnz030czx91r-libxau-1.0.12/lib/libXau.so.6.0.0
7ffff5537000-7ffff5538000 rw-p 00004000 fe:17 1601220                    /nix/store/pbywxi9f0p8g7wzcdjibvnz030czx91r-libxau-1.0.12/lib/libXau.so.6.0.0
7ffff5538000-7ffff553a000 rw-p 00000000 00:00 0 
7ffff553a000-7ffff553b000 r--p 00000000 fe:17 1982667                    /nix/store/xhgd6rb4h8ssid9yw8nvw74cwq69md5y-brotli-1.2.0-lib/lib/libbrotlicommon.so.1.2.0
7ffff553b000-7ffff553c000 r-xp 00001000 fe:17 1982667                    /nix/store/xhgd6rb4h8ssid9yw8nvw74cwq69md5y-brotli-1.2.0-lib/lib/libbrotlicommon.so.1.2.0
7ffff553c000-7ffff555b000 r--p 00002000 fe:17 1982667                    /nix/store/xhgd6rb4h8ssid9yw8nvw74cwq69md5y-brotli-1.2.0-lib/lib/libbrotlicommon.so.1.2.0
7ffff555b000-7ffff555c000 r--p 00021000 fe:17 1982667                    /nix/store/xhgd6rb4h8ssid9yw8nvw74cwq69md5y-brotli-1.2.0-lib/lib/libbrotlicommon.so.1.2.0
7ffff555c000-7ffff555d000 rw-p 00022000 fe:17 1982667                    /nix/store/xhgd6rb4h8ssid9yw8nvw74cwq69md5y-brotli-1.2.0-lib/lib/libbrotlicommon.so.1.2.0
7ffff555d000-7ffff5567000 r--p 00000000 fe:17 1994753                    /nix/store/n5p5q01x4nqvgp36i651rc5ky95i0iq2-util-linux-minimal-2.42.3-lib/lib/libblkid.so.1.1.0
7ffff5567000-7ffff55a8000 r-xp 0000a000 fe:17 1994753                    /nix/store/n5p5q01x4nqvgp36i651rc5ky95i0iq2-util-linux-minimal-2.42.3-lib/lib/libblkid.so.1.1.0
7ffff55a8000-7ffff55b9000 r--p 0004b000 fe:17 1994753                    /nix/store/n5p5q01x4nqvgp36i651rc5ky95i0iq2-util-linux-minimal-2.42.3-lib/lib/libblkid.so.1.1.0
7ffff55b9000-7ffff55c0000 r--p 0005b000 fe:17 1994753                    /nix/store/n5p5q01x4nqvgp36i651rc5ky95i0iq2-util-linux-minimal-2.42.3-lib/lib/libblkid.so.1.1.0
7ffff55c0000-7ffff55c1000 rw-p 00062000 fe:17 1994753                    /nix/store/n5p5q01x4nqvgp36i651rc5ky95i0iq2-util-linux-minimal-2.42.3-lib/lib/libblkid.so.1.1.0
7ffff55c1000-7ffff55d5000 r--p 00000000 fe:17 1841755                    /nix/store/7a0nx1a0rdc5s07vxrsdhplqnzncl5z9-sqlite-3.53.3/lib/libsqlite3.so.3.53.3
7ffff55d5000-7ffff5728000 r-xp 00014000 fe:17 1841755                    /nix/store/7a0nx1a0rdc5s07vxrsdhplqnzncl5z9-sqlite-3.53.3/lib/libsqlite3.so.3.53.3
7ffff5728000-7ffff575c000 r--p 00167000 fe:17 1841755                    /nix/store/7a0nx1a0rdc5s07vxrsdhplqnzncl5z9-sqlite-3.53.3/lib/libsqlite3.so.3.53.3
7ffff575c000-7ffff5760000 r--p 0019b000 fe:17 1841755                    /nix/store/7a0nx1a0rdc5s07vxrsdhplqnzncl5z9-sqlite-3.53.3/lib/libsqlite3.so.3.53.3
7ffff5760000-7ffff5765000 rw-p 0019f000 fe:17 1841755                    /nix/store/7a0nx1a0rdc5s07vxrsdhplqnzncl5z9-sqlite-3.53.3/lib/libsqlite3.so.3.53.3
7ffff5765000-7ffff5767000 rw-p 00000000 00:00 0 
7ffff5767000-7ffff578e000 r--p 00000000 fe:17 1984506                    /nix/store/hhv2z8dn6760d1bzvrd69l4ivclb792r-libxml2-2.15.4/lib/libxml2.so.16.1.4
7ffff578e000-7ffff5866000 r-xp 00027000 fe:17 1984506                    /nix/store/hhv2z8dn6760d1bzvrd69l4ivclb792r-libxml2-2.15.4/lib/libxml2.so.16.1.4
7ffff5866000-7ffff58a3000 r--p 000ff000 fe:17 1984506                    /nix/store/hhv2z8dn6760d1bzvrd69l4ivclb792r-libxml2-2.15.4/lib/libxml2.so.16.1.4
7ffff58a3000-7ffff58ac000 r--p 0013c000 fe:17 1984506                    /nix/store/hhv2z8dn6760d1bzvrd69l4ivclb792r-libxml2-2.15.4/lib/libxml2.so.16.1.4
7ffff58ac000-7ffff58ad000 rw-p 00145000 fe:17 1984506                    /nix/store/hhv2z8dn6760d1bzvrd69l4ivclb792r-libxml2-2.15.4/lib/libxml2.so.16.1.4
7ffff58ad000-7ffff58ae000 rw-p 00000000 00:00 0 
7ffff58ae000-7ffff58b8000 r--p 00000000 fe:17 690133                     /nix/store/11scxpnwkyasjhi06rcp1gxxw0mfrwb8-json-glib-1.10.8/lib/libjson-glib-1.0.so.0.1000.8
7ffff58b8000-7ffff58cf000 r-xp 0000a000 fe:17 690133                     /nix/store/11scxpnwkyasjhi06rcp1gxxw0mfrwb8-json-glib-1.10.8/lib/libjson-glib-1.0.so.0.1000.8
7ffff58cf000-7ffff58d8000 r--p 00021000 fe:17 690133                     /nix/store/11scxpnwkyasjhi06rcp1gxxw0mfrwb8-json-glib-1.10.8/lib/libjson-glib-1.0.so.0.1000.8
7ffff58d8000-7ffff58d9000 r--p 0002a000 fe:17 690133                     /nix/store/11scxpnwkyasjhi06rcp1gxxw0mfrwb8-json-glib-1.10.8/lib/libjson-glib-1.0.so.0.1000.8
7ffff58d9000-7ffff58da000 rw-p 0002b000 fe:17 690133                     /nix/store/11scxpnwkyasjhi06rcp1gxxw0mfrwb8-json-glib-1.10.8/lib/libjson-glib-1.0.so.0.1000.8
7ffff58da000-7ffff58ed000 r--p 00000000 fe:17 816024                     /nix/store/ala3sdcr1r34kkhsa1nd3g3daf7bxhab-at-spi2-core-2.60.6/lib/libatspi.so.0.0.1
7ffff58ed000-7ffff5909000 r-xp 00013000 fe:17 816024                     /nix/store/ala3sdcr1r34kkhsa1nd3g3daf7bxhab-at-spi2-core-2.60.6/lib/libatspi.so.0.0.1
7ffff5909000-7ffff5917000 r--p 0002f000 fe:17 816024                     /nix/store/ala3sdcr1r34kkhsa1nd3g3daf7bxhab-at-spi2-core-2.60.6/lib/libatspi.so.0.0.1
7ffff5917000-7ffff591b000 r--p 0003c000 fe:17 816024                     /nix/store/ala3sdcr1r34kkhsa1nd3g3daf7bxhab-at-spi2-core-2.60.6/lib/libatspi.so.0.0.1
7ffff591b000-7ffff591c000 rw-p 00040000 fe:17 816024                     /nix/store/ala3sdcr1r34kkhsa1nd3g3daf7bxhab-at-spi2-core-2.60.6/lib/libatspi.so.0.0.1
7ffff591c000-7ffff5922000 r--p 00000000 fe:17 1984047                    /nix/store/wfg9zbfa46hjr2qa7zb8yc7909si2w5l-libjpeg-turbo-3.1.4.1/lib/libjpeg.so.62.4.0
7ffff5922000-7ffff59c2000 r-xp 00006000 fe:17 1984047                    /nix/store/wfg9zbfa46hjr2qa7zb8yc7909si2w5l-libjpeg-turbo-3.1.4.1/lib/libjpeg.so.62.4.0
7ffff59c2000-7ffff59e8000 r--p 000a6000 fe:17 1984047                    /nix/store/wfg9zbfa46hjr2qa7zb8yc7909si2w5l-libjpeg-turbo-3.1.4.1/lib/libjpeg.so.62.4.0
7ffff59e8000-7ffff59e9000 r--p 000cc000 fe:17 1984047                    /nix/store/wfg9zbfa46hjr2qa7zb8yc7909si2w5l-libjpeg-turbo-3.1.4.1/lib/libjpeg.so.62.4.0
7ffff59e9000-7ffff59ea000 rw-p 000cd000 fe:17 1984047                    /nix/store/wfg9zbfa46hjr2qa7zb8yc7909si2w5l-libjpeg-turbo-3.1.4.1/lib/libjpeg.so.62.4.0
7ffff59ea000-7ffff59ec000 rw-p 00000000 00:00 0 
7ffff59ec000-7ffff59f8000 r--p 00000000 fe:17 1994311                    /nix/store/4sxs1pdkjz80smcbra403njkygiy0igy-pixman-0.46.4/lib/libpixman-1.so.0.46.4
7ffff59f8000-7ffff5a8d000 r-xp 0000c000 fe:17 1994311                    /nix/store/4sxs1pdkjz80smcbra403njkygiy0igy-pixman-0.46.4/lib/libpixman-1.so.0.46.4
7ffff5a8d000-7ffff5a9e000 r--p 000a1000 fe:17 1994311                    /nix/store/4sxs1pdkjz80smcbra403njkygiy0igy-pixman-0.46.4/lib/libpixman-1.so.0.46.4
7ffff5a9e000-7ffff5aa6000 r--p 000b1000 fe:17 1994311                    /nix/store/4sxs1pdkjz80smcbra403njkygiy0igy-pixman-0.46.4/lib/libpixman-1.so.0.46.4
7ffff5aa6000-7ffff5aa7000 rw-p 000b9000 fe:17 1994311                    /nix/store/4sxs1pdkjz80smcbra403njkygiy0igy-pixman-0.46.4/lib/libpixman-1.so.0.46.4
7ffff5aa7000-7ffff5aa8000 r--p 00000000 fe:17 1984874                    /nix/store/cdpwb5vckqp8il7p70jqvn27isflyxxz-libxcb-1.17.0/lib/libxcb-shm.so.0.0.0
7ffff5aa8000-7ffff5aa9000 r-xp 00001000 fe:17 1984874                    /nix/store/cdpwb5vckqp8il7p70jqvn27isflyxxz-libxcb-1.17.0/lib/libxcb-shm.so.0.0.0
7ffff5aa9000-7ffff5aaa000 r--p 00002000 fe:17 1984874                    /nix/store/cdpwb5vckqp8il7p70jqvn27isflyxxz-libxcb-1.17.0/lib/libxcb-shm.so.0.0.0
7ffff5aaa000-7ffff5aab000 r--p 00002000 fe:17 1984874                    /nix/store/cdpwb5vckqp8il7p70jqvn27isflyxxz-libxcb-1.17.0/lib/libxcb-shm.so.0.0.0
7ffff5aab000-7ffff5aac000 rw-p 00003000 fe:17 1984874                    /nix/store/cdpwb5vckqp8il7p70jqvn27isflyxxz-libxcb-1.17.0/lib/libxcb-shm.so.0.0.0
7ffff5aac000-7ffff5ab2000 r--p 00000000 fe:17 1984811                    /nix/store/cdpwb5vckqp8il7p70jqvn27isflyxxz-libxcb-1.17.0/lib/libxcb-render.so.0.0.0
7ffff5ab2000-7ffff5ab7000 r-xp 00006000 fe:17 1984811                    /nix/store/cdpwb5vckqp8il7p70jqvn27isflyxxz-libxcb-1.17.0/lib/libxcb-render.so.0.0.0
7ffff5ab7000-7ffff5aba000 r--p 0000b000 fe:17 1984811                    /nix/store/cdpwb5vckqp8il7p70jqvn27isflyxxz-libxcb-1.17.0/lib/libxcb-render.so.0.0.0
7ffff5aba000-7ffff5abb000 r--p 0000d000 fe:17 1984811                    /nix/store/cdpwb5vckqp8il7p70jqvn27isflyxxz-libxcb-1.17.0/lib/libxcb-render.so.0.0.0
7ffff5abb000-7ffff5abc000 rw-p 0000e000 fe:17 1984811                    /nix/store/cdpwb5vckqp8il7p70jqvn27isflyxxz-libxcb-1.17.0/lib/libxcb-render.so.0.0.0
7ffff5abc000-7ffff5abf000 r--p 00000000 fe:17 689567                     /nix/store/a5l4k49m1x4vdv1lr9gzl7ayswxqi08q-graphite2-1.3.15/lib/libgraphite2.so.3.3.1
7ffff5abf000-7ffff5adf000 r-xp 00003000 fe:17 689567                     /nix/store/a5l4k49m1x4vdv1lr9gzl7ayswxqi08q-graphite2-1.3.15/lib/libgraphite2.so.3.3.1
7ffff5adf000-7ffff5ae3000 r--p 00023000 fe:17 689567                     /nix/store/a5l4k49m1x4vdv1lr9gzl7ayswxqi08q-graphite2-1.3.15/lib/libgraphite2.so.3.3.1
7ffff5ae3000-7ffff5ae5000 r--p 00027000 fe:17 689567                     /nix/store/a5l4k49m1x4vdv1lr9gzl7ayswxqi08q-graphite2-1.3.15/lib/libgraphite2.so.3.3.1
7ffff5ae5000-7ffff5ae6000 rw-p 00029000 fe:17 689567                     /nix/store/a5l4k49m1x4vdv1lr9gzl7ayswxqi08q-graphite2-1.3.15/lib/libgraphite2.so.3.3.1
7ffff5ae6000-7ffff5ae8000 rw-p 00000000 00:00 0 
7ffff5ae8000-7ffff5aeb000 r--p 00000000 fe:17 1985327                    /nix/store/875nhalgdlhh8qfnzz4i32qbc121x1fz-libthai-0.1.30/lib/libthai.so.0.3.2
7ffff5aeb000-7ffff5af0000 r-xp 00003000 fe:17 1985327                    /nix/store/875nhalgdlhh8qfnzz4i32qbc121x1fz-libthai-0.1.30/lib/libthai.so.0.3.2
7ffff5af0000-7ffff5af3000 r--p 00008000 fe:17 1985327                    /nix/store/875nhalgdlhh8qfnzz4i32qbc121x1fz-libthai-0.1.30/lib/libthai.so.0.3.2
7ffff5af3000-7ffff5af4000 r--p 0000a000 fe:17 1985327                    /nix/store/875nhalgdlhh8qfnzz4i32qbc121x1fz-libthai-0.1.30/lib/libthai.so.0.3.2
7ffff5af4000-7ffff5af5000 rw-p 0000b000 fe:17 1985327                    /nix/store/875nhalgdlhh8qfnzz4i32qbc121x1fz-libthai-0.1.30/lib/libthai.so.0.3.2
7ffff5af5000-7ffff5af8000 r--p 00000000 fe:17 1983966                    /nix/store/3r5wfb1dl3sfknvy1yringvmap0hxj4r-libffi-3.8.0/lib/libffi.so.8.5.0
7ffff5af8000-7ffff5b06000 r-xp 00003000 fe:17 1983966                    /nix/store/3r5wfb1dl3sfknvy1yringvmap0hxj4r-libffi-3.8.0/lib/libffi.so.8.5.0
7ffff5b06000-7ffff5b08000 r--p 00011000 fe:17 1983966                    /nix/store/3r5wfb1dl3sfknvy1yringvmap0hxj4r-libffi-3.8.0/lib/libffi.so.8.5.0
7ffff5b08000-7ffff5b09000 r--p 00013000 fe:17 1983966                    /nix/store/3r5wfb1dl3sfknvy1yringvmap0hxj4r-libffi-3.8.0/lib/libffi.so.8.5.0
7ffff5b09000-7ffff5b0a000 rw-p 00014000 fe:17 1983966                    /nix/store/3r5wfb1dl3sfknvy1yringvmap0hxj4r-libffi-3.8.0/lib/libffi.so.8.5.0
7ffff5b0a000-7ffff5b0d000 r--p 00000000 fe:17 1994141                    /nix/store/6vqahj875znq0wlsy1bg926yki3d5m4r-pcre2-10.48/lib/libpcre2-8.so.0.16.0
7ffff5b0d000-7ffff5b8d000 r-xp 00003000 fe:17 1994141                    /nix/store/6vqahj875znq0wlsy1bg926yki3d5m4r-pcre2-10.48/lib/libpcre2-8.so.0.16.0
7ffff5b8d000-7ffff5bb8000 r--p 00083000 fe:17 1994141                    /nix/store/6vqahj875znq0wlsy1bg926yki3d5m4r-pcre2-10.48/lib/libpcre2-8.so.0.16.0
7ffff5bb8000-7ffff5bb9000 r--p 000ad000 fe:17 1994141                    /nix/store/6vqahj875znq0wlsy1bg926yki3d5m4r-pcre2-10.48/lib/libpcre2-8.so.0.16.0
7ffff5bb9000-7ffff5bba000 rw-p 000ae000 fe:17 1994141                    /nix/store/6vqahj875znq0wlsy1bg926yki3d5m4r-pcre2-10.48/lib/libpcre2-8.so.0.16.0
7ffff5bba000-7ffff5bbb000 r--p 00000000 fe:17 1990214                    /nix/store/gnmvm1dhr80m5qrimh72sjd36kqifv6k-libxcomposite-0.4.7/lib/libXcomposite.so.1.0.0
7ffff5bbb000-7ffff5bbc000 r-xp 00001000 fe:17 1990214                    /nix/store/gnmvm1dhr80m5qrimh72sjd36kqifv6k-libxcomposite-0.4.7/lib/libXcomposite.so.1.0.0
7ffff5bbc000-7ffff5bbd000 r--p 00002000 fe:17 1990214                    /nix/store/gnmvm1dhr80m5qrimh72sjd36kqifv6k-libxcomposite-0.4.7/lib/libXcomposite.so.1.0.0
7ffff5bbd000-7ffff5bbe000 r--p 00002000 fe:17 1990214                    /nix/store/gnmvm1dhr80m5qrimh72sjd36kqifv6k-libxcomposite-0.4.7/lib/libXcomposite.so.1.0.0
7ffff5bbe000-7ffff5bbf000 rw-p 00003000 fe:17 1990214                    /nix/store/gnmvm1dhr80m5qrimh72sjd36kqifv6k-libxcomposite-0.4.7/lib/libXcomposite.so.1.0.0
7ffff5bbf000-7ffff5bc1000 rw-p 00000000 00:00 0 
7ffff5bc1000-7ffff5bc2000 r--p 00000000 fe:17 1993869                    /nix/store/3xz6nnla8wcq57adm8jzlxhda2vq5ws8-libxdamage-1.1.7/lib/libXdamage.so.1.1.0
7ffff5bc2000-7ffff5bc3000 r-xp 00001000 fe:17 1993869                    /nix/store/3xz6nnla8wcq57adm8jzlxhda2vq5ws8-libxdamage-1.1.7/lib/libXdamage.so.1.1.0
7ffff5bc3000-7ffff5bc4000 r--p 00002000 fe:17 1993869                    /nix/store/3xz6nnla8wcq57adm8jzlxhda2vq5ws8-libxdamage-1.1.7/lib/libXdamage.so.1.1.0
7ffff5bc4000-7ffff5bc5000 r--p 00002000 fe:17 1993869                    /nix/store/3xz6nnla8wcq57adm8jzlxhda2vq5ws8-libxdamage-1.1.7/lib/libXdamage.so.1.1.0
7ffff5bc5000-7ffff5bc6000 rw-p 00003000 fe:17 1993869                    /nix/store/3xz6nnla8wcq57adm8jzlxhda2vq5ws8-libxdamage-1.1.7/lib/libXdamage.so.1.1.0
7ffff5bc6000-7ffff5bc9000 r--p 00000000 fe:17 1993965                    /nix/store/j5ga97acidylk9m9smqi11jy3jxm81af-libxcursor-1.2.3/lib/libXcursor.so.1.0.2
7ffff5bc9000-7ffff5bcf000 r-xp 00003000 fe:17 1993965                    /nix/store/j5ga97acidylk9m9smqi11jy3jxm81af-libxcursor-1.2.3/lib/libXcursor.so.1.0.2
7ffff5bcf000-7ffff5bd1000 r--p 00009000 fe:17 1993965                    /nix/store/j5ga97acidylk9m9smqi11jy3jxm81af-libxcursor-1.2.3/lib/libXcursor.so.1.0.2
7ffff5bd1000-7ffff5bd2000 r--p 0000a000 fe:17 1993965                    /nix/store/j5ga97acidylk9m9smqi11jy3jxm81af-libxcursor-1.2.3/lib/libXcursor.so.1.0.2
7ffff5bd2000-7ffff5bd3000 rw-p 0000b000 fe:17 1993965                    /nix/store/j5ga97acidylk9m9smqi11jy3jxm81af-libxcursor-1.2.3/lib/libXcursor.so.1.0.2
7ffff5bd3000-7ffff5bd5000 r--p 00000000 fe:17 1601584                    /nix/store/bn8fa50wbg41yf72aalbjcaaq4r4j6kn-wayland-1.26.0/lib/libwayland-cursor.so.0.26.0
7ffff5bd5000-7ffff5bd7000 r-xp 00002000 fe:17 1601584                    /nix/store/bn8fa50wbg41yf72aalbjcaaq4r4j6kn-wayland-1.26.0/lib/libwayland-cursor.so.0.26.0
7ffff5bd7000-7ffff5bd8000 r--p 00004000 fe:17 1601584                    /nix/store/bn8fa50wbg41yf72aalbjcaaq4r4j6kn-wayland-1.26.0/lib/libwayland-cursor.so.0.26.0
7ffff5bd8000-7ffff5bd9000 r--p 00004000 fe:17 1601584                    /nix/store/bn8fa50wbg41yf72aalbjcaaq4r4j6kn-wayland-1.26.0/lib/libwayland-cursor.so.0.26.0
7ffff5bd9000-7ffff5bdd000 rw-p 00005000 fe:17 1601584                    /nix/store/bn8fa50wbg41yf72aalbjcaaq4r4j6kn-wayland-1.26.0/lib/libwayland-cursor.so.0.26.0
7ffff5bdd000-7ffff5be4000 r--p 00000000 fe:17 1601562                    /nix/store/bn8fa50wbg41yf72aalbjcaaq4r4j6kn-wayland-1.26.0/lib/libwayland-client.so.0.26.0
7ffff5be4000-7ffff5bec000 r-xp 00007000 fe:17 1601562                    /nix/store/bn8fa50wbg41yf72aalbjcaaq4r4j6kn-wayland-1.26.0/lib/libwayland-client.so.0.26.0
7ffff5bec000-7ffff5bef000 r--p 0000f000 fe:17 1601562                    /nix/store/bn8fa50wbg41yf72aalbjcaaq4r4j6kn-wayland-1.26.0/lib/libwayland-client.so.0.26.0
7ffff5bef000-7ffff5bf1000 r--p 00012000 fe:17 1601562                    /nix/store/bn8fa50wbg41yf72aalbjcaaq4r4j6kn-wayland-1.26.0/lib/libwayland-client.so.0.26.0
7ffff5bf1000-7ffff5bf2000 rw-p 00014000 fe:17 1601562                    /nix/store/bn8fa50wbg41yf72aalbjcaaq4r4j6kn-wayland-1.26.0/lib/libwayland-client.so.0.26.0
7ffff5bf2000-7ffff5bf8000 r--p 00000000 fe:17 1995143                    /nix/store/n2wqk78za8grzs9088ya5qy6vw280p8x-libxkbcommon-1.13.2/lib/libxkbcommon.so.0.13.2
7ffff5bf8000-7ffff5c26000 r-xp 00006000 fe:17 1995143                    /nix/store/n2wqk78za8grzs9088ya5qy6vw280p8x-libxkbcommon-1.13.2/lib/libxkbcommon.so.0.13.2
7ffff5c26000-7ffff5c4f000 r--p 00034000 fe:17 1995143                    /nix/store/n2wqk78za8grzs9088ya5qy6vw280p8x-libxkbcommon-1.13.2/lib/libxkbcommon.so.0.13.2
7ffff5c4f000-7ffff5c51000 r--p 0005d000 fe:17 1995143                    /nix/store/n2wqk78za8grzs9088ya5qy6vw280p8x-libxkbcommon-1.13.2/lib/libxkbcommon.so.0.13.2
7ffff5c51000-7ffff5c52000 rw-p 0005f000 fe:17 1995143                    /nix/store/n2wqk78za8grzs9088ya5qy6vw280p8x-libxkbcommon-1.13.2/lib/libxkbcommon.so.0.13.2
7ffff5c52000-7ffff5c5f000 r--p 00000000 fe:17 1985120                    /nix/store/cdpwb5vckqp8il7p70jqvn27isflyxxz-libxcb-1.17.0/lib/libxcb.so.1.1.0
7ffff5c5f000-7ffff5c73000 r-xp 0000d000 fe:17 1985120                    /nix/store/cdpwb5vckqp8il7p70jqvn27isflyxxz-libxcb-1.17.0/lib/libxcb.so.1.1.0
7ffff5c73000-7ffff5c7c000 r--p 00021000 fe:17 1985120                    /nix/store/cdpwb5vckqp8il7p70jqvn27isflyxxz-libxcb-1.17.0/lib/libxcb.so.1.1.0
7ffff5c7c000-7ffff5c7d000 r--p 0002a000 fe:17 1985120                    /nix/store/cdpwb5vckqp8il7p70jqvn27isflyxxz-libxcb-1.17.0/lib/libxcb.so.1.1.0
7ffff5c7d000-7ffff5c7e000 rw-p 0002b000 fe:17 1985120                    /nix/store/cdpwb5vckqp8il7p70jqvn27isflyxxz-libxcb-1.17.0/lib/libxcb.so.1.1.0
7ffff5c7e000-7ffff5c90000 r--p 00000000 fe:17 1985238                    /nix/store/jxd26cx6cgbjzal3mzw0vcv8pqdbh0bb-gmp-with-cxx-6.3.0/lib/libgmp.so.10.5.0
7ffff5c90000-7ffff5d10000 r-xp 00012000 fe:17 1985238                    /nix/store/jxd26cx6cgbjzal3mzw0vcv8pqdbh0bb-gmp-with-cxx-6.3.0/lib/libgmp.so.10.5.0
7ffff5d10000-7ffff5d25000 r--p 00092000 fe:17 1985238                    /nix/store/jxd26cx6cgbjzal3mzw0vcv8pqdbh0bb-gmp-with-cxx-6.3.0/lib/libgmp.so.10.5.0
7ffff5d25000-7ffff5d27000 r--p 000a6000 fe:17 1985238                    /nix/store/jxd26cx6cgbjzal3mzw0vcv8pqdbh0bb-gmp-with-cxx-6.3.0/lib/libgmp.so.10.5.0
7ffff5d27000-7ffff5d28000 rw-p 000a8000 fe:17 1985238                    /nix/store/jxd26cx6cgbjzal3mzw0vcv8pqdbh0bb-gmp-with-cxx-6.3.0/lib/libgmp.so.10.5.0
7ffff5d28000-7ffff5d37000 r--p 00000000 fe:17 1988335                    /nix/store/xsmrab458wn42ilwv6s68jw9f4r5iisz-nettle-3.10.2/lib/libnettle.so.8.11
7ffff5d37000-7ffff5d64000 r-xp 0000f000 fe:17 1988335                    /nix/store/xsmrab458wn42ilwv6s68jw9f4r5iisz-nettle-3.10.2/lib/libnettle.so.8.11
7ffff5d64000-7ffff5d7c000 r--p 0003c000 fe:17 1988335                    /nix/store/xsmrab458wn42ilwv6s68jw9f4r5iisz-nettle-3.10.2/lib/libnettle.so.8.11
7ffff5d7c000-7ffff5d7f000 r--p 00053000 fe:17 1988335                    /nix/store/xsmrab458wn42ilwv6s68jw9f4r5iisz-nettle-3.10.2/lib/libnettle.so.8.11
7ffff5d7f000-7ffff5d80000 rw-p 00056000 fe:17 1988335                    /nix/store/xsmrab458wn42ilwv6s68jw9f4r5iisz-nettle-3.10.2/lib/libnettle.so.8.11
7ffff5d80000-7ffff5d8a000 r--p 00000000 fe:17 1987469                    /nix/store/xsmrab458wn42ilwv6s68jw9f4r5iisz-nettle-3.10.2/lib/libhogweed.so.6.11
7ffff5d8a000-7ffff5da0000 r-xp 0000a000 fe:17 1987469                    /nix/store/xsmrab458wn42ilwv6s68jw9f4r5iisz-nettle-3.10.2/lib/libhogweed.so.6.11
7ffff5da0000-7ffff5dca000 r--p 00020000 fe:17 1987469                    /nix/store/xsmrab458wn42ilwv6s68jw9f4r5iisz-nettle-3.10.2/lib/libhogweed.so.6.11
7ffff5dca000-7ffff5dcc000 r--p 00049000 fe:17 1987469                    /nix/store/xsmrab458wn42ilwv6s68jw9f4r5iisz-nettle-3.10.2/lib/libhogweed.so.6.11
7ffff5dcc000-7ffff5dcd000 rw-p 0004b000 fe:17 1987469                    /nix/store/xsmrab458wn42ilwv6s68jw9f4r5iisz-nettle-3.10.2/lib/libhogweed.so.6.11
7ffff5dcd000-7ffff5dd0000 r--p 00000000 fe:17 1985266                    /nix/store/k4lz3hi5qy0siqimiq3jxc5zknmh84j4-libtasn1-4.21.0/lib/libtasn1.so.6.6.5
7ffff5dd0000-7ffff5dde000 r-xp 00003000 fe:17 1985266                    /nix/store/k4lz3hi5qy0siqimiq3jxc5zknmh84j4-libtasn1-4.21.0/lib/libtasn1.so.6.6.5
7ffff5dde000-7ffff5de2000 r--p 00011000 fe:17 1985266                    /nix/store/k4lz3hi5qy0siqimiq3jxc5zknmh84j4-libtasn1-4.21.0/lib/libtasn1.so.6.6.5
7ffff5de2000-7ffff5de3000 r--p 00014000 fe:17 1985266                    /nix/store/k4lz3hi5qy0siqimiq3jxc5zknmh84j4-libtasn1-4.21.0/lib/libtasn1.so.6.6.5
7ffff5de3000-7ffff5de4000 rw-p 00015000 fe:17 1985266                    /nix/store/k4lz3hi5qy0siqimiq3jxc5zknmh84j4-libtasn1-4.21.0/lib/libtasn1.so.6.6.5
7ffff5de4000-7ffff5df8000 r--p 00000000 fe:17 1966980                    /nix/store/bv3lx708clpz3m6zbd5742np4dlry0yj-libunistring-1.4.2/lib/libunistring.so.5.2.1
7ffff5df8000-7ffff5e3d000 r-xp 00014000 fe:17 1966980                    /nix/store/bv3lx708clpz3m6zbd5742np4dlry0yj-libunistring-1.4.2/lib/libunistring.so.5.2.1
7ffff5e3d000-7ffff5fcc000 r--p 00059000 fe:17 1966980                    /nix/store/bv3lx708clpz3m6zbd5742np4dlry0yj-libunistring-1.4.2/lib/libunistring.so.5.2.1
7ffff5fcc000-7ffff5fd0000 r--p 001e8000 fe:17 1966980                    /nix/store/bv3lx708clpz3m6zbd5742np4dlry0yj-libunistring-1.4.2/lib/libunistring.so.5.2.1
7ffff5fd0000-7ffff5fd1000 rw-p 001ec000 fe:17 1966980                    /nix/store/bv3lx708clpz3m6zbd5742np4dlry0yj-libunistring-1.4.2/lib/libunistring.so.5.2.1
7ffff5fd1000-7ffff5fd3000 r--p 00000000 fe:17 410871                     /nix/store/i3jw341xs88r6wxf1j22rjx1mmd8cfjw-libidn2-2.3.8/lib/libidn2.so.0.4.0
7ffff5fd3000-7ffff5fd9000 r-xp 00002000 fe:17 410871                     /nix/store/i3jw341xs88r6wxf1j22rjx1mmd8cfjw-libidn2-2.3.8/lib/libidn2.so.0.4.0
7ffff5fd9000-7ffff6000000 r--p 00008000 fe:17 410871                     /nix/store/i3jw341xs88r6wxf1j22rjx1mmd8cfjw-libidn2-2.3.8/lib/libidn2.so.0.4.0
7ffff6000000-7ffff6001000 r--p 0002e000 fe:17 410871                     /nix/store/i3jw341xs88r6wxf1j22rjx1mmd8cfjw-libidn2-2.3.8/lib/libidn2.so.0.4.0
7ffff6001000-7ffff6002000 rw-p 0002f000 fe:17 410871                     /nix/store/i3jw341xs88r6wxf1j22rjx1mmd8cfjw-libidn2-2.3.8/lib/libidn2.so.0.4.0
7ffff6002000-7ffff6043000 r--p 00000000 fe:17 1994319                    /nix/store/s8sznaiwm83m6dwnxm82r8y7rz57kgqn-p11-kit-0.26.2/lib/libp11-kit.so.0.4.8
7ffff6043000-7ffff6135000 r-xp 00041000 fe:17 1994319                    /nix/store/s8sznaiwm83m6dwnxm82r8y7rz57kgqn-p11-kit-0.26.2/lib/libp11-kit.so.0.4.8
7ffff6135000-7ffff61c4000 r--p 00133000 fe:17 1994319                    /nix/store/s8sznaiwm83m6dwnxm82r8y7rz57kgqn-p11-kit-0.26.2/lib/libp11-kit.so.0.4.8
7ffff61c4000-7ffff61d5000 r--p 001c2000 fe:17 1994319                    /nix/store/s8sznaiwm83m6dwnxm82r8y7rz57kgqn-p11-kit-0.26.2/lib/libp11-kit.so.0.4.8
7ffff61d5000-7ffff61e4000 rw-p 001d3000 fe:17 1994319                    /nix/store/s8sznaiwm83m6dwnxm82r8y7rz57kgqn-p11-kit-0.26.2/lib/libp11-kit.so.0.4.8
7ffff61e4000-7ffff61e5000 rw-p 00000000 00:00 0 
7ffff61e5000-7ffff61f4000 r--p 00000000 fe:17 526034                     /nix/store/iqcd9c3zfy006qfmbz9ccc61wvrhapaq-dbus-1.16.2-lib/lib/libdbus-1.so.3.38.3
7ffff61f4000-7ffff6229000 r-xp 0000f000 fe:17 526034                     /nix/store/iqcd9c3zfy006qfmbz9ccc61wvrhapaq-dbus-1.16.2-lib/lib/libdbus-1.so.3.38.3
7ffff6229000-7ffff623c000 r--p 00044000 fe:17 526034                     /nix/store/iqcd9c3zfy006qfmbz9ccc61wvrhapaq-dbus-1.16.2-lib/lib/libdbus-1.so.3.38.3
7ffff623c000-7ffff623e000 r--p 00056000 fe:17 526034                     /nix/store/iqcd9c3zfy006qfmbz9ccc61wvrhapaq-dbus-1.16.2-lib/lib/libdbus-1.so.3.38.3
7ffff623e000-7ffff623f000 rw-p 00058000 fe:17 526034                     /nix/store/iqcd9c3zfy006qfmbz9ccc61wvrhapaq-dbus-1.16.2-lib/lib/libdbus-1.so.3.38.3
7ffff623f000-7ffff6240000 r--p 00000000 fe:17 1982689                    /nix/store/xhgd6rb4h8ssid9yw8nvw74cwq69md5y-brotli-1.2.0-lib/lib/libbrotlidec.so.1.2.0
7ffff6240000-7ffff6249000 r-xp 00001000 fe:17 1982689                    /nix/store/xhgd6rb4h8ssid9yw8nvw74cwq69md5y-brotli-1.2.0-lib/lib/libbrotlidec.so.1.2.0
7ffff6249000-7ffff624c000 r--p 0000a000 fe:17 1982689                    /nix/store/xhgd6rb4h8ssid9yw8nvw74cwq69md5y-brotli-1.2.0-lib/lib/libbrotlidec.so.1.2.0
7ffff624c000-7ffff624d000 r--p 0000c000 fe:17 1982689                    /nix/store/xhgd6rb4h8ssid9yw8nvw74cwq69md5y-brotli-1.2.0-lib/lib/libbrotlidec.so.1.2.0
7ffff624d000-7ffff624e000 rw-p 0000d000 fe:17 1982689                    /nix/store/xhgd6rb4h8ssid9yw8nvw74cwq69md5y-brotli-1.2.0-lib/lib/libbrotlidec.so.1.2.0
7ffff624e000-7ffff6255000 r--p 00000000 fe:17 411288                     /nix/store/pdm9fz4pc70pwhgzj88wilg3pzsyk7q1-libpng-apng-1.6.58/lib/libpng16.so.16.58.0
7ffff6255000-7ffff627f000 r-xp 00007000 fe:17 411288                     /nix/store/pdm9fz4pc70pwhgzj88wilg3pzsyk7q1-libpng-apng-1.6.58/lib/libpng16.so.16.58.0
7ffff627f000-7ffff6289000 r--p 00031000 fe:17 411288                     /nix/store/pdm9fz4pc70pwhgzj88wilg3pzsyk7q1-libpng-apng-1.6.58/lib/libpng16.so.16.58.0
7ffff6289000-7ffff628a000 r--p 0003b000 fe:17 411288                     /nix/store/pdm9fz4pc70pwhgzj88wilg3pzsyk7q1-libpng-apng-1.6.58/lib/libpng16.so.16.58.0
7ffff628a000-7ffff628b000 rw-p 0003c000 fe:17 411288                     /nix/store/pdm9fz4pc70pwhgzj88wilg3pzsyk7q1-libpng-apng-1.6.58/lib/libpng16.so.16.58.0
7ffff628b000-7ffff628d000 r--p 00000000 fe:17 1968613                    /nix/store/l509wk1p0c5sh0i4pvfd9d018pzmjnd8-bzip2-1.0.8/lib/libbz2.so.1.0.8
7ffff628d000-7ffff629c000 r-xp 00002000 fe:17 1968613                    /nix/store/l509wk1p0c5sh0i4pvfd9d018pzmjnd8-bzip2-1.0.8/lib/libbz2.so.1.0.8
7ffff629c000-7ffff629e000 r--p 00011000 fe:17 1968613                    /nix/store/l509wk1p0c5sh0i4pvfd9d018pzmjnd8-bzip2-1.0.8/lib/libbz2.so.1.0.8
7ffff629e000-7ffff629f000 r--p 00012000 fe:17 1968613                    /nix/store/l509wk1p0c5sh0i4pvfd9d018pzmjnd8-bzip2-1.0.8/lib/libbz2.so.1.0.8
7ffff629f000-7ffff62a0000 rw-p 00013000 fe:17 1968613                    /nix/store/l509wk1p0c5sh0i4pvfd9d018pzmjnd8-bzip2-1.0.8/lib/libbz2.so.1.0.8
7ffff62a0000-7ffff62a8000 r--p 00000000 fe:17 1994726                    /nix/store/mfc0xafdywls4v0ynqgjn1plv74b82qg-libselinux-3.10/lib/libselinux.so.1
7ffff62a8000-7ffff62ca000 r-xp 00008000 fe:17 1994726                    /nix/store/mfc0xafdywls4v0ynqgjn1plv74b82qg-libselinux-3.10/lib/libselinux.so.1
7ffff62ca000-7ffff62d2000 r--p 0002a000 fe:17 1994726                    /nix/store/mfc0xafdywls4v0ynqgjn1plv74b82qg-libselinux-3.10/lib/libselinux.so.1
7ffff62d2000-7ffff62d3000 r--p 00032000 fe:17 1994726                    /nix/store/mfc0xafdywls4v0ynqgjn1plv74b82qg-libselinux-3.10/lib/libselinux.so.1
7ffff62d3000-7ffff62d4000 rw-p 00033000 fe:17 1994726                    /nix/store/mfc0xafdywls4v0ynqgjn1plv74b82qg-libselinux-3.10/lib/libselinux.so.1
7ffff62d4000-7ffff62d6000 rw-p 00000000 00:00 0 
7ffff62d6000-7ffff62e4000 r--p 00000000 fe:17 1994859                    /nix/store/n5p5q01x4nqvgp36i651rc5ky95i0iq2-util-linux-minimal-2.42.3-lib/lib/libmount.so.1.1.0
7ffff62e4000-7ffff633b000 r-xp 0000e000 fe:17 1994859                    /nix/store/n5p5q01x4nqvgp36i651rc5ky95i0iq2-util-linux-minimal-2.42.3-lib/lib/libmount.so.1.1.0
7ffff633b000-7ffff6352000 r--p 00065000 fe:17 1994859                    /nix/store/n5p5q01x4nqvgp36i651rc5ky95i0iq2-util-linux-minimal-2.42.3-lib/lib/libmount.so.1.1.0
7ffff6352000-7ffff6355000 r--p 0007c000 fe:17 1994859                    /nix/store/n5p5q01x4nqvgp36i651rc5ky95i0iq2-util-linux-minimal-2.42.3-lib/lib/libmount.so.1.1.0
7ffff6355000-7ffff6356000 rw-p 0007f000 fe:17 1994859                    /nix/store/n5p5q01x4nqvgp36i651rc5ky95i0iq2-util-linux-minimal-2.42.3-lib/lib/libmount.so.1.1.0
7ffff6356000-7ffff6371000 r--p 00000000 fe:17 526053                     /nix/store/km6c55cngi4jwndfb6rks4b32kswfbd2-tinysparql-3.11.1/lib/libtinysparql-3.0.so.0.1101.0
7ffff6371000-7ffff63e7000 r-xp 0001b000 fe:17 526053                     /nix/store/km6c55cngi4jwndfb6rks4b32kswfbd2-tinysparql-3.11.1/lib/libtinysparql-3.0.so.0.1101.0
7ffff63e7000-7ffff641f000 r--p 00091000 fe:17 526053                     /nix/store/km6c55cngi4jwndfb6rks4b32kswfbd2-tinysparql-3.11.1/lib/libtinysparql-3.0.so.0.1101.0
7ffff641f000-7ffff642e000 r--p 000c8000 fe:17 526053                     /nix/store/km6c55cngi4jwndfb6rks4b32kswfbd2-tinysparql-3.11.1/lib/libtinysparql-3.0.so.0.1101.0
7ffff642e000-7ffff642f000 rw-p 000d7000 fe:17 526053                     /nix/store/km6c55cngi4jwndfb6rks4b32kswfbd2-tinysparql-3.11.1/lib/libtinysparql-3.0.so.0.1101.0
7ffff642f000-7ffff643d000 r--p 00000000 fe:17 816018                     /nix/store/ala3sdcr1r34kkhsa1nd3g3daf7bxhab-at-spi2-core-2.60.6/lib/libatk-bridge-2.0.so.0.0.0
7ffff643d000-7ffff6457000 r-xp 0000e000 fe:17 816018                     /nix/store/ala3sdcr1r34kkhsa1nd3g3daf7bxhab-at-spi2-core-2.60.6/lib/libatk-bridge-2.0.so.0.0.0
7ffff6457000-7ffff646b000 r--p 00028000 fe:17 816018                     /nix/store/ala3sdcr1r34kkhsa1nd3g3daf7bxhab-at-spi2-core-2.60.6/lib/libatk-bridge-2.0.so.0.0.0
7ffff646b000-7ffff646d000 r--p 0003b000 fe:17 816018                     /nix/store/ala3sdcr1r34kkhsa1nd3g3daf7bxhab-at-spi2-core-2.60.6/lib/libatk-bridge-2.0.so.0.0.0
7ffff646d000-7ffff646f000 rw-p 0003d000 fe:17 816018                     /nix/store/ala3sdcr1r34kkhsa1nd3g3daf7bxhab-at-spi2-core-2.60.6/lib/libatk-bridge-2.0.so.0.0.0
7ffff646f000-7ffff6472000 r--p 00000000 fe:17 1994026                    /nix/store/fxwwv4xllvcxcpf7s2xm572sc95r851c-libxi-1.8.3/lib/libXi.so.6.1.0
7ffff6472000-7ffff647f000 r-xp 00003000 fe:17 1994026                    /nix/store/fxwwv4xllvcxcpf7s2xm572sc95r851c-libxi-1.8.3/lib/libXi.so.6.1.0
7ffff647f000-7ffff6481000 r--p 00010000 fe:17 1994026                    /nix/store/fxwwv4xllvcxcpf7s2xm572sc95r851c-libxi-1.8.3/lib/libXi.so.6.1.0
7ffff6481000-7ffff6482000 r--p 00012000 fe:17 1994026                    /nix/store/fxwwv4xllvcxcpf7s2xm572sc95r851c-libxi-1.8.3/lib/libXi.so.6.1.0
7ffff6482000-7ffff6483000 rw-p 00013000 fe:17 1994026                    /nix/store/fxwwv4xllvcxcpf7s2xm572sc95r851c-libxi-1.8.3/lib/libXi.so.6.1.0
7ffff6483000-7ffff64e8000 r--p 00000000 fe:17 1994258                    /nix/store/ixb298xx205dwm4n39kc93njl898wa62-libepoxy-1.5.10/lib/libepoxy.so.0.0.0
7ffff64e8000-7ffff6551000 r-xp 00065000 fe:17 1994258                    /nix/store/ixb298xx205dwm4n39kc93njl898wa62-libepoxy-1.5.10/lib/libepoxy.so.0.0.0
7ffff6551000-7ffff6597000 r--p 000ce000 fe:17 1994258                    /nix/store/ixb298xx205dwm4n39kc93njl898wa62-libepoxy-1.5.10/lib/libepoxy.so.0.0.0
7ffff6597000-7ffff659f000 r--p 00113000 fe:17 1994258                    /nix/store/ixb298xx205dwm4n39kc93njl898wa62-libepoxy-1.5.10/lib/libepoxy.so.0.0.0
7ffff659f000-7ffff65a6000 rw-p 0011b000 fe:17 1994258                    /nix/store/ixb298xx205dwm4n39kc93njl898wa62-libepoxy-1.5.10/lib/libepoxy.so.0.0.0
7ffff65a6000-7ffff65b1000 r--p 00000000 fe:17 815779                     /nix/store/ala3sdcr1r34kkhsa1nd3g3daf7bxhab-at-spi2-core-2.60.6/lib/libatk-1.0.so.0.26015.1
7ffff65b1000-7ffff65c1000 r-xp 0000b000 fe:17 815779                     /nix/store/ala3sdcr1r34kkhsa1nd3g3daf7bxhab-at-spi2-core-2.60.6/lib/libatk-1.0.so.0.26015.1
7ffff65c1000-7ffff65cc000 r--p 0001b000 fe:17 815779                     /nix/store/ala3sdcr1r34kkhsa1nd3g3daf7bxhab-at-spi2-core-2.60.6/lib/libatk-1.0.so.0.26015.1
7ffff65cc000-7ffff65cf000 r--p 00026000 fe:17 815779                     /nix/store/ala3sdcr1r34kkhsa1nd3g3daf7bxhab-at-spi2-core-2.60.6/lib/libatk-1.0.so.0.26015.1
7ffff65cf000-7ffff65d0000 rw-p 00029000 fe:17 815779                     /nix/store/ala3sdcr1r34kkhsa1nd3g3daf7bxhab-at-spi2-core-2.60.6/lib/libatk-1.0.so.0.26015.1
7ffff65d0000-7ffff65e6000 r--p 00000000 fe:17 1997154                    /nix/store/4kjswvfkf6y84p4yk61d04gcyny5v9kg-cairo-1.18.4/lib/libcairo.so.2.11804.4
7ffff65e6000-7ffff66f0000 r-xp 00016000 fe:17 1997154                    /nix/store/4kjswvfkf6y84p4yk61d04gcyny5v9kg-cairo-1.18.4/lib/libcairo.so.2.11804.4
7ffff66f0000-7ffff6731000 r--p 00120000 fe:17 1997154                    /nix/store/4kjswvfkf6y84p4yk61d04gcyny5v9kg-cairo-1.18.4/lib/libcairo.so.2.11804.4
7ffff6731000-7ffff6735000 r--p 00161000 fe:17 1997154                    /nix/store/4kjswvfkf6y84p4yk61d04gcyny5v9kg-cairo-1.18.4/lib/libcairo.so.2.11804.4
7ffff6735000-7ffff6737000 rw-p 00165000 fe:17 1997154                    /nix/store/4kjswvfkf6y84p4yk61d04gcyny5v9kg-cairo-1.18.4/lib/libcairo.so.2.11804.4
7ffff6737000-7ffff6738000 rw-p 00000000 00:00 0 
7ffff6738000-7ffff6746000 r--p 00000000 fe:17 525860                     /nix/store/0a1k64ih9k5ribbjs07bgmzhb43djnr0-harfbuzz-13.2.1/lib/libharfbuzz.so.0.61321.0
7ffff6746000-7ffff6866000 r-xp 0000e000 fe:17 525860                     /nix/store/0a1k64ih9k5ribbjs07bgmzhb43djnr0-harfbuzz-13.2.1/lib/libharfbuzz.so.0.61321.0
7ffff6866000-7ffff689b000 r--p 0012e000 fe:17 525860                     /nix/store/0a1k64ih9k5ribbjs07bgmzhb43djnr0-harfbuzz-13.2.1/lib/libharfbuzz.so.0.61321.0
7ffff689b000-7ffff689d000 r--p 00162000 fe:17 525860                     /nix/store/0a1k64ih9k5ribbjs07bgmzhb43djnr0-harfbuzz-13.2.1/lib/libharfbuzz.so.0.61321.0
7ffff689d000-7ffff689e000 rw-p 00164000 fe:17 525860                     /nix/store/0a1k64ih9k5ribbjs07bgmzhb43djnr0-harfbuzz-13.2.1/lib/libharfbuzz.so.0.61321.0
7ffff689e000-7ffff68c1000 r--p 00000000 fe:17 525457                     /nix/store/7mf69bavdjazjvbhflj0s40d2a6mk5wb-glib-2.88.3/lib/libglib-2.0.so.0.8800.3
7ffff68c1000-7ffff696c000 r-xp 00023000 fe:17 525457                     /nix/store/7mf69bavdjazjvbhflj0s40d2a6mk5wb-glib-2.88.3/lib/libglib-2.0.so.0.8800.3
7ffff696c000-7ffff69fd000 r--p 000ce000 fe:17 525457                     /nix/store/7mf69bavdjazjvbhflj0s40d2a6mk5wb-glib-2.88.3/lib/libglib-2.0.so.0.8800.3
7ffff69fd000-7ffff69fe000 r--p 0015e000 fe:17 525457                     /nix/store/7mf69bavdjazjvbhflj0s40d2a6mk5wb-glib-2.88.3/lib/libglib-2.0.so.0.8800.3
7ffff69fe000-7ffff69ff000 rw-p 0015f000 fe:17 525457                     /nix/store/7mf69bavdjazjvbhflj0s40d2a6mk5wb-glib-2.88.3/lib/libglib-2.0.so.0.8800.3
7ffff69ff000-7ffff6a00000 rw-p 00000000 00:00 0 
7ffff6a00000-7ffff6a3d000 r--p 00000000 fe:17 689949                     /nix/store/rv5n2g1s5q4a6w19c2f7nc9cjcwm949l-gnutls-3.8.13/lib/libgnutls.so.30.42.0
7ffff6a3d000-7ffff6bab000 r-xp 0003d000 fe:17 689949                     /nix/store/rv5n2g1s5q4a6w19c2f7nc9cjcwm949l-gnutls-3.8.13/lib/libgnutls.so.30.42.0
7ffff6bab000-7ffff6c58000 r--p 001ab000 fe:17 689949                     /nix/store/rv5n2g1s5q4a6w19c2f7nc9cjcwm949l-gnutls-3.8.13/lib/libgnutls.so.30.42.0
7ffff6c58000-7ffff6c6a000 r--p 00258000 fe:17 689949                     /nix/store/rv5n2g1s5q4a6w19c2f7nc9cjcwm949l-gnutls-3.8.13/lib/libgnutls.so.30.42.0
7ffff6c6a000-7ffff6c6d000 rw-p 0026a000 fe:17 689949                     /nix/store/rv5n2g1s5q4a6w19c2f7nc9cjcwm949l-gnutls-3.8.13/lib/libgnutls.so.30.42.0
7ffff6c6d000-7ffff6c71000 rw-p 00000000 00:00 0 
7ffff6c71000-7ffff6c72000 r--p 00000000 fe:17 1601655                    /nix/store/bn8fa50wbg41yf72aalbjcaaq4r4j6kn-wayland-1.26.0/lib/libwayland-egl.so.1.26.0
7ffff6c72000-7ffff6c73000 r-xp 00001000 fe:17 1601655                    /nix/store/bn8fa50wbg41yf72aalbjcaaq4r4j6kn-wayland-1.26.0/lib/libwayland-egl.so.1.26.0
7ffff6c73000-7ffff6c74000 r--p 00002000 fe:17 1601655                    /nix/store/bn8fa50wbg41yf72aalbjcaaq4r4j6kn-wayland-1.26.0/lib/libwayland-egl.so.1.26.0
7ffff6c74000-7ffff6c75000 r--p 00002000 fe:17 1601655                    /nix/store/bn8fa50wbg41yf72aalbjcaaq4r4j6kn-wayland-1.26.0/lib/libwayland-egl.so.1.26.0
7ffff6c75000-7ffff6c76000 rw-p 00003000 fe:17 1601655                    /nix/store/bn8fa50wbg41yf72aalbjcaaq4r4j6kn-wayland-1.26.0/lib/libwayland-egl.so.1.26.0
7ffff6c76000-7ffff6c78000 rw-p 00000000 00:00 0 
7ffff6c78000-7ffff6c8c000 r--p 00000000 fe:17 1998587                    /nix/store/bb2f9n4m0ym61y2wmg236312k5pjq1bj-pango-1.57.1/lib/libpango-1.0.so.0.5701.0
7ffff6c8c000-7ffff6ccc000 r-xp 00014000 fe:17 1998587                    /nix/store/bb2f9n4m0ym61y2wmg236312k5pjq1bj-pango-1.57.1/lib/libpango-1.0.so.0.5701.0
7ffff6ccc000-7ffff6ce7000 r--p 00054000 fe:17 1998587                    /nix/store/bb2f9n4m0ym61y2wmg236312k5pjq1bj-pango-1.57.1/lib/libpango-1.0.so.0.5701.0
7ffff6ce7000-7ffff6ceb000 r--p 0006e000 fe:17 1998587                    /nix/store/bb2f9n4m0ym61y2wmg236312k5pjq1bj-pango-1.57.1/lib/libpango-1.0.so.0.5701.0
7ffff6ceb000-7ffff6cec000 rw-p 00072000 fe:17 1998587                    /nix/store/bb2f9n4m0ym61y2wmg236312k5pjq1bj-pango-1.57.1/lib/libpango-1.0.so.0.5701.0
7ffff6cec000-7ffff6d1d000 r--p 00000000 fe:17 690356                     /nix/store/ipf3pkb2853bklrmlq3f59pxhyrh44p4-gtk+3-3.24.52/lib/libgdk-3.so.0.2420.32
7ffff6d1d000-7ffff6dab000 r-xp 00031000 fe:17 690356                     /nix/store/ipf3pkb2853bklrmlq3f59pxhyrh44p4-gtk+3-3.24.52/lib/libgdk-3.so.0.2420.32
7ffff6dab000-7ffff6df3000 r--p 000bf000 fe:17 690356                     /nix/store/ipf3pkb2853bklrmlq3f59pxhyrh44p4-gtk+3-3.24.52/lib/libgdk-3.so.0.2420.32
7ffff6df3000-7ffff6dfd000 r--p 00107000 fe:17 690356                     /nix/store/ipf3pkb2853bklrmlq3f59pxhyrh44p4-gtk+3-3.24.52/lib/libgdk-3.so.0.2420.32
7ffff6dfd000-7ffff6dff000 rw-p 00111000 fe:17 690356                     /nix/store/ipf3pkb2853bklrmlq3f59pxhyrh44p4-gtk+3-3.24.52/lib/libgdk-3.so.0.2420.32
7ffff6dff000-7ffff6e00000 rw-p 00000000 00:00 0 
7ffff6e00000-7ffff6e28000 r--p 00000000 fe:17 1981702                    /nix/store/lm3pknxi0ipypy3lxh1wmm8wvvavdwrn-glibc-2.42-84/lib/libc.so.6
7ffff6e28000-7ffff6fa7000 r-xp 00028000 fe:17 1981702                    /nix/store/lm3pknxi0ipypy3lxh1wmm8wvvavdwrn-glibc-2.42-84/lib/libc.so.6
7ffff6fa7000-7ffff6ff6000 r--p 001a7000 fe:17 1981702                    /nix/store/lm3pknxi0ipypy3lxh1wmm8wvvavdwrn-glibc-2.42-84/lib/libc.so.6
7ffff6ff6000-7ffff6ffa000 r--p 001f5000 fe:17 1981702                    /nix/store/lm3pknxi0ipypy3lxh1wmm8wvvavdwrn-glibc-2.42-84/lib/libc.so.6
7ffff6ffa000-7ffff6ffc000 rw-p 001f9000 fe:17 1981702                    /nix/store/lm3pknxi0ipypy3lxh1wmm8wvvavdwrn-glibc-2.42-84/lib/libc.so.6
7ffff6ffc000-7ffff7009000 rw-p 00000000 00:00 0 
7ffff7009000-7ffff700a000 ---p 00000000 00:00 0 
7ffff700a000-7ffff700c000 rw-p 00000000 00:00 0 
7ffff700c000-7ffff700d000 r--p 00000000 fe:17 1983560                    /nix/store/604gsr59rj7dzd0nrhp143rpvf7gyiaz-gcc-15.3.0-lib/lib/libssp.so.0.0.0
7ffff700d000-7ffff700e000 r-xp 00001000 fe:17 1983560                    /nix/store/604gsr59rj7dzd0nrhp143rpvf7gyiaz-gcc-15.3.0-lib/lib/libssp.so.0.0.0
7ffff700e000-7ffff700f000 r--p 00002000 fe:17 1983560                    /nix/store/604gsr59rj7dzd0nrhp143rpvf7gyiaz-gcc-15.3.0-lib/lib/libssp.so.0.0.0
7ffff700f000-7ffff7010000 r--p 00002000 fe:17 1983560                    /nix/store/604gsr59rj7dzd0nrhp143rpvf7gyiaz-gcc-15.3.0-lib/lib/libssp.so.0.0.0
7ffff7010000-7ffff7011000 rw-p 00003000 fe:17 1983560                    /nix/store/604gsr59rj7dzd0nrhp143rpvf7gyiaz-gcc-15.3.0-lib/lib/libssp.so.0.0.0
7ffff7011000-7ffff7019000 r--p 00000000 fe:17 1997679                    /nix/store/qmnqbrvy8v7qqcajv6lng3hfds18yw1w-gdk-pixbuf-2.44.7/lib/libgdk_pixbuf-2.0.so.0.4400.7
7ffff7019000-7ffff7035000 r-xp 00008000 fe:17 1997679                    /nix/store/qmnqbrvy8v7qqcajv6lng3hfds18yw1w-gdk-pixbuf-2.44.7/lib/libgdk_pixbuf-2.0.so.0.4400.7
7ffff7035000-7ffff703e000 r--p 00024000 fe:17 1997679                    /nix/store/qmnqbrvy8v7qqcajv6lng3hfds18yw1w-gdk-pixbuf-2.44.7/lib/libgdk_pixbuf-2.0.so.0.4400.7
7ffff703e000-7ffff703f000 r--p 0002d000 fe:17 1997679                    /nix/store/qmnqbrvy8v7qqcajv6lng3hfds18yw1w-gdk-pixbuf-2.44.7/lib/libgdk_pixbuf-2.0.so.0.4400.7
7ffff703f000-7ffff7040000 rw-p 0002e000 fe:17 1997679                    /nix/store/qmnqbrvy8v7qqcajv6lng3hfds18yw1w-gdk-pixbuf-2.44.7/lib/libgdk_pixbuf-2.0.so.0.4400.7
7ffff7040000-7ffff7044000 r--p 00000000 fe:17 1997046                    /nix/store/4kjswvfkf6y84p4yk61d04gcyny5v9kg-cairo-1.18.4/lib/libcairo-gobject.so.2.11804.4
7ffff7044000-7ffff7046000 r-xp 00004000 fe:17 1997046                    /nix/store/4kjswvfkf6y84p4yk61d04gcyny5v9kg-cairo-1.18.4/lib/libcairo-gobject.so.2.11804.4
7ffff7046000-7ffff7048000 r--p 00006000 fe:17 1997046                    /nix/store/4kjswvfkf6y84p4yk61d04gcyny5v9kg-cairo-1.18.4/lib/libcairo-gobject.so.2.11804.4
7ffff7048000-7ffff704a000 r--p 00008000 fe:17 1997046                    /nix/store/4kjswvfkf6y84p4yk61d04gcyny5v9kg-cairo-1.18.4/lib/libcairo-gobject.so.2.11804.4
7ffff704a000-7ffff704b000 rw-p 0000a000 fe:17 1997046                    /nix/store/4kjswvfkf6y84p4yk61d04gcyny5v9kg-cairo-1.18.4/lib/libcairo-gobject.so.2.11804.4
7ffff704b000-7ffff705b000 r--p 00000000 fe:17 525612                     /nix/store/7mf69bavdjazjvbhflj0s40d2a6mk5wb-glib-2.88.3/lib/libgobject-2.0.so.0.8800.3
7ffff705b000-7ffff7093000 r-xp 00010000 fe:17 525612                     /nix/store/7mf69bavdjazjvbhflj0s40d2a6mk5wb-glib-2.88.3/lib/libgobject-2.0.so.0.8800.3
7ffff7093000-7ffff70ac000 r--p 00048000 fe:17 525612                     /nix/store/7mf69bavdjazjvbhflj0s40d2a6mk5wb-glib-2.88.3/lib/libgobject-2.0.so.0.8800.3
7ffff70ac000-7ffff70af000 r--p 00060000 fe:17 525612                     /nix/store/7mf69bavdjazjvbhflj0s40d2a6mk5wb-glib-2.88.3/lib/libgobject-2.0.so.0.8800.3
7ffff70af000-7ffff70b0000 rw-p 00063000 fe:17 525612                     /nix/store/7mf69bavdjazjvbhflj0s40d2a6mk5wb-glib-2.88.3/lib/libgobject-2.0.so.0.8800.3
7ffff70b0000-7ffff70ce000 r--p 00000000 fe:17 1986243                    /nix/store/9159h1500cy22cgriydpl6mbih9rjnc2-libx11-1.8.13/lib/libX11.so.6.4.0
7ffff70ce000-7ffff716a000 r-xp 0001e000 fe:17 1986243                    /nix/store/9159h1500cy22cgriydpl6mbih9rjnc2-libx11-1.8.13/lib/libX11.so.6.4.0
7ffff716a000-7ffff71f9000 r--p 000ba000 fe:17 1986243                    /nix/store/9159h1500cy22cgriydpl6mbih9rjnc2-libx11-1.8.13/lib/libX11.so.6.4.0
7ffff71f9000-7ffff71fc000 r--p 00149000 fe:17 1986243                    /nix/store/9159h1500cy22cgriydpl6mbih9rjnc2-libx11-1.8.13/lib/libX11.so.6.4.0
7ffff71fc000-7ffff7200000 rw-p 0014c000 fe:17 1986243                    /nix/store/9159h1500cy22cgriydpl6mbih9rjnc2-libx11-1.8.13/lib/libX11.so.6.4.0
7ffff7200000-7ffff7245000 r--p 00000000 fe:17 525407                     /nix/store/7mf69bavdjazjvbhflj0s40d2a6mk5wb-glib-2.88.3/lib/libgio-2.0.so.0.8800.3
7ffff7245000-7ffff7387000 r-xp 00045000 fe:17 525407                     /nix/store/7mf69bavdjazjvbhflj0s40d2a6mk5wb-glib-2.88.3/lib/libgio-2.0.so.0.8800.3
7ffff7387000-7ffff740b000 r--p 00187000 fe:17 525407                     /nix/store/7mf69bavdjazjvbhflj0s40d2a6mk5wb-glib-2.88.3/lib/libgio-2.0.so.0.8800.3
7ffff740b000-7ffff7415000 r--p 0020a000 fe:17 525407                     /nix/store/7mf69bavdjazjvbhflj0s40d2a6mk5wb-glib-2.88.3/lib/libgio-2.0.so.0.8800.3
7ffff7415000-7ffff7416000 rw-p 00214000 fe:17 525407                     /nix/store/7mf69bavdjazjvbhflj0s40d2a6mk5wb-glib-2.88.3/lib/libgio-2.0.so.0.8800.3
7ffff7416000-7ffff7419000 rw-p 00000000 00:00 0 
7ffff7419000-7ffff741b000 r--p 00000000 fe:17 1990826                    /nix/store/bm7j0k4afzpbcdb5rc5jx3nzjvjmgsxi-libxfixes-6.0.2/lib/libXfixes.so.3.1.0
7ffff741b000-7ffff741e000 r-xp 00002000 fe:17 1990826                    /nix/store/bm7j0k4afzpbcdb5rc5jx3nzjvjmgsxi-libxfixes-6.0.2/lib/libXfixes.so.3.1.0
7ffff741e000-7ffff741f000 r--p 00005000 fe:17 1990826                    /nix/store/bm7j0k4afzpbcdb5rc5jx3nzjvjmgsxi-libxfixes-6.0.2/lib/libXfixes.so.3.1.0
7ffff741f000-7ffff7420000 r--p 00005000 fe:17 1990826                    /nix/store/bm7j0k4afzpbcdb5rc5jx3nzjvjmgsxi-libxfixes-6.0.2/lib/libXfixes.so.3.1.0
7ffff7420000-7ffff7421000 rw-p 00006000 fe:17 1990826                    /nix/store/bm7j0k4afzpbcdb5rc5jx3nzjvjmgsxi-libxfixes-6.0.2/lib/libXfixes.so.3.1.0
7ffff7421000-7ffff7432000 r--p 00000000 fe:17 1982401                    /nix/store/lm3pknxi0ipypy3lxh1wmm8wvvavdwrn-glibc-2.42-84/lib/libm.so.6
7ffff7432000-7ffff74b7000 r-xp 00011000 fe:17 1982401                    /nix/store/lm3pknxi0ipypy3lxh1wmm8wvvavdwrn-glibc-2.42-84/lib/libm.so.6
7ffff74b7000-7ffff7517000 r--p 00096000 fe:17 1982401                    /nix/store/lm3pknxi0ipypy3lxh1wmm8wvvavdwrn-glibc-2.42-84/lib/libm.so.6
7ffff7517000-7ffff7518000 r--p 000f5000 fe:17 1982401                    /nix/store/lm3pknxi0ipypy3lxh1wmm8wvvavdwrn-glibc-2.42-84/lib/libm.so.6
7ffff7518000-7ffff7519000 rw-p 000f6000 fe:17 1982401                    /nix/store/lm3pknxi0ipypy3lxh1wmm8wvvavdwrn-glibc-2.42-84/lib/libm.so.6
7ffff7519000-7ffff7528000 r--p 00000000 fe:17 1729045                    /nix/store/85v143gw8jcqjg04gxb38c4han2z7myb-freetype-2.14.3/lib/libfreetype.so.6.20.6
7ffff7528000-7ffff75cb000 r-xp 0000f000 fe:17 1729045                    /nix/store/85v143gw8jcqjg04gxb38c4han2z7myb-freetype-2.14.3/lib/libfreetype.so.6.20.6
7ffff75cb000-7ffff75f7000 r--p 000b2000 fe:17 1729045                    /nix/store/85v143gw8jcqjg04gxb38c4han2z7myb-freetype-2.14.3/lib/libfreetype.so.6.20.6
7ffff75f7000-7ffff75ff000 r--p 000de000 fe:17 1729045                    /nix/store/85v143gw8jcqjg04gxb38c4han2z7myb-freetype-2.14.3/lib/libfreetype.so.6.20.6
7ffff75ff000-7ffff7600000 rw-p 000e6000 fe:17 1729045                    /nix/store/85v143gw8jcqjg04gxb38c4han2z7myb-freetype-2.14.3/lib/libfreetype.so.6.20.6
7ffff7600000-7ffff769a000 r--p 00000000 fe:17 690360                     /nix/store/ipf3pkb2853bklrmlq3f59pxhyrh44p4-gtk+3-3.24.52/lib/libgtk-3.so.0.2420.32
7ffff769a000-7ffff7a64000 r-xp 0009a000 fe:17 690360                     /nix/store/ipf3pkb2853bklrmlq3f59pxhyrh44p4-gtk+3-3.24.52/lib/libgtk-3.so.0.2420.32
7ffff7a64000-7ffff7d36000 r--p 00464000 fe:17 690360                     /nix/store/ipf3pkb2853bklrmlq3f59pxhyrh44p4-gtk+3-3.24.52/lib/libgtk-3.so.0.2420.32
7ffff7d36000-7ffff7d49000 r--p 00736000 fe:17 690360                     /nix/store/ipf3pkb2853bklrmlq3f59pxhyrh44p4-gtk+3-3.24.52/lib/libgtk-3.so.0.2420.32
7ffff7d49000-7ffff7d4c000 rw-p 00749000 fe:17 690360                     /nix/store/ipf3pkb2853bklrmlq3f59pxhyrh44p4-gtk+3-3.24.52/lib/libgtk-3.so.0.2420.32
7ffff7d4c000-7ffff7d51000 rw-p 00000000 00:00 0 
7ffff7d51000-7ffff7d52000 rw-p 00000000 00:00 0 
7ffff7d52000-7ffff7d5c000 rw-p 00000000 00:00 0 
7ffff7d5c000-7ffff7d5e000 r--p 00000000 fe:17 1966487                    /nix/store/2rpxri9fbz8frvz2bw2wl64q9yqig7sa-fribidi-1.0.16/lib/libfribidi.so.0.4.0
7ffff7d5e000-7ffff7d64000 r-xp 00002000 fe:17 1966487                    /nix/store/2rpxri9fbz8frvz2bw2wl64q9yqig7sa-fribidi-1.0.16/lib/libfribidi.so.0.4.0
7ffff7d64000-7ffff7d7b000 r--p 00008000 fe:17 1966487                    /nix/store/2rpxri9fbz8frvz2bw2wl64q9yqig7sa-fribidi-1.0.16/lib/libfribidi.so.0.4.0
7ffff7d7b000-7ffff7d7c000 r--p 0001e000 fe:17 1966487                    /nix/store/2rpxri9fbz8frvz2bw2wl64q9yqig7sa-fribidi-1.0.16/lib/libfribidi.so.0.4.0
7ffff7d7c000-7ffff7d7d000 rw-p 0001f000 fe:17 1966487                    /nix/store/2rpxri9fbz8frvz2bw2wl64q9yqig7sa-fribidi-1.0.16/lib/libfribidi.so.0.4.0
7ffff7d7d000-7ffff7d86000 r--p 00000000 fe:17 1998721                    /nix/store/bb2f9n4m0ym61y2wmg236312k5pjq1bj-pango-1.57.1/lib/libpangoft2-1.0.so.0.5701.0
7ffff7d86000-7ffff7d94000 r-xp 00009000 fe:17 1998721                    /nix/store/bb2f9n4m0ym61y2wmg236312k5pjq1bj-pango-1.57.1/lib/libpangoft2-1.0.so.0.5701.0
7ffff7d94000-7ffff7d98000 r--p 00017000 fe:17 1998721                    /nix/store/bb2f9n4m0ym61y2wmg236312k5pjq1bj-pango-1.57.1/lib/libpangoft2-1.0.so.0.5701.0
7ffff7d98000-7ffff7d99000 r--p 0001b000 fe:17 1998721                    /nix/store/bb2f9n4m0ym61y2wmg236312k5pjq1bj-pango-1.57.1/lib/libpangoft2-1.0.so.0.5701.0
7ffff7d99000-7ffff7d9a000 rw-p 0001c000 fe:17 1998721                    /nix/store/bb2f9n4m0ym61y2wmg236312k5pjq1bj-pango-1.57.1/lib/libpangoft2-1.0.so.0.5701.0
7ffff7d9a000-7ffff7d9c000 rw-p 00000000 00:00 0 
7ffff7d9c000-7ffff7da2000 r--p 00000000 fe:17 1997801                    /nix/store/bb2f9n4m0ym61y2wmg236312k5pjq1bj-pango-1.57.1/lib/libpangocairo-1.0.so.0.5701.0
7ffff7da2000-7ffff7dab000 r-xp 00006000 fe:17 1997801                    /nix/store/bb2f9n4m0ym61y2wmg236312k5pjq1bj-pango-1.57.1/lib/libpangocairo-1.0.so.0.5701.0
7ffff7dab000-7ffff7dad000 r--p 0000f000 fe:17 1997801                    /nix/store/bb2f9n4m0ym61y2wmg236312k5pjq1bj-pango-1.57.1/lib/libpangocairo-1.0.so.0.5701.0
7ffff7dad000-7ffff7dae000 r--p 00011000 fe:17 1997801                    /nix/store/bb2f9n4m0ym61y2wmg236312k5pjq1bj-pango-1.57.1/lib/libpangocairo-1.0.so.0.5701.0
7ffff7dae000-7ffff7daf000 rw-p 00012000 fe:17 1997801                    /nix/store/bb2f9n4m0ym61y2wmg236312k5pjq1bj-pango-1.57.1/lib/libpangocairo-1.0.so.0.5701.0
7ffff7daf000-7ffff7db1000 r--p 00000000 fe:17 525590                     /nix/store/7mf69bavdjazjvbhflj0s40d2a6mk5wb-glib-2.88.3/lib/libgmodule-2.0.so.0.8800.3
7ffff7db1000-7ffff7db3000 r-xp 00002000 fe:17 525590                     /nix/store/7mf69bavdjazjvbhflj0s40d2a6mk5wb-glib-2.88.3/lib/libgmodule-2.0.so.0.8800.3
7ffff7db3000-7ffff7db4000 r--p 00004000 fe:17 525590                     /nix/store/7mf69bavdjazjvbhflj0s40d2a6mk5wb-glib-2.88.3/lib/libgmodule-2.0.so.0.8800.3
7ffff7db4000-7ffff7db5000 r--p 00004000 fe:17 525590                     /nix/store/7mf69bavdjazjvbhflj0s40d2a6mk5wb-glib-2.88.3/lib/libgmodule-2.0.so.0.8800.3
7ffff7db5000-7ffff7db6000 rw-p 00005000 fe:17 525590                     /nix/store/7mf69bavdjazjvbhflj0s40d2a6mk5wb-glib-2.88.3/lib/libgmodule-2.0.so.0.8800.3
7ffff7db6000-7ffff7db8000 rw-p 00000000 00:00 0 
7ffff7db8000-7ffff7dba000 r--p 00000000 fe:17 1990120                    /nix/store/xcscav23y5ypcdw8lif068gvgbr2w17s-libxrender-0.9.12/lib/libXrender.so.1.3.0
7ffff7dba000-7ffff7dc1000 r-xp 00002000 fe:17 1990120                    /nix/store/xcscav23y5ypcdw8lif068gvgbr2w17s-libxrender-0.9.12/lib/libXrender.so.1.3.0
7ffff7dc1000-7ffff7dc2000 r--p 00009000 fe:17 1990120                    /nix/store/xcscav23y5ypcdw8lif068gvgbr2w17s-libxrender-0.9.12/lib/libXrender.so.1.3.0
7ffff7dc2000-7ffff7dc3000 r--p 0000a000 fe:17 1990120                    /nix/store/xcscav23y5ypcdw8lif068gvgbr2w17s-libxrender-0.9.12/lib/libXrender.so.1.3.0
7ffff7dc3000-7ffff7dc4000 rw-p 0000b000 fe:17 1990120                    /nix/store/xcscav23y5ypcdw8lif068gvgbr2w17s-libxrender-0.9.12/lib/libXrender.so.1.3.0
7ffff7dc4000-7ffff7dc8000 r--p 00000000 fe:17 1990802                    /nix/store/hhxj73cf4cdcw3aklidwaf03raazjj9k-libxext-1.3.7/lib/libXext.so.6.4.0
7ffff7dc8000-7ffff7dd4000 r-xp 00004000 fe:17 1990802                    /nix/store/hhxj73cf4cdcw3aklidwaf03raazjj9k-libxext-1.3.7/lib/libXext.so.6.4.0
7ffff7dd4000-7ffff7dd7000 r--p 00010000 fe:17 1990802                    /nix/store/hhxj73cf4cdcw3aklidwaf03raazjj9k-libxext-1.3.7/lib/libXext.so.6.4.0
7ffff7dd7000-7ffff7dd8000 r--p 00012000 fe:17 1990802                    /nix/store/hhxj73cf4cdcw3aklidwaf03raazjj9k-libxext-1.3.7/lib/libXext.so.6.4.0
7ffff7dd8000-7ffff7dd9000 rw-p 00013000 fe:17 1990802                    /nix/store/hhxj73cf4cdcw3aklidwaf03raazjj9k-libxext-1.3.7/lib/libXext.so.6.4.0
7ffff7dd9000-7ffff7ddb000 rw-p 00000000 00:00 0 
7ffff7ddb000-7ffff7ddf000 r--p 00000000 fe:17 1841895                    /nix/store/klk2aycgwglrc0hxrgdvmyyz6h2y95pf-avahi-0.8/lib/libavahi-client.so.3.2.9
7ffff7ddf000-7ffff7de9000 r-xp 00004000 fe:17 1841895                    /nix/store/klk2aycgwglrc0hxrgdvmyyz6h2y95pf-avahi-0.8/lib/libavahi-client.so.3.2.9
7ffff7de9000-7ffff7ded000 r--p 0000e000 fe:17 1841895                    /nix/store/klk2aycgwglrc0hxrgdvmyyz6h2y95pf-avahi-0.8/lib/libavahi-client.so.3.2.9
7ffff7ded000-7ffff7dee000 r--p 00012000 fe:17 1841895                    /nix/store/klk2aycgwglrc0hxrgdvmyyz6h2y95pf-avahi-0.8/lib/libavahi-client.so.3.2.9
7ffff7dee000-7ffff7def000 rw-p 00013000 fe:17 1841895                    /nix/store/klk2aycgwglrc0hxrgdvmyyz6h2y95pf-avahi-0.8/lib/libavahi-client.so.3.2.9
7ffff7def000-7ffff7df3000 r--p 00000000 fe:17 1841921                    /nix/store/klk2aycgwglrc0hxrgdvmyyz6h2y95pf-avahi-0.8/lib/libavahi-common.so.3.5.4
7ffff7df3000-7ffff7df9000 r-xp 00004000 fe:17 1841921                    /nix/store/klk2aycgwglrc0hxrgdvmyyz6h2y95pf-avahi-0.8/lib/libavahi-common.so.3.5.4
7ffff7df9000-7ffff7dfd000 r--p 0000a000 fe:17 1841921                    /nix/store/klk2aycgwglrc0hxrgdvmyyz6h2y95pf-avahi-0.8/lib/libavahi-common.so.3.5.4
7ffff7dfd000-7ffff7dfe000 r--p 0000d000 fe:17 1841921                    /nix/store/klk2aycgwglrc0hxrgdvmyyz6h2y95pf-avahi-0.8/lib/libavahi-common.so.3.5.4
7ffff7dfe000-7ffff7dff000 rw-p 0000e000 fe:17 1841921                    /nix/store/klk2aycgwglrc0hxrgdvmyyz6h2y95pf-avahi-0.8/lib/libavahi-common.so.3.5.4
7ffff7dff000-7ffff7e01000 rw-p 00000000 00:00 0 
7ffff7e01000-7ffff7e05000 r--p 00000000 fe:17 1983016                    /nix/store/pzky0fzxs3iy95lf14ffybxg973nv933-expat-2.8.4/lib/libexpat.so.1.12.4
7ffff7e05000-7ffff7e26000 r-xp 00004000 fe:17 1983016                    /nix/store/pzky0fzxs3iy95lf14ffybxg973nv933-expat-2.8.4/lib/libexpat.so.1.12.4
7ffff7e26000-7ffff7e2e000 r--p 00025000 fe:17 1983016                    /nix/store/pzky0fzxs3iy95lf14ffybxg973nv933-expat-2.8.4/lib/libexpat.so.1.12.4
7ffff7e2e000-7ffff7e30000 r--p 0002d000 fe:17 1983016                    /nix/store/pzky0fzxs3iy95lf14ffybxg973nv933-expat-2.8.4/lib/libexpat.so.1.12.4
7ffff7e30000-7ffff7e31000 rw-p 0002f000 fe:17 1983016                    /nix/store/pzky0fzxs3iy95lf14ffybxg973nv933-expat-2.8.4/lib/libexpat.so.1.12.4
7ffff7e31000-7ffff7e33000 rw-p 00000000 00:00 0 
7ffff7e33000-7ffff7e37000 r--p 00000000 fe:17 1995808                    /nix/store/flpjkgj2hr2mwpdqv5jvdm7wwzwzr9ya-file-5.48/lib/libmagic.so.1.0.0
7ffff7e37000-7ffff7e57000 r-xp 00004000 fe:17 1995808                    /nix/store/flpjkgj2hr2mwpdqv5jvdm7wwzwzr9ya-file-5.48/lib/libmagic.so.1.0.0
7ffff7e57000-7ffff7e5f000 r--p 00024000 fe:17 1995808                    /nix/store/flpjkgj2hr2mwpdqv5jvdm7wwzwzr9ya-file-5.48/lib/libmagic.so.1.0.0
7ffff7e5f000-7ffff7e61000 r--p 0002b000 fe:17 1995808                    /nix/store/flpjkgj2hr2mwpdqv5jvdm7wwzwzr9ya-file-5.48/lib/libmagic.so.1.0.0
7ffff7e61000-7ffff7e62000 rw-p 0002d000 fe:17 1995808                    /nix/store/flpjkgj2hr2mwpdqv5jvdm7wwzwzr9ya-file-5.48/lib/libmagic.so.1.0.0
7ffff7e62000-7ffff7e64000 r--p 00000000 fe:17 1994091                    /nix/store/2cf75gbn2qk5hbm4kdzgg545mky5gxh7-libxrandr-1.5.5/lib/libXrandr.so.2.2.0
7ffff7e64000-7ffff7e6b000 r-xp 00002000 fe:17 1994091                    /nix/store/2cf75gbn2qk5hbm4kdzgg545mky5gxh7-libxrandr-1.5.5/lib/libXrandr.so.2.2.0
7ffff7e6b000-7ffff7e6d000 r--p 00009000 fe:17 1994091                    /nix/store/2cf75gbn2qk5hbm4kdzgg545mky5gxh7-libxrandr-1.5.5/lib/libXrandr.so.2.2.0
7ffff7e6d000-7ffff7e6e000 r--p 0000a000 fe:17 1994091                    /nix/store/2cf75gbn2qk5hbm4kdzgg545mky5gxh7-libxrandr-1.5.5/lib/libXrandr.so.2.2.0
7ffff7e6e000-7ffff7e6f000 rw-p 0000b000 fe:17 1994091                    /nix/store/2cf75gbn2qk5hbm4kdzgg545mky5gxh7-libxrandr-1.5.5/lib/libXrandr.so.2.2.0
7ffff7e6f000-7ffff7e70000 r--p 00000000 fe:17 1994019                    /nix/store/2l0aaznaxvbjp8drgh7ar9j3n9gvkajy-libxinerama-1.1.6/lib/libXinerama.so.1.0.0
7ffff7e70000-7ffff7e71000 r-xp 00001000 fe:17 1994019                    /nix/store/2l0aaznaxvbjp8drgh7ar9j3n9gvkajy-libxinerama-1.1.6/lib/libXinerama.so.1.0.0
7ffff7e71000-7ffff7e72000 r--p 00002000 fe:17 1994019                    /nix/store/2l0aaznaxvbjp8drgh7ar9j3n9gvkajy-libxinerama-1.1.6/lib/libXinerama.so.1.0.0
7ffff7e72000-7ffff7e73000 r--p 00002000 fe:17 1994019                    /nix/store/2l0aaznaxvbjp8drgh7ar9j3n9gvkajy-libxinerama-1.1.6/lib/libXinerama.so.1.0.0
7ffff7e73000-7ffff7e74000 rw-p 00003000 fe:17 1994019                    /nix/store/2l0aaznaxvbjp8drgh7ar9j3n9gvkajy-libxinerama-1.1.6/lib/libXinerama.so.1.0.0
7ffff7e74000-7ffff7e94000 r--p 00000000 fe:17 411481                     /nix/store/r1faw9jwwhwmm9xs5lc66lig8y6a90cq-cups-2.4.19-lib/lib/libcups.so.2
7ffff7e94000-7ffff7ede000 r-xp 00020000 fe:17 411481                     /nix/store/r1faw9jwwhwmm9xs5lc66lig8y6a90cq-cups-2.4.19-lib/lib/libcups.so.2
7ffff7ede000-7ffff7ef8000 r--p 0006a000 fe:17 411481                     /nix/store/r1faw9jwwhwmm9xs5lc66lig8y6a90cq-cups-2.4.19-lib/lib/libcups.so.2
7ffff7ef8000-7ffff7f02000 r--p 00083000 fe:17 411481                     /nix/store/r1faw9jwwhwmm9xs5lc66lig8y6a90cq-cups-2.4.19-lib/lib/libcups.so.2
7ffff7f02000-7ffff7f03000 rw-p 0008d000 fe:17 411481                     /nix/store/r1faw9jwwhwmm9xs5lc66lig8y6a90cq-cups-2.4.19-lib/lib/libcups.so.2
7ffff7f03000-7ffff7f0c000 r--p 00000000 fe:17 411305                     /nix/store/hrxf1fxrp7qwxrlv5k4aqxlwlam952aa-fontconfig-2.18.3-lib/lib/libfontconfig.so.1.16.1
7ffff7f0c000-7ffff7f3d000 r-xp 00009000 fe:17 411305                     /nix/store/hrxf1fxrp7qwxrlv5k4aqxlwlam952aa-fontconfig-2.18.3-lib/lib/libfontconfig.so.1.16.1
7ffff7f3d000-7ffff7f73000 r--p 0003a000 fe:17 411305                     /nix/store/hrxf1fxrp7qwxrlv5k4aqxlwlam952aa-fontconfig-2.18.3-lib/lib/libfontconfig.so.1.16.1
7ffff7f73000-7ffff7f7c000 r--p 00070000 fe:17 411305                     /nix/store/hrxf1fxrp7qwxrlv5k4aqxlwlam952aa-fontconfig-2.18.3-lib/lib/libfontconfig.so.1.16.1
7ffff7f7c000-7ffff7f7d000 rw-p 00079000 fe:17 411305                     /nix/store/hrxf1fxrp7qwxrlv5k4aqxlwlam952aa-fontconfig-2.18.3-lib/lib/libfontconfig.so.1.16.1
7ffff7f7d000-7ffff7f7f000 rw-p 00000000 00:00 0 
7ffff7f7f000-7ffff7f80000 r--p 00000000 fe:17 1982397                    /nix/store/lm3pknxi0ipypy3lxh1wmm8wvvavdwrn-glibc-2.42-84/lib/libdl.so.2
7ffff7f80000-7ffff7f81000 r-xp 00001000 fe:17 1982397                    /nix/store/lm3pknxi0ipypy3lxh1wmm8wvvavdwrn-glibc-2.42-84/lib/libdl.so.2
7ffff7f81000-7ffff7f82000 r--p 00002000 fe:17 1982397                    /nix/store/lm3pknxi0ipypy3lxh1wmm8wvvavdwrn-glibc-2.42-84/lib/libdl.so.2
7ffff7f82000-7ffff7f83000 r--p 00002000 fe:17 1982397                    /nix/store/lm3pknxi0ipypy3lxh1wmm8wvvavdwrn-glibc-2.42-84/lib/libdl.so.2
7ffff7f83000-7ffff7f84000 rw-p 00003000 fe:17 1982397                    /nix/store/lm3pknxi0ipypy3lxh1wmm8wvvavdwrn-glibc-2.42-84/lib/libdl.so.2
7ffff7f84000-7ffff7f85000 r--p 00000000 fe:17 1968252                    /nix/store/lm3pknxi0ipypy3lxh1wmm8wvvavdwrn-glibc-2.42-84/lib/libpthread.so.0
7ffff7f85000-7ffff7f86000 r-xp 00001000 fe:17 1968252                    /nix/store/lm3pknxi0ipypy3lxh1wmm8wvvavdwrn-glibc-2.42-84/lib/libpthread.so.0
7ffff7f86000-7ffff7f87000 r--p 00002000 fe:17 1968252                    /nix/store/lm3pknxi0ipypy3lxh1wmm8wvvavdwrn-glibc-2.42-84/lib/libpthread.so.0
7ffff7f87000-7ffff7f88000 r--p 00002000 fe:17 1968252                    /nix/store/lm3pknxi0ipypy3lxh1wmm8wvvavdwrn-glibc-2.42-84/lib/libpthread.so.0
7ffff7f88000-7ffff7f89000 rw-p 00003000 fe:17 1968252                    /nix/store/lm3pknxi0ipypy3lxh1wmm8wvvavdwrn-glibc-2.42-84/lib/libpthread.so.0
7ffff7f89000-7ffff7f8c000 r--p 00000000 fe:17 949553                     /nix/store/p3ckxs1gmqir4m2b6yknbbka33da1y4m-openjdk-21.0.12.1+1/lib/openjdk/lib/libjli.so
7ffff7f8c000-7ffff7f96000 r-xp 00003000 fe:17 949553                     /nix/store/p3ckxs1gmqir4m2b6yknbbka33da1y4m-openjdk-21.0.12.1+1/lib/openjdk/lib/libjli.so
7ffff7f96000-7ffff7f99000 r--p 0000d000 fe:17 949553                     /nix/store/p3ckxs1gmqir4m2b6yknbbka33da1y4m-openjdk-21.0.12.1+1/lib/openjdk/lib/libjli.so
7ffff7f99000-7ffff7f9a000 r--p 00010000 fe:17 949553                     /nix/store/p3ckxs1gmqir4m2b6yknbbka33da1y4m-openjdk-21.0.12.1+1/lib/openjdk/lib/libjli.so
7ffff7f9a000-7ffff7f9b000 rw-p 00011000 fe:17 949553                     /nix/store/p3ckxs1gmqir4m2b6yknbbka33da1y4m-openjdk-21.0.12.1+1/lib/openjdk/lib/libjli.so
7ffff7f9b000-7ffff7f9e000 r--p 00000000 fe:17 1841562                    /nix/store/lw86vj9kfwgvlivg3p8qg2nibpmhmsl9-zlib-1.3.2/lib/libz.so.1.3.2
7ffff7f9e000-7ffff7fb2000 r-xp 00003000 fe:17 1841562                    /nix/store/lw86vj9kfwgvlivg3p8qg2nibpmhmsl9-zlib-1.3.2/lib/libz.so.1.3.2
7ffff7fb2000-7ffff7fb8000 r--p 00017000 fe:17 1841562                    /nix/store/lw86vj9kfwgvlivg3p8qg2nibpmhmsl9-zlib-1.3.2/lib/libz.so.1.3.2
7ffff7fb8000-7ffff7fb9000 r--p 0001c000 fe:17 1841562                    /nix/store/lw86vj9kfwgvlivg3p8qg2nibpmhmsl9-zlib-1.3.2/lib/libz.so.1.3.2
7ffff7fb9000-7ffff7fba000 rw-p 0001d000 fe:17 1841562                    /nix/store/lw86vj9kfwgvlivg3p8qg2nibpmhmsl9-zlib-1.3.2/lib/libz.so.1.3.2
7ffff7fba000-7ffff7fbc000 rw-p 00000000 00:00 0 
7ffff7fbc000-7ffff7fc0000 r--p 00000000 00:00 0                          [vvar]
7ffff7fc0000-7ffff7fc2000 r--p 00000000 00:00 0                          [vvar_vclock]
7ffff7fc2000-7ffff7fc4000 r-xp 00000000 00:00 0                          [vdso]
7ffff7fc4000-7ffff7fc5000 r--p 00000000 fe:17 1981654                    /nix/store/lm3pknxi0ipypy3lxh1wmm8wvvavdwrn-glibc-2.42-84/lib/ld-linux-x86-64.so.2
7ffff7fc5000-7ffff7ff0000 r-xp 00001000 fe:17 1981654                    /nix/store/lm3pknxi0ipypy3lxh1wmm8wvvavdwrn-glibc-2.42-84/lib/ld-linux-x86-64.so.2
7ffff7ff0000-7ffff7ffb000 r--p 0002c000 fe:17 1981654                    /nix/store/lm3pknxi0ipypy3lxh1wmm8wvvavdwrn-glibc-2.42-84/lib/ld-linux-x86-64.so.2
7ffff7ffb000-7ffff7ffd000 r--p 00037000 fe:17 1981654                    /nix/store/lm3pknxi0ipypy3lxh1wmm8wvvavdwrn-glibc-2.42-84/lib/ld-linux-x86-64.so.2
7ffff7ffd000-7ffff7ffe000 rw-p 00039000 fe:17 1981654                    /nix/store/lm3pknxi0ipypy3lxh1wmm8wvvavdwrn-glibc-2.42-84/lib/ld-linux-x86-64.so.2
7ffff7ffe000-7ffff7fff000 rw-p 00000000 00:00 0 
7ffffffda000-7ffffffff000 rw-p 00000000 00:00 0                          [stack]
ffffffffff600000-ffffffffff601000 --xp 00000000 00:00 0                  [vsyscall]
Total number of mappings: 774

JVMTI agents: none


VM Arguments:
jvm_args: -Djava.awt.headless=true -Djava.library.path=/usr/java/packages/lib:/usr/lib64:/lib64:/lib:/usr/lib:/home/austin/src/subtracks/app/src/testDebug/jniLibs:/home/austin/src/subtracks/app/src/test/jniLibs -Dorg.gradle.internal.worker.tmpdir=/home/austin/src/subtracks/app/build/tmp/testDebugUnitTest/work -Droborazzi.compare.output.dir=/home/austin/src/subtracks/app/build/outputs/roborazzi -Droborazzi.output.dir=src/test/screenshots -Droborazzi.project.path=/home/austin/src/subtracks/app -Droborazzi.result.dir=build/test-results/roborazzi/debug/results -Droborazzi.test.compare=false -Droborazzi.test.record=true -Droborazzi.test.verify=false --add-opens=java.base/java.io=ALL-UNNAMED -Xmx512m -Dfile.encoding=UTF-8 -Duser.country=US -Duser.language=en -Duser.variant -ea 
java_command: worker.org.gradle.process.internal.worker.GradleWorkerMain 'Gradle Test Executor 185'
java_class_path (initial): /home/austin/.gradle/caches/9.7.1/workerMain/gradle-worker.jar:/home/austin/src/subtracks/app/build/intermediates/unit_test_config_directory/debugUnitTest/generateDebugUnitTestConfig/out:/home/austin/src/subtracks/app/build/intermediates/built_in_kotlinc/debugUnitTest/compileDebugUnitTestKotlin/classes:/home/austin/src/subtracks/app/build/intermediates/java_res/debugUnitTest/processDebugUnitTestJavaRes/out:/home/austin/src/subtracks/app/build/intermediates/runtime_app_classes_jar/debug/bundleDebugClassesToRuntimeJar/classes.jar:/home/austin/.gradle/caches/9.7.1/transforms/040abec3ec227bfbd5b0f0c53ceaff5b/transformed/roborazzi-junit-rule-1.74.0-runtime.jar:/home/austin/.gradle/caches/9.7.1/transforms/b5b746ceb2a0c40f70732675e3d23be7/transformed/junit-ktx-1.2.1-runtime.jar:/home/austin/.gradle/caches/9.7.1/transforms/95e6a2e3f0cbd64950a91a5939681372/transformed/navigation-runtime-runtime.jar:/home/austin/.gradle/caches/9.7.1/transforms/70deae3e828ca43516560d0b3d0b51ba/transformed/navigation-common-runtime.jar:/home/austin/.gradle/caches/9.7.1/transforms/99d86fa2b0d5206bc13956144953fe37/transformed/navigation-compose-runtime.jar:/home/austin/.gradle/caches/9.7.1/transforms/2f19a2a5009b554dddbb1231ecb7886a/transformed/koin-androidx-compose-4.2.2-runtime.jar:/home/austin/.gradle/caches/9.7.1/transforms/aaa7f1e72742a4e992741f4d38dc9097/transformed/koin-compose-viewmodel-release-runtime.jar:/home/austin/.gradle/caches/9.7.1/transforms/40cbbb9cb8bcd970956854230f6f1c01/transformed/koin-compose-release-runtime.jar:/home/austin/.gradle/caches/9.7.1/transforms/c017de7cb8adfede845854677c09d70d/transformed/koin-android-4.2.2-runtime.jar:/home/austin/.gradle/caches/9.7.1/transforms/94bb3b71a0c1e7bdd2b7c0a2087726c1/transformed/coil-test-runtime.jar:/home/austin/.gradle/caches/9.7.1/transforms/f7bc873934cb305fef386e1e3333d9af/transformed/coil-network-okhttp-runtime.jar:/home/austin/.gradle/caches/9.7.1/transforms/ca4510934b90ac56d8ef5339527a5982/transformed/coil-compose-runtime.jar:/home/austin/.gradle/caches/9.7.1/transforms/a03b6ad0b6a8b99a5d2245ef839512cb/transformed/coil-runtime.jar:/home/austin/.gradle/caches/9.7.1/transforms/a3fc4690a8e1138077eadbdc0143515e/transformed/coil-compose-core-runtime.jar:/home/austin/.gradle/caches/9.7.1/transforms/a261ecca8a02b9bedf71cc1c42f27e60/transformed/coil-network-core-runtime.jar:/home/austin/.gradle/caches/9.7.1/transforms/f3e884d30f9a02ef07759e25234f0e6b/transformed/coil-core-runtime.jar:/home/austin/.gradle/caches/9.7.1/transforms/84ea5f71a3f865dd9cc9933387656d6c/transformed/appcompat-resources-1.7.1-runtime.jar:/home/austin/.gradle/caches/9.7.1/transforms/fb342701c2e5af5d2dceabc2d97d4432/transformed/appcompat-1.7.1-runtime.jar:/home/austin/.gradle/caches/9.7.1/transforms/9bcfa9c802eae823523fbcffc11e693f/transformed/fragment-1.8.9-runtime.jar:/home/austin/.gradle/caches/9.7.1/transforms/746dad0e6ebce23a0a7382fe538d8058/transformed/fragment-ktx-1.8.9-runtime.jar:/home/austin/.gradle/caches/9.7.1/transforms/a0fee17d1a9ba5768b1e771ff38aacb7/transformed/reorderable-debug-runtime.jar:/home/austin/.gradle/caches/9.7.1/transforms/0d35eb611b013fd5b813564e7bd463df/transformed/animation-core-runtime.jar:/home/austin/.gradle/caches/9.7.1/transforms/07fd070098e273cf3879439af0609890/transformed/animation-runtime.jar:/home/austin/.gradle/caches/9.7.1/transforms/637c342a8e2a6c4234431ff7d6883fdc/transformed/foundation-layout-runtime.jar:/home/austin/.gradle/caches/9.7.1/transforms/5b88f65ae7774c9fff677010010a8e8f/transformed/foundation-runtime.jar:/home/austin/.gradle/caches/9.7.1/transforms/19c5c63f66e16953a0b61c8b40af019a/transformed/ui-unit-runtime.jar:/home/austin/.gradle/caches/9.7.1/transforms/92630ffb6fdd9905fcd9f154f2c5cea1/transformed/ui-graphics-runtime.jar:/home/austin/.gradle/caches/9.7.1/transforms/27bf060347a98ac5574ac80c326411e9/transformed/ui-geometry-runtime.jar:/home/austin/.gradle/caches/9.7.1/transforms/7bfac32f31d6e698c2149c0f484496ee/transformed/ui-util-runtime.jar:/home/austin/.gradle/caches/9.7.1/transforms/e006c572612240e0ff5d6c87eb9ea775/transformed/ui-text-runtime.jar:/home/austin/.gradle/caches/9.7.1/transforms/a452e2fec9376f9d44a997237f3c26e0/transformed/ui-runtime.jar:/home/austin/.gradle/caches/9.7.1/transforms/4ff9d0f32173fe0ec62e5ec12a7e14ff/transformed/activity-ktx-1.13.0-runtime.jar:/home/austin/.gradle/caches/9.7.1/transforms/43c90f6c23eabdbf1be352ff04c47d63/transformed/activity-1.13.0-runtime.jar:/home/austin/.gradle/caches/9.7.1/transforms/155aba04bb2605cc72950acfc5983199/transformed/material-ripple-runtime.jar:/home/austin/.gradle/caches/9.7.1/transforms/6998279358dcf9eaace2039c219d7ca5/transformed/foundation-runtime.jar:/home/austin/.gradle/caches/9.7.1/transforms/c6424fe7154487c05fc15afce0b89100/transformed/foundation-layout-runtime.jar:/home/austin/.gradle/caches/9.7.1/transforms/45fe44bb5971c0977ce25d51c9642a22/transformed/animation-core-runtime.jar:/home/austin/.gradle/caches/9.7.1/transforms/686bfd438e15dcc072d3f1c29a690c14/transformed/animation-runtime.jar:/home/austin/.gradle/caches/9.7.1/transforms/efc511db75350b27503dce4babb63006/transformed/ui-tooling-data-runtime.jar:/home/austin/.gradle/caches/9.7.1/transforms/366a39f2217fa80d28ea26efc1647b5a/transformed/ui-test-runtime.jar:/home/austin/.gradle/caches/9.7.1/transforms/5499ad1595e096d44d097d26d8e4cbc3/transformed/ui-unit-runtime.jar:/home/austin/.gradle/caches/9.7.1/transforms/1c6036fc2a876d1805200fb3f64034ec/transformed/ui-geometry-runtime.jar:/home/austin/.gradle/caches/9.7.1/transforms/c4892c4ff8d182eda6d81c3777fdef85/transformed/ui-util-runtime.jar:/home/austin/.gradle/caches/9.7.1/transforms/2aacd3749887297b09489b1ef3b68c72/transformed/ui-text-runtime.jar:/home/austin/.gradle/caches/9.7.1/transforms/5607d55384e95cd48ee22e53e8422d6b/transformed/ui-tooling-preview-runtime.jar:/home/austin/.gradle/caches/9.7.1/transforms/6dd942705d0d7bb09966e230962c285a/transformed/ui-graphics-runtime.jar:/home/austin/.gradle/caches/9.7.1/transforms/eea1556bbc26a46832f781bb72ee7232/transformed/ui-tooling-runtime.jar:/home/austin/.gradle/caches/9.7.1/transforms/d415edc85f46a812f535757fb88f1c93/transformed/material3-runtime.jar:/home/austin/.gradle/caches/9.7.1/transforms/da9b2b8cd18201598c60e91e4c520b24/transformed/activity-compose-1.13.0-runtime.jar:/home/austin/.gradle/caches/9.7.1/transforms/cd1e0cd1560eae58a254e40573a40544/transformed/media3-exoplayer-1.11.1-runtime.jar:/home/austin/.gradle/caches/9.7.1/transforms/6674642cd8d4fb8b05ad45face8598bf/transformed/media3-datasource-okhttp-1.11.1-runtime.jar:/home/austin/.gradle/caches/9.7.1/transforms/449136c8fd4d361465841a0886789cc8/transformed/media3-extractor-1.11.1-runtime.jar:/home/austin/.gradle/caches/9.7.1/transforms/f2ca7cfa56cc3cc8e14bd96a2b5354a0/transformed/media3-container-1.11.1-runtime.jar:/home/austin/.gradle/caches/9.7.1/transforms/7202969bb7590980c2a5a8062ba88533/transformed/media3-datasource-1.11.1-runtime.jar:/home/austin/.gradle/caches/9.7.1/transforms/421c17304eae3e4a158f8359a64d6cac/transformed/media3-decoder-1.11.1-runtime.jar:/home/austin/.gradle/caches/9.7.1/transforms/36a5b539d74aaa8030406dfe3dab1200/transformed/media3-database-1.11.1-runtime.jar:/home/austin/.gradle/caches/9.7.1/transforms/235b2b598fdb7792ca0b14663e8b9641/transformed/media3-common-1.11.1-runtime.jar:/home/austin/.gradle/caches/9.7.1/transforms/0df06b67d41e7d2a4b4e6c232ef23c54/transformed/media3-session-1.11.1-runtime.jar:/home/austin/.gradle/caches/9.7.1/transforms/3b8727d464309a742881cd407cf0ff07/transformed/roborazzi-compose-1.74.0-runtime.jar:/home/austin/.gradle/caches/9.7.1/transforms/ccd11e941751365c2e37b47f6b7c5438/transformed/roborazzi-1.74.0-runtime.jar:/home/austin/.gradle/caches/modules-2/files-2.1/io.github.takahirom.roborazzi/roborazzi-painter-jvm/1.74.0/53c35f0af8fed32a71a9042f1d5010533302acd/roborazzi-painter-jvm.jar:/home/austin/.gradle/caches/9.7.1/transforms/f19c69c535c47b7e6183a8b4c8b74a28/transformed/roborazzi-core-runtime.jar:/home/austin/.gradle/caches/9.7.1/transforms/62ffa749b709af9e4875899fa19dafbc/transformed/customview-poolingcontainer-1.0.0-runtime.jar:/home/austin/.gradle/caches/9.7.1/transforms/7a99a8a9ae02d8f119569a5e02d05d2a/transformed/espresso-core-3.5.1-runtime.jar:/home/austin/.gradle/caches/9.7.1/transforms/daec103cdb1332553e6a7d88d3722376/transformed/core-1.7.0-runtime.jar:/home/austin/.gradle/caches/9.7.1/transforms/3875ebd4559a9b37b3ab9c5722c94f55/transformed/palette-ktx-1.0.0-runtime.jar:/home/austin/.gradle/caches/9.7.1/transforms/afeaa0123a1af50a2349bbcce3999c3b/transformed/palette-1.0.0-runtime.jar:/home/austin/.gradle/caches/9.7.1/transforms/1cc8e038feb918caf03f42267ba75ec5/transformed/legacy-support-core-utils-1.0.0-runtime.jar:/home/austin/.gradle/caches/9.7.1/transforms/256d2ce98295e61bbcd4a73dbde51fc9/transformed/loader-1.0.0-runtime.jar:/home/austin/.gradle/caches/9.7.1/transforms/ba1be7dd28ed1b30d625666fea0af5b7/transformed/emoji2-views-helper-1.4.0-runtime.jar:/home/austin/.gradle/caches/9.7.1/transforms/2249ac671353835e54f3c37a4c29365f/transformed/emoji2-1.4.0-runtime.jar:/home/austin/.gradle/caches/9.7.1/transforms/54cfb7bae6a38abcd1df6454a0e18027/transformed/lifecycle-process-2.11.0-runtime.jar:/home/austin/.gradle/caches/9.7.1/transforms/861c097c01512172c1b6b812c9f16777/transformed/lifecycle-livedata-core-ktx-2.11.0-runtime.jar:/home/austin/.gradle/caches/9.7.1/transforms/444892b13f57612bbb1bb278d2136d12/transformed/lifecycle-livedata-2.11.0-runtime.jar:/home/austin/.gradle/caches/9.7.1/transforms/846d972344d0d54a041147c7a23630e7/transformed/lifecycle-livedata-core-2.11.0-runtime.jar:/home/austin/.gradle/caches/9.7.1/transforms/ca70219cfd2d46cc7fd7aa59478808d9/transformed/koin-core-viewmodel-release-runtime.jar:/home/austin/.gradle/caches/9.7.1/transforms/9d2e7593c20abe8c35473a764b08bc9f/transformed/lifecycle-viewmodel-2.11.0-runtime.jar:/home/austin/.gradle/caches/9.7.1/transforms/c0db0b2086e6dd8a0b280bc7ffe2e8a3/transformed/lifecycle-viewmodel-runtime.jar:/home/austin/.gradle/caches/modules-2/files-2.1/androidx.room3/room3-common-jvm/3.0.3/5dd066c8a91cf67ea4917c207dd7012bbe184aff/room3-common-jvm-3.0.3.jar:/home/austin/.gradle/caches/9.7.1/transforms/71af032d86d3a30fd72a8ce008e0dc34/transformed/room3-runtime-runtime.jar:/home/austin/.gradle/caches/9.7.1/transforms/742348ea4d8b1758046df9ca74f027d6/transformed/room3-sqlite-wrapper-3.0.3-runtime.jar:/home/austin/.gradle/caches/9.7.1/transforms/7d47220d262cbfd814dc9a258cec46ee/transformed/room3-paging-runtime.jar:/home/austin/.gradle/caches/9.7.1/transforms/2e6f7dbd2e22348fcf9804ea329e3703/transformed/paging-common-runtime.jar:/home/austin/.gradle/caches/9.7.1/transforms/ad85166cbdc7fafc8057b35cce8374dd/transformed/paging-compose-runtime.jar:/home/austin/.gradle/caches/9.7.1/transforms/9a68f091e5ef22b9b3d3ad88794ca506/transformed/navigationevent-runtime.jar:/home/austin/.gradle/caches/9.7.1/transforms/7188dfdc49c22acfa482508c1e9720a9/transformed/navigationevent-compose-runtime.jar:/home/austin/.gradle/caches/9.7.1/transforms/958077da047393992bad9296607f31d3/transformed/runtime-annotation-runtime.jar:/home/austin/.gradle/caches/9.7.1/transforms/e379a12131e92036abbd5ac54e68664b/transformed/runtime-retain-runtime.jar:/home/austin/.gradle/caches/9.7.1/transforms/874e662c27c4116d0a430b0c966e0c89/transformed/savedstate-runtime.jar:/home/austin/.gradle/caches/9.7.1/transforms/b8d4a6a50a52fbb9ee779fef1c5b2227/transformed/savedstate-ktx-1.5.0-runtime.jar:/home/austin/.gradle/caches/9.7.1/transforms/2644795784c52ba2504ecbdefa5d0ecc/transformed/savedstate-compose-runtime.jar:/home/austin/.gradle/caches/9.7.1/transforms/f9854cd59ad80887da40b4f0d399826f/transformed/runtime-runtime.jar:/home/austin/.gradle/caches/9.7.1/transforms/752450cb79a88a5dd9bc03128c7c4ce5/transformed/runtime-runtime.jar:/home/austin/.gradle/caches/9.7.1/transforms/a0359623fff9fdc933ada4101f2def21/transformed/runtime-saveable-runtime.jar:/home/austin/.gradle/caches/9.7.1/transforms/d3d1c160bda722ee842c6a4134d37046/transformed/runtime-saveable-runtime.jar:/home/austin/.gradle/caches/modules-2/files-2.1/androidx.lifecycle/lifecycle-common-jvm/2.11.0/2c4f7d92f1fd723121d394c93455f50158403ad9/lifecycle-common-jvm-2.11.0.jar:/home/austin/.gradle/caches/9.7.1/transforms/78aa70d83f438d7686fe2bc9afa5e597/transformed/lifecycle-viewmodel-savedstate-runtime.jar:/home/austin/.gradle/caches/9.7.1/transforms/421b6119d1a43337c3d5f205fb849b60/transformed/core-ktx-1.19.0-runtime.jar:/home/austin/.gradle/caches/9.7.1/transforms/e86a0e48b4ba49b583ba3079d5487e69/transformed/media-1.7.0-runtime.jar:/home/austin/.gradle/caches/9.7.1/transforms/911ffcb4b8dcaf7166db3614ef067e20/transformed/autofill-1.0.0-runtime.jar:/home/austin/.gradle/caches/9.7.1/transforms/570a6c7faf79a994c6aecca50a94537f/transformed/window-core-runtime.jar:/home/austin/.gradle/caches/9.7.1/transforms/cdfc0f912b153067e38c88c55b6598d7/transformed/window-1.5.0-runtime.jar:/home/austin/.gradle/caches/9.7.1/transforms/a1a9ec21bbc73da3764c1ea0cac0639a/transformed/graphics-path-1.0.1-runtime.jar:/home/austin/.gradle/caches/9.7.1/transforms/a8dde2c2f69cd40a6a7dd7af892fd98c/transformed/vectordrawable-animated-1.1.0-runtime.jar:/home/austin/.gradle/caches/9.7.1/transforms/0f48d5f0f9e2e50badf0ef22a3e9a838/transformed/vectordrawable-1.1.0-runtime.jar:/home/austin/.gradle/caches/9.7.1/transforms/26ef7f5aa4de38cdeafd09d31f0ff53f/transformed/drawerlayout-1.0.0-runtime.jar:/home/austin/.gradle/caches/9.7.1/transforms/23c37713305ce5ca9d1696d49a4c7875/transformed/viewpager-1.0.0-runtime.jar:/home/austin/.gradle/caches/9.7.1/transforms/03ef7b2f56bdbc32cb976f2c3620d651/transformed/customview-1.0.0-runtime.jar:/home/austin/.gradle/caches/9.7.1/transforms/4599d602a758493cbb960288ba7f685a/transformed/core-1.19.0-runtime.jar:/home/austin/.gradle/caches/9.7.1/transforms/74936ed528ec33def0540a151583f73d/transformed/lifecycle-runtime-runtime.jar:/home/austin/.gradle/caches/9.7.1/transforms/eecc196d1cf7b24cde03a4d1f5ceea12/transformed/lifecycle-viewmodel-ktx-2.11.0-runtime.jar:/home/austin/.gradle/caches/modules-2/files-2.1/androidx.lifecycle/lifecycle-common-java8/2.11.0/9d9c098b5dc3bbcdce8ec4495991b9b0ee25606e/lifecycle-common-java8-2.11.0.jar:/home/austin/.gradle/caches/9.7.1/transforms/dd6f426c9fd5a703fe361b3995eaa570/transformed/lifecycle-service-2.11.0-runtime.jar:/home/austin/.gradle/caches/9.7.1/transforms/fea1356c4bbb6302b6d1701c6a95f3cc/transformed/lifecycle-viewmodel-compose-runtime.jar:/home/austin/.gradle/caches/9.7.1/transforms/e0307fa346d0875f39dbfaeae7a85377/transformed/lifecycle-runtime-ktx-runtime.jar:/home/austin/.gradle/caches/9.7.1/transforms/f507e2c8ff5e9473aaa47e6f335803ad/transformed/lifecycle-runtime-compose-runtime.jar:/home/austin/.gradle/caches/9.7.1/transforms/0191a2d998a9d017cae8e2eb09d9b38d/transformed/material-icons-extended-release-runtime.jar:/home/austin/.gradle/caches/9.7.1/transforms/2b332ef70b990d8fab2d99190789d3a7/transformed/material-icons-core-release-runtime.jar:/home/austin/.gradle/caches/9.7.1/transforms/47091bf5f7c0c26926959dd2e801dfc9/transformed/accompanist-drawablepainter-0.37.3-runtime.jar:/home/austin/.gradle/caches/9.7.1/transforms/a44e37ad81c708427d79d47c9c1b2ee7/transformed/ui-runtime.jar:/home/austin/.gradle/caches/9.7.1/transforms/dac2bd9a545b76f250a0859b0e81c4cc/transformed/ui-test-manifest-1.12.1-runtime.jar:/home/austin/.gradle/caches/9.7.1/transforms/febcb0842d6680c3085a1ac2ecb185d2/transformed/ui-test-junit4-runtime.jar:/home/austin/.gradle/caches/9.7.1/transforms/9dd4c7c3471de696989f39149da82c88/transformed/junit-1.3.0-runtime.jar:/home/austin/.gradle/caches/modules-2/files-2.1/com.squareup.okhttp3/mockwebserver/5.5.0/a54f047a793c0d613ab89f6463d6c4642a641770/mockwebserver-5.5.0.jar:/home/austin/.gradle/caches/9.7.1/transforms/61dad2b1459b550437f96d9f0503870f/transformed/runner-1.5.2-runtime.jar:/home/austin/.gradle/caches/modules-2/files-2.1/junit/junit/4.13.2/8ac9e16d933b6fb43bc7f576336b8f4d7eb5ba12/junit-4.13.2.jar:/home/austin/.gradle/caches/modules-2/files-2.1/org.robolectric/robolectric/4.17/31a19773cc1daf1be0f77769497371ddf18a518f/robolectric-4.17.jar:/home/austin/.gradle/caches/modules-2/files-2.1/androidx.sqlite/sqlite-bundled-jvm/2.7.1/ab882d5991b28bcbe4a02f480284f4c3c3a84bb9/sqlite-bundled-jvm-2.7.1.jar:/home/austin/.gradle/caches/modules-2/files-2.1/org.jetbrains.kotlinx/kotlinx-coroutines-android/1.11.0/51ffb50a6478872fbbac6cbd48f09553bf4e9e7d/kotlinx-coroutines-android-1.11.0.jar:/home/austin/.gradle/caches/modules-2/files-2.1/org.jetbrains.kotlinx/kotlinx-coroutines-test-jvm/1.11.0/1dfe8ce2b805d913922f283b386895bd0979dfcb/kotlinx-coroutines-test-jvm-1.11.0.jar:/home/austin/.gradle/caches/9.7.1/transforms/ceec94873b3237eb1709451a01bb8d95/transformed/profileinstaller-1.4.1-runtime.jar:/home/austin/.gradle/caches/modules-2/files-2.1/androidx.concurrent/concurrent-futures/1.2.0/6a1dfd69226e148898410721f4b14315343d1429/concurrent-futures-1.2.0.jar:/home/austin/.gradle/caches/modules-2/files-2.1/androidx.concurrent/concurrent-futures-ktx/1.2.0/13b49fdb58c74bdfb12eb131b5e22d6d09683e30/concurrent-futures-ktx-1.2.0.jar:/home/austin/.gradle/caches/modules-2/files-2.1/androidx.datastore/datastore-preferences-external-protobuf/1.2.1/200a891fd29602b4bcff8e197d243a372fb026d5/datastore-preferences-external-protobuf-1.2.1.jar:/home/austin/.gradle/caches/modules-2/files-2.1/androidx.datastore/datastore-core-okio-jvm/1.2.1/16e01a0603ce8cf206b21a304ff1ded7a9bff1da/datastore-core-okio-jvm-1.2.1.jar:/home/austin/.gradle/caches/9.7.1/transforms/ca85b845a7880736fafbfa19ca0c81c4/transformed/datastore-core-runtime.jar:/home/austin/.gradle/caches/modules-2/files-2.1/androidx.datastore/datastore-preferences-proto/1.2.1/5d062b556fb45141138c3d86284bbdcbe07cc770/datastore-preferences-proto-1.2.1.jar:/home/austin/.gradle/caches/9.7.1/transforms/455f81ad5be4101226ca327119b0356b/transformed/datastore-preferences-core-runtime.jar:/home/austin/.gradle/caches/9.7.1/transforms/ea01397d704beb4a39c440287e28731b/transformed/datastore-runtime.jar:/home/austin/.gradle/caches/9.7.1/transforms/dc948fd77c9a50b34bd97acbaf3a2c52/transformed/datastore-preferences-runtime.jar:/home/austin/.gradle/caches/modules-2/files-2.1/org.jetbrains.kotlinx/kotlinx-coroutines-core-jvm/1.11.0/3d57dc678bd8d72a60e7adf0eca5c54e3f4f4b79/kotlinx-coroutines-core-jvm-1.11.0.jar:/home/austin/.gradle/caches/modules-2/files-2.1/org.robolectric/shadows-framework/4.17/689988e7f55462d21c6e0a863604563eae2630c6/shadows-framework-4.17.jar:/home/austin/.gradle/caches/9.7.1/transforms/ead7a24897c13dbfeed6bef9c3ea1cb1/transformed/storage-1.6.0-runtime.jar:/home/austin/.gradle/caches/9.7.1/transforms/8296babf3bdaae1f57e7c2638d6a322d/transformed/monitor-1.8.0-runtime.jar:/home/austin/.gradle/caches/modules-2/files-2.1/com.squareup.okhttp3/mockwebserver3/5.5.0/8379486f073a2761d468f9d65dae7cdad482895/mockwebserver3-5.5.0.jar:/home/austin/.gradle/caches/9.7.1/transforms/e81d5d154434709c7e894c9a1f40def9/transformed/sqlite-framework-runtime.jar:/home/austin/.gradle/caches/9.7.1/transforms/41a684d9ed9aa09fb78f4f103575a1ee/transformed/sqlite-async-runtime.jar:/home/austin/.gradle/caches/9.7.1/transforms/bc3b52e1e94f448c15b17ae68af37207/transformed/sqlite-runtime.jar:/home/austin/.gradle/caches/9.7.1/transforms/7b1a0325f49290206660d87b102c99ea/transformed/sqlite-bundled-runtime.jar:/home/austin/.gradle/caches/9.7.1/transforms/76eac7a6dadb2b32086eb187a373d37f/transformed/okhttp-runtime.jar:/home/austin/.gradle/caches/modules-2/files-2.1/com.dropbox.differ/differ-jvm/0.3.0/1fc0656a44bf48b466414a6167c675a1e84e4703/differ-jvm-0.3.0.jar:/home/austin/.gradle/caches/modules-2/files-2.1/com.squareup.okio/okio-jvm/3.18.1/a3a8128bb3a0157d23ecc18c17e8330d9c0ac96c/okio-jvm-3.18.1.jar:/home/austin/.gradle/caches/9.7.1/transforms/914bef60c8b21c3cf3c38a1ef06bb81b/transformed/core-viewtree-1.0.0-runtime.jar:/home/austin/.gradle/caches/9.7.1/transforms/86140a220ecb8514841b6b5f80b1c6f2/transformed/annotation-1.0.1-runtime.jar:/home/austin/.gradle/caches/9.7.1/transforms/a7a244ff5a749a3c5003c4177a658b8b/transformed/annotation-experimental-1.5.0-runtime.jar:/home/austin/.gradle/caches/modules-2/files-2.1/org.jetbrains.kotlin/kotlin-stdlib-jdk8/1.9.0/e000bd084353d84c9e888f6fb341dc1f5b79d948/kotlin-stdlib-jdk8-1.9.0.jar:/home/austin/.gradle/caches/9.7.1/transforms/d5ff03acbf5f3284833bd173cf8d9798/transformed/startup-runtime-1.2.0-runtime.jar:/home/austin/.gradle/caches/9.7.1/transforms/d11480c34e0d61f9e70efa1eacb24ed0/transformed/tracing-1.2.0-runtime.jar:/home/austin/.gradle/caches/9.7.1/transforms/fdde44418fe84f2737b919ea4959f322/transformed/interpolator-1.0.0-runtime.jar:/home/austin/.gradle/caches/9.7.1/transforms/c619b7085c9839718102c78c38ba6afc/transformed/versionedparcelable-1.1.1-runtime.jar:/home/austin/.gradle/caches/modules-2/files-2.1/androidx.collection/collection-ktx/1.5.0/27c78a926a16a1bf792b2285cf2834e8caae4a07/collection-ktx-1.5.0.jar:/home/austin/.gradle/caches/modules-2/files-2.1/androidx.collection/collection-jvm/1.5.0/7ba2c69414d46ebc2dd76598bdd0a75c54281a57/collection-jvm-1.5.0.jar:/home/austin/.gradle/caches/9.7.1/transforms/e33bc5af3a6d5a0d8f00f245d4f2524f/transformed/documentfile-1.0.0-runtime.jar:/home/austin/.gradle/caches/9.7.1/transforms/e2249aec4ca3be72266448bae76476d1/transformed/localbroadcastmanager-1.0.0-runtime.jar:/home/austin/.gradle/caches/9.7.1/transforms/3052c3a150848ecef8e4cdd7ddabfaf0/transformed/print-1.0.0-runtime.jar:/home/austin/.gradle/caches/9.7.1/transforms/7e3bf6997dc40370e9839a3bb9ae2fcd/transformed/exifinterface-1.4.2-runtime.jar:/home/austin/.gradle/caches/9.7.1/transforms/51134aa2fc74d6a7c8775a5f7c63e269/transformed/core-runtime-2.2.0-runtime.jar:/home/austin/.gradle/caches/modules-2/files-2.1/androidx.arch.core/core-common/2.2.0/5e1b8b81dfd5f52c56a8d53b18ca759c19a301f3/core-common-2.2.0.jar:/home/austin/.gradle/caches/9.7.1/transforms/2e0cd80d72d01eb78069355570b274bb/transformed/cursoradapter-1.0.0-runtime.jar:/home/austin/.gradle/caches/modules-2/files-2.1/androidx.resourceinspection/resourceinspection-annotation/1.0.1/8c21f8ff5d96d5d52c948707f7e4d6ca6773feef/resourceinspection-annotation-1.0.1.jar:/home/austin/.gradle/caches/modules-2/files-2.1/androidx.annotation/annotation-jvm/1.10.0/388cfaa79001d0f024d28f6a13d5a3dfc2f0e18f/annotation-jvm-1.10.0.jar:/home/austin/.gradle/caches/modules-2/files-2.1/org.jetbrains.kotlinx/kotlinx-serialization-json-jvm/1.7.3/6701e8c68d9e82387ce72ee96e8ddf058208d58f/kotlinx-serialization-json-jvm-1.7.3.jar:/home/austin/.gradle/caches/modules-2/files-2.1/org.jetbrains.kotlinx/kotlinx-serialization-core-jvm/1.7.3/1f226780b845ff9206474c05159245d861556249/kotlinx-serialization-core-jvm-1.7.3.jar:/home/austin/.gradle/caches/modules-2/files-2.1/org.jetbrains.kotlinx/kotlinx-io-core-jvm/0.3.3/66d09333cd60ba1c48c9b906b3a888112653d252/kotlinx-io-core-jvm-0.3.3.jar:/home/austin/.gradle/caches/modules-2/files-2.1/org.jetbrains.kotlin/kotlin-stdlib-jdk7/1.9.0/f320478990d05e0cfaadd74f9619fd6027adbf37/kotlin-stdlib-jdk7-1.9.0.jar:/home/austin/.gradle/caches/modules-2/files-2.1/io.insert-koin/koin-core-jvm/4.2.2/26362c66b1f77fcc24f1fc2617bfa33cb2e158d2/koin-core-jvm-4.2.2.jar:/home/austin/.gradle/caches/modules-2/files-2.1/org.jetbrains.kotlinx/kotlinx-io-bytestring-jvm/0.3.3/aaa11306c241f7ab75346f03c3849cf5f5c308f5/kotlinx-io-bytestring-jvm-0.3.3.jar:/home/austin/.gradle/caches/modules-2/files-2.1/co.touchlab/stately-concurrent-collections-jvm/2.1.0/5c03b644537d7926a8f77e5735a8bebb55dafdcd/stately-concurrent-collections-jvm-2.1.0.jar:/home/austin/.gradle/caches/modules-2/files-2.1/co.touchlab/stately-concurrency-jvm/2.1.0/6285428408c4d7e4a6d9a09511de877103effd81/stately-concurrency-jvm-2.1.0.jar:/home/austin/.gradle/caches/modules-2/files-2.1/co.touchlab/stately-strict-jvm/2.1.0/3ae8369209065455f4630793bf6aca0fb88c8b6b/stately-strict-jvm-2.1.0.jar:/home/austin/.gradle/caches/modules-2/files-2.1/org.jetbrains.kotlin/kotlin-stdlib/2.4.10/8943c84ddc6d5cc00a10dbc3736c397066eeaab5/kotlin-stdlib-2.4.10.jar:/home/austin/.gradle/caches/modules-2/files-2.1/org.hamcrest/hamcrest-integration/1.3/5de0c73fef18917cd85d0ab70bb23818685e4dfd/hamcrest-integration-1.3.jar:/home/austin/.gradle/caches/modules-2/files-2.1/org.hamcrest/hamcrest-library/1.3/4785a3c21320980282f9f33d0d1264a69040538f/hamcrest-library-1.3.jar:/home/austin/.gradle/caches/modules-2/files-2.1/org.hamcrest/hamcrest-core/1.3/42a25dc3219429f0e5d060061f71acb49bf010a0/hamcrest-core-1.3.jar:/home/austin/.gradle/caches/modules-2/files-2.1/org.conscrypt/conscrypt-openjdk-uber/2.6.2/65c5977595ee9cc12e6017b9d43b1d2e3d1bab63/conscrypt-openjdk-uber-2.6.2.jar:/home/austin/.gradle/caches/modules-2/files-2.1/org.yaml/snakeyaml/2.6/2bc14918a2f8d5414749ab12d0c590cd3198b8c1/snakeyaml-2.6.jar:/home/austin/.gradle/caches/9.7.1/transforms/02e9ceaf1a35eacf802475481aa5d17a/transformed/espresso-idling-resource-3.7.0-runtime.jar:/home/austin/.gradle/caches/modules-2/files-2.1/com.google.testparameterinjector/test-parameter-injector/1.22/a9e9eff422bcda62502e0b9bd31b4a3bc839700d/test-parameter-injector-1.22.jar:/home/austin/.gradle/caches/modules-2/files-2.1/org.robolectric/junit/4.17/8f22554166230ec5d98562308ce7728888fd57c/junit-4.17.jar:/home/austin/.gradle/caches/modules-2/files-2.1/org.robolectric/resources/4.17/f0cac0ac2bf1484e7ce7877f8fdd110d77500ac0/resources-4.17.jar:/home/austin/.gradle/caches/modules-2/files-2.1/org.robolectric/sandbox/4.17/b8ff57adf93a294b82ca7bac6b99eb5320cadcb7/sandbox-4.17.jar:/home/austin/.gradle/caches/modules-2/files-2.1/org.robolectric/utils-reflector/4.17/f91dc2674aad0847e655e4d4856f7f5e1960fa6e/utils-reflector-4.17.jar:/home/austin/.gradle/caches/modules-2/files-2.1/org.robolectric/plugins-maven-dependency-resolver/4.17/bf7b223b462453b7d6a66b96a848ecff323053d0/plugins-maven-dependency-resolver-4.17.jar:/home/austin/.gradle/caches/modules-2/files-2.1/org.robolectric/nativeruntime/4.17/52d38706eddfe5babb92d1665276ad6076f6efe0/nativeruntime-4.17.jar:/home/austin/.gradle/caches/modules-2/files-2.1/org.robolectric/shadowapi/4.17/dd829fc12fcf9e471aa31364aafa4181726df42a/shadowapi-4.17.jar:/home/austin/.gradle/caches/modules-2/files-2.1/org.robolectric/utils/4.17/7ed6eb8c6464ebddc15427eb7b2f3bb3883840aa/utils-4.17.jar:/home/austin/.gradle/caches/modules-2/files-2.1/org.robolectric/pluginapi/4.17/5e58d90330f4d18f8c4c534541470d63b176f33a/pluginapi-4.17.jar:/home/austin/.gradle/caches/modules-2/files-2.1/org.robolectric/annotations/4.17/a1bb2dba3abeb1f1602d525d15c9eb7355b7fbb5/annotations-4.17.jar:/home/austin/.gradle/caches/modules-2/files-2.1/javax.inject/javax.inject/1/6975da39a7040257bd51d21a231b76c915872d38/javax.inject-1.jar:/home/austin/.gradle/caches/modules-2/files-2.1/javax.annotation/javax.annotation-api/1.3.2/934c04d3cfef185a8008e7bf34331b79730a9d43/javax.annotation-api-1.3.2.jar:/home/austin/.gradle/caches/modules-2/files-2.1/org.bouncycastle/bcprov-jdk18on/1.85/2320b854dffe134687f7266bb22021b779e576d3/bcprov-jdk18on-1.85.jar:/home/austin/.gradle/caches/modules-2/files-2.1/com.google.guava/guava/33.6.0-jre/374ff93f90751e8fc6c7cb5046bab9b14ff69c92/guava-33.6.0-android.jar:/home/austin/.gradle/caches/modules-2/files-2.1/com.google.guava/listenablefuture/9999.0-empty-to-avoid-conflict-with-guava/b421526c5f297295adef1c886e5246c39d4ac629/listenablefuture-9999.0-empty-to-avoid-conflict-with-guava.jar:/home/austin/.gradle/caches/modules-2/files-2.1/org.jetbrains/annotations/23.0.0/8cc20c07506ec18e0834947b84a864bfc094484e/annotations-23.0.0.jar:/home/austin/.gradle/caches/modules-2/files-2.1/org.jspecify/jspecify/1.0.0/7425a601c1c7ec76645a78d22b8c6a627edee507/jspecify-1.0.0.jar:/home/austin/.gradle/caches/modules-2/files-2.1/com.google.auto.value/auto-value-annotations/1.11.1/3493561c5809b92f9e5f54f48ecfe9682ba6cbbe/auto-value-annotations-1.11.1.jar:/home/austin/.gradle/caches/modules-2/files-2.1/org.ow2.asm/asm-commons/9.10.1/4229e4c55fd8e01c23f9fe9884075cc628aacc50/asm-commons-9.10.1.jar:/home/austin/.gradle/caches/modules-2/files-2.1/org.ow2.asm/asm-tree/9.10.1/e244332a17564c1d1572449399a842de35881be2/asm-tree-9.10.1.jar:/home/austin/.gradle/caches/modules-2/files-2.1/org.ow2.asm/asm/9.10.1/ada2141c0cc52ee8f5c48cd5fa4ce0e794f22236/asm-9.10.1.jar:/home/austin/.gradle/caches/modules-2/files-2.1/com.almworks.sqlite4java/sqlite4java/1.0.392/d6234e08ff4e1607ff5321da2579571f05ff778d/sqlite4java-1.0.392.jar:/home/austin/.gradle/caches/modules-2/files-2.1/com.ibm.icu/icu4j/78.3/6a851a53bb1f25689fc418dcc8935b0d93580adf/icu4j-78.3.jar:/home/austin/.gradle/caches/modules-2/files-2.1/com.squareup/javawriter/2.1.1/67ff45d9ae02e583d0f9b3432a5ebbe05c30c966/javawriter-2.1.1.jar:/home/austin/.gradle/caches/modules-2/files-2.1/com.google.code.findbugs/jsr305/2.0.2/516c03b21d50a644d538de0f0369c620989cd8f0/jsr305-2.0.2.jar:/home/austin/.gradle/caches/modules-2/files-2.1/com.google.guava/failureaccess/1.0.3/aeaffd00d57023a2c947393ed251f0354f0985fc/failureaccess-1.0.3.jar:/home/austin/.gradle/caches/modules-2/files-2.1/com.google.errorprone/error_prone_annotations/2.47.0/e64e70c8e2b5a30ce7f1b6c9e3eb7016881e0411/error_prone_annotations-2.47.0.jar:/home/austin/.gradle/caches/modules-2/files-2.1/com.google.j2objc/j2objc-annotations/3.1/a892ca9507839bbdb900d64310ac98256cab992f/j2objc-annotations-3.1.jar:/home/austin/.gradle/caches/modules-2/files-2.1/org.robolectric/nativeruntime-dist-compat/1.0.19/1f6befcda5c961e02c19419b61ea94260e896615/nativeruntime-dist-compat-1.0.19.jar:/home/austin/src/subtracks/app/build/intermediates/java_res/debug/processDebugJavaRes/out:/home/austin/.gradle/caches/9.7.1/transforms/ad1f221571202620ffc29f31ad0283c3/transformed/roborazzi-junit-rule-1.74.0/jars/classes.jar:/home/austin/.gradle/caches/9.7.1/transforms/eaece6a7655089a135cb6d3af95af2d7/transformed/junit-ktx-1.2.1/jars/classes.jar:/home/austin/.gradle/caches/9.7.1/transforms/ca4e9f749cc81bcef8cd573ac599bdc2/transformed/navigation-runtime/jars/classes.jar:/home/austin/.gradle/caches/9.7.1/transforms/71232a440ad1f3ee9ecb611ec0bf31ab/transformed/navigation-common/jars/classes.jar:/home/austin/.gradle/caches/9.7.1/transforms/beed46de1ef132563b00b3cbea56e713/transformed/navigation-compose/jars/classes.jar:/home/austin/.gradle/caches/9.7.1/transforms/6fdcf746385dcbad164aa580b429350e/transformed/koin-androidx-compose-4.2.2/jars/classes.jar:/home/austin/.gradle/caches/9.7.1/transforms/0abe46df34095a38b8fe1b45e38e311e/transformed/koin-compose-viewmodel-release/jars/classes.jar:/home/austin/.gradle/caches/9.7.1/transforms/fdc3562698e8a840a3e47ed2857609d2/transformed/koin-compose-release/jars/classes.jar:/home/austin/.gradle/caches/9.7.1/transforms/ef808b0c47fc6d5bec0f38ac4033516d/transformed/koin-android-4.2.2/jars/classes.jar:/home/austin/.gradle/caches/9.7.1/transforms/f770a3d29e205cbfb2faba97b08ad1bc/transformed/coil-test/jars/classes.jar:/home/austin/.gradle/caches/9.7.1/transforms/c310c0fa03ca56b055ab1d6155b86c52/transformed/coil-network-okhttp/jars/classes.jar:/home/austin/.gradle/caches/9.7.1/transforms/76375bd4ad3dc10bac3958c66c0581a3/transformed/coil-compose/jars/classes.jar:/home/austin/.gradle/caches/9.7.1/transforms/501ccb194428e9cfe666e4d7e9b050f6/transformed/coil/jars/classes.jar:/home/austin/.gradle/caches/9.7.1/transforms/1e1532447db3b512dbad4ba177bc684f/transformed/coil-compose-core/jars/classes.jar:/home/austin/.gradle/caches/9.7.1/transforms/7ebff246b15dbd7a809fa74139b9e3c6/transformed/coil-network-core/jars/classes.jar:/home/austin/.gradle/caches/9.7.1/transforms/ae00e9987e80a348ade77cd83fdf510c/transformed/coil-core/jars/classes.jar:/home/austin/.gradle/caches/9.7.1/transforms/ac0b4a110c392fd98a29a253851dce2e/transformed/appcompat-resources-1.7.1/jars/classes.jar:/home/austin/.gradle/caches/9.7.1/transforms/73a78f7aec62cc62c0c049181d411173/transformed/appcompat-1.7.1/jars/classes.jar:/home/austin/.gradle/caches/9.7.1/transforms/7d48e5d4628e81f1aa3e92c30cade199/transformed/fragment-1.8.9/jars/classes.jar:/home/austin/.gradle/caches/9.7.1/transforms/51425838c6d6972d16328e9ee185735c/transformed/fragment-ktx-1.8.9/jars/classes.jar:/home/austin/.gradle/caches/9.7.1/transforms/61a93d0f6759ffe90074ea6b284c9705/transformed/reorderable-debug/jars/classes.jar:/home/austin/.gradle/caches/9.7.1/transforms/e33b6f039efcdc9826af15eadfa92262/transformed/animation-core/jars/classes.jar:/home/austin/.gradle/caches/9.7.1/transforms/bfa52243f0baa9ffb3c8acfd0ffd5e2a/transformed/animation/jars/classes.jar:/home/austin/.gradle/caches/9.7.1/transforms/50b6e9f0f9c4be2433ee8a5a69828a23/transformed/foundation-layout/jars/classes.jar:/home/austin/.gradle/caches/9.7.1/transforms/a37d3ffc1f0b37cd9fbe93a552201f1d/transformed/foundation/jars/classes.jar:/home/austin/.gradle/caches/9.7.1/transforms/cc2510cea64562e603f59c394e1a7db2/transformed/ui-unit/jars/classes.jar:/home/austin/.gradle/caches/9.7.1/transforms/b124b9e306cad88930e3063106dda9d7/transformed/ui-graphics/jars/classes.jar:/home/austin/.gradle/caches/9.7.1/transforms/59bd380e310897760211656f1fa30240/transformed/ui-geometry/jars/classes.jar:/home/austin/.gradle/caches/9.7.1/transforms/7935029b1743cff7753c6dca78b97429/transformed/ui-util/jars/classes.jar:/home/austin/.gradle/caches/9.7.1/transforms/c82ee3ab1a1da6b5d2f08ffccce23a3c/transformed/ui-text/jars/classes.jar:/home/austin/.gradle/caches/9.7.1/transforms/59d1f6a81ca1505d8a2e2a77cea2e8a8/transformed/ui/jars/classes.jar:/home/austin/.gradle/caches/9.7.1/transforms/c16afe064fc5920a88340c935fa445a4/transformed/activity-ktx-1.13.0/jars/classes.jar:/home/austin/.gradle/caches/9.7.1/transforms/901a57a48de6eb2c2df5c13c9a81dc36/transformed/activity-1.13.0/jars/classes.jar:/home/austin/.gradle/caches/9.7.1/transforms/675a623339085fd183cdada9d0e5a91a/transformed/material-ripple/jars/classes.jar:/home/austin/.gradle/caches/9.7.1/transforms/b51bf8482eb8ab9ab26ffd279f78d441/transformed/foundation/jars/classes.jar:/home/austin/.gradle/caches/9.7.1/transforms/554df68575f30ba1366285fac491ec8e/transformed/foundation-layout/jars/classes.jar:/home/austin/.gradle/caches/9.7.1/transforms/fb9e25cc0d9160c424920829adcac010/transformed/animation-core/jars/classes.jar:/home/austin/.gradle/caches/9.7.1/transforms/d112a3a9a862e512c81d2870725d8628/transformed/animation/jars/classes.jar:/home/austin/.gradle/caches/9.7.1/transforms/1bbd69adda354960c0222ce5c02f19ba/transformed/ui-tooling-data/jars/classes.jar:/home/austin/.gradle/caches/9.7.1/transforms/d273e42bd57406c694dd038ff9966eb4/transformed/ui-test/jars/classes.jar:/home/austin/.gradle/caches/9.7.1/transforms/e90300eb5e81e73fb512d181d1291855/transformed/ui-unit/jars/classes.jar:/home/austin/.gradle/caches/9.7.1/transforms/4638d0b2c9f8d42b8fb05b663ebcf39b/transformed/ui-geometry/jars/classes.jar:/home/austin/.gradle/caches/9.7.1/transforms/707c8f6c4c1d127603d79075586a738e/transformed/ui-util/jars/classes.jar:/home/austin/.gradle/caches/9.7.1/transforms/7c58c65ea933739ef8f626dde4c0d94f/transformed/ui-text/jars/classes.jar:/home/austin/.gradle/caches/9.7.1/transforms/4d6493adba48ab0604c4595ec9a7051d/transformed/ui-tooling-preview/jars/classes.jar:/home/austin/.gradle/caches/9.7.1/transforms/901777e94abdefd598c0a59d5e454768/transformed/ui-graphics/jars/classes.jar:/home/austin/.gradle/caches/9.7.1/transforms/5dd4b924eba2636006689e43181b565a/transformed/ui-tooling/jars/classes.jar:/home/austin/.gradle/caches/9.7.1/transforms/6f56fc597e0d202d937fdb4a04ec29f9/transformed/material3/jars/classes.jar:/home/austin/.gradle/caches/9.7.1/transforms/2ac69ea19b98947e3ea828ca869e9747/transformed/activity-compose-1.13.0/jars/classes.jar:/home/austin/.gradle/caches/9.7.1/transforms/cdf220983d60cd2c46a825f0ff49b27a/transformed/media3-exoplayer-1.11.1/jars/classes.jar:/home/austin/.gradle/caches/9.7.1/transforms/85bde95bbcafd705ac8682f9729afd84/transformed/media3-datasource-okhttp-1.11.1/jars/classes.jar:/home/austin/.gradle/caches/9.7.1/transforms/7066cd4ca56c3544e1567a948d5788ba/transformed/media3-extractor-1.11.1/jars/classes.jar:/home/austin/.gradle/caches/9.7.1/transforms/ce06a3f17d1f325751f95ec917cea4a6/transformed/media3-container-1.11.1/jars/classes.jar:/home/austin/.gradle/caches/9.7.1/transforms/252525f3ba824086fdc01d00bdae772d/transformed/media3-datasource-1.11.1/jars/classes.jar:/home/austin/.gradle/caches/9.7.1/transforms/1b90b6e855581e6b55450b69299f1015/transformed/media3-decoder-1.11.1/jars/classes.jar:/home/austin/.gradle/caches/9.7.1/transforms/48a89de57e7d904e2ce0208a2df111d3/transformed/media3-database-1.11.1/jars/classes.jar:/home/austin/.gradle/caches/9.7.1/transforms/1a25ff3e1f2ccd97c621d2e2ba5cd869/transformed/media3-common-1.11.1/jars/classes.jar:/home/austin/.gradle/caches/9.7.1/transforms/f9b96df862d8d9dd1651d5acbf01e11d/transformed/media3-session-1.11.1/jars/classes.jar:/home/austin/.gradle/caches/9.7.1/transforms/e3f9554e2e1d6190d726ff8615d24645/transformed/roborazzi-compose-1.74.0/jars/classes.jar:/home/austin/.gradle/caches/9.7.1/transforms/dece568c16ff90c1a24528cb88137dc8/transformed/roborazzi-1.74.0/jars/classes.jar:/home/austin/.gradle/caches/9.7.1/transforms/9908a0c9953221cefb4e751954fbe5f4/transformed/roborazzi-core/jars/classes.jar:/home/austin/.gradle/caches/9.7.1/transforms/87916eae8887649f21259699676604c5/transformed/customview-poolingcontainer-1.0.0/jars/classes.jar:/home/austin/.gradle/caches/9.7.1/transforms/55b44cd2caa7e6dcfa7ac54e66a2dde6/transformed/espresso-core-3.5.1/jars/classes.jar:/home/austin/.gradle/caches/9.7.1/transforms/3e8527d1fb560035dafcd4c79d8ff8cc/transformed/core-1.7.0/jars/classes.jar:/home/austin/.gradle/caches/9.7.1/transforms/ab8c64b427a9ba7592b7cde82d4d8ae6/transformed/palette-ktx-1.0.0/jars/classes.jar:/home/austin/.gradle/caches/9.7.1/transforms/19cc0824ef5a7a3cdab9e41ea63895c6/transformed/palette-1.0.0/jars/classes.jar:/home/austin/.gradle/caches/9.7.1/transforms/c6128b8b8540cf61e2b81bd3a6b6c135/transformed/legacy-support-core-utils-1.0.0/jars/classes.jar:/home/austin/.gradle/caches/9.7.1/transforms/686547ae9bfbef95a8229b86d610fda3/transformed/loader-1.0.0/jars/classes.jar:/home/austin/.gradle/caches/9.7.1/transforms/2358966fb5a47470c193d27e9b40cb44/transformed/emoji2-views-helper-1.4.0/jars/classes.jar:/home/austin/.gradle/caches/9.7.1/transforms/94153df0f28f880454da8f9a44775347/transformed/emoji2-1.4.0/jars/classes.jar:/home/austin/.gradle/caches/9.7.1/transforms/94153df0f28f880454da8f9a44775347/transformed/emoji2-1.4.0/jars/libs/repackaged.jar:/home/austin/.gradle/caches/9.7.1/transforms/e8e72b731484777db02df5950cb2b5fe/transformed/lifecycle-process-2.11.0/jars/classes.jar:/home/austin/.gradle/caches/9.7.1/transforms/5b995bad5eac3d47797c6818b07a075d/transformed/lifecycle-livedata-core-ktx-2.11.0/jars/classes.jar:/home/austin/.gradle/caches/9.7.1/transforms/da7eea6c7adcf7eb57d89246db93ebfe/transformed/lifecycle-livedata-2.11.0/jars/classes.jar:/home/austin/.gradle/caches/9.7.1/transforms/207285eb977d0d38d0d360b07e9bd338/transformed/lifecycle-livedata-core-2.11.0/jars/classes.jar:/home/austin/.gradle/caches/9.7.1/transforms/86cb3bf66533df6d1566d94ce34b7635/transformed/koin-core-viewmodel-release/jars/classes.jar:/home/austin/.gradle/caches/9.7.1/transforms/ae2c42da96871a37e0e5e7559364c423/transformed/lifecycle-viewmodel-2.11.0/jars/classes.jar:/home/austin/.gradle/caches/9.7.1/transforms/19670cf910c977867ce8287d46bf06e7/transformed/lifecycle-viewmodel/jars/classes.jar:/home/austin/.gradle/caches/9.7.1/transforms/14c82e5b4e89fcac1e6d9cce64183682/transformed/room3-runtime/jars/classes.jar:/home/austin/.gradle/caches/9.7.1/transforms/e37262172075975df0cd137a7ef3a478/transformed/room3-sqlite-wrapper-3.0.3/jars/classes.jar:/home/austin/.gradle/caches/9.7.1/transforms/9169ca266f29c746dfe4f2f8d5a39fbb/transformed/room3-paging/jars/classes.jar:/home/austin/.gradle/caches/9.7.1/transforms/96a77e1e60df2966e96c58352eaa8216/transformed/paging-common/jars/classes.jar:/home/austin/.gradle/caches/9.7.1/transforms/c5fb11a9338069697d4cc929d300e0d6/transformed/paging-compose/jars/classes.jar:/home/austin/.gradle/caches/9.7.1/transforms/854428c8f8927a6912d004f5e2873079/transformed/navigationevent/jars/classes.jar:/home/austin/.gradle/caches/9.7.1/transforms/e2a4177e785a7d0932a1bde55679c32f/transformed/navigationevent-compose/jars/classes.jar:/home/austin/.gradle/caches/9.7.1/transforms/4fad537be97ba3f9b99b6c758a4c0beb/transformed/runtime-annotation/jars/classes.jar:/home/austin/.gradle/caches/9.7.1/transforms/0d9424da73038efe729e63d47c611233/transformed/runtime-retain/jars/classes.jar:/home/austin/.gradle/caches/9.7.1/transforms/b402023d72099e822175bf002766a783/transformed/savedstate/jars/classes.jar:/home/austin/.gradle/caches/9.7.1/transforms/e0c1459b0fd89420ec5a4198e14e0d14/transformed/savedstate-ktx-1.5.0/jars/classes.jar:/home/austin/.gradle/caches/9.7.1/transforms/0edd4ccdf13bec05846dbdef3d121e6d/transformed/savedstate-compose/jars/classes.jar:/home/austin/.gradle/caches/9.7.1/transforms/872457df1c327d69a48035a619af9098/transformed/runtime/jars/classes.jar:/home/austin/.gradle/caches/9.7.1/transforms/8860d2a74419d4bc1482e6ccf1cc74f4/transformed/runtime/jars/classes.jar:/home/austin/.gradle/caches/9.7.1/transforms/e999a1c309b57837a92b900b19f4410c/transformed/runtime-saveable/jars/classes.jar:/home/austin/.gradle/caches/9.7.1/transforms/d2a13e70cfab2c13d2cd5ea9aa5f0ce2/transformed/runtime-saveable/jars/classes.jar:/home/austin/.gradle/caches/9.7.1/transforms/4cc2a9561935c752706af0fbfa726b3e/transformed/lifecycle-viewmodel-savedstate/jars/classes.jar:/home/austin/.gradle/caches/9.7.1/transforms/af381f96017e6fb646b2faa55ade4ad5/transformed/core-ktx-1.19.0/jars/classes.jar:/home/austin/.gradle/caches/9.7.1/transforms/0ddad075352a7b9f59fbaa13b0945c92/transformed/media-1.7.0/jars/classes.jar:/home/austin/.gradle/caches/9.7.1/transforms/e7c1b86fbd132e9a04eb6140412b10d9/transformed/autofill-1.0.0/jars/classes.jar:/home/austin/.gradle/caches/9.7.1/transforms/eb7a76ff04193e6c7b384b0c850d04b6/transformed/window-core/jars/classes.jar:/home/austin/.gradle/caches/9.7.1/transforms/d47b5e840fd8d80c5a3f053900c924f7/transformed/window-1.5.0/jars/classes.jar:/home/austin/.gradle/caches/9.7.1/transforms/eee3e9f5a8cab14d23899efe33df40b8/transformed/graphics-path-1.0.1/jars/classes.jar:/home/austin/.gradle/caches/9.7.1/transforms/9916951864174bf4022b0dca8d00f613/transformed/vectordrawable-animated-1.1.0/jars/classes.jar:/home/austin/.gradle/caches/9.7.1/transforms/21dff4608f51cdd2d1e7f3b7ff9496b3/transformed/vectordrawable-1.1.0/jars/classes.jar:/home/austin/.gradle/caches/9.7.1/transforms/36b32d4bac3c1cbd7a078838071bd9ab/transformed/drawerlayout-1.0.0/jars/classes.jar:/home/austin/.gradle/caches/9.7.1/transforms/c37ceab9dec62a4b2fab54292442eb46/transformed/viewpager-1.0.0/jars/classes.jar:/home/austin/.gradle/caches/9.7.1/transforms/53079e293ae10e52e35b8ec9038b9ab8/transformed/customview-1.0.0/jars/classes.jar:/home/austin/.gradle/caches/9.7.1/transforms/cead1f9344305640c59b17aceb94773a/transformed/core-1.19.0/jars/classes.jar:/home/austin/.gradle/caches/9.7.1/transforms/52ce756ed8e4c10bdb0c5d1847c82d5c/transformed/lifecycle-runtime/jars/classes.jar:/home/austin/.gradle/caches/9.7.1/transforms/a41684c57f54cdb4858221325069f62f/transformed/lifecycle-viewmodel-ktx-2.11.0/jars/classes.jar:/home/austin/.gradle/caches/9.7.1/transforms/9ecf92a9a8a5df3c5b8d862f66ff2a39/transformed/lifecycle-service-2.11.0/jars/classes.jar:/home/austin/.gradle/caches/9.7.1/transforms/cd87f9d055bcac91a3c025e8b0dc6bd8/transformed/lifecycle-viewmodel-compose/jars/classes.jar:/home/austin/.gradle/caches/9.7.1/transforms/6e76e9d6a63037550d60b6a0a3d7fd3d/transformed/lifecycle-runtime-ktx/jars/classes.jar:/home/austin/.gradle/caches/9.7.1/transforms/04edc6fd66f98ac5533a0f75d8025789/transformed/lifecycle-runtime-compose/jars/classes.jar:/home/austin/.gradle/caches/9.7.1/transforms/25e39c5342b3782d2d96ba3342c2b872/transformed/material-icons-extended-release/jars/classes.jar:/home/austin/.gradle/caches/9.7.1/transforms/283385219a3920ab5059b78117ebe282/transformed/material-icons-core-release/jars/classes.jar:/home/austin/.gradle/caches/9.7.1/transforms/864c33aafd5fa2619ea9c5fef608035a/transformed/accompanist-drawablepainter-0.37.3/jars/classes.jar:/home/austin/.gradle/caches/9.7.1/transforms/ea914513d2342bf4e026892f375849e8/transformed/ui/jars/classes.jar:/home/austin/.gradle/caches/9.7.1/transforms/8e78f90687ecba915b54515445a5fb2d/transformed/ui-test-manifest-1.12.1/jars/classes.jar:/home/austin/.gradle/caches/9.7.1/transforms/3f48a2a5d7dcecaf161f18bbf278aabe/transformed/ui-test-junit4/jars/classes.jar:/home/austin/.gradle/caches/9.7.1/transforms/d0043489461829b8f51a985d24f8bec4/transformed/junit-1.3.0/jars/classes.jar:/home/austin/.gradle/caches/9.7.1/transforms/df0d2e17403ecc608b2378982fc91af4/transformed/runner-1.5.2/jars/classes.jar:/home/austin/.gradle/caches/9.7.1/transforms/1133d1846ed1584a129bfaf898eb8eb1/transformed/profileinstaller-1.4.1/jars/classes.jar:/home/austin/.gradle/caches/9.7.1/transforms/1975cf15a9d7d8e5414c52ea724f1c3e/transformed/datastore-core/jars/classes.jar:/home/austin/.gradle/caches/9.7.1/transforms/94ed2269a331d91db47f716452bcd224/transformed/datastore-preferences-core/jars/classes.jar:/home/austin/.gradle/caches/9.7.1/transforms/fdef206ae858df632d94a811720ae625/transformed/datastore/jars/classes.jar:/home/austin/.gradle/caches/9.7.1/transforms/4ac2b4ff5754aced18e810e64410a765/transformed/datastore-preferences/jars/classes.jar:/home/austin/.gradle/caches/9.7.1/transforms/931d0cf44bb95e64ff5095b63518ae86/transformed/storage-1.6.0/jars/classes.jar:/home/austin/.gradle/caches/9.7.1/transforms/f5577a49c6aa4d5fdd46ec3fd5554c7a/transformed/monitor-1.8.0/jars/classes.jar:/home/austin/.gradle/caches/9.7.1/transforms/677aaae485d3973a287a289746eda22c/transformed/sqlite-framework/jars/classes.jar:/home/austin/.gradle/caches/9.7.1/transforms/7e2b21da74e3e6e539ab7ed64a0853fa/transformed/sqlite-async/jars/classes.jar:/home/austin/.gradle/caches/9.7.1/transforms/e50b5f53f6f3740a5d14982f6e7d7555/transformed/sqlite/jars/classes.jar:/home/austin/.gradle/caches/9.7.1/transforms/170c688f7289f0cc1c634fe8480b0831/transformed/sqlite-bundled/jars/classes.jar:/home/austin/.gradle/caches/9.7.1/transforms/47ff96792f780b60c34a18e2b85f639d/transformed/okhttp/jars/classes.jar:/home/austin/.gradle/caches/9.7.1/transforms/5c0e0c5b319bc9caf62e2d15ee673c6c/transformed/core-viewtree-1.0.0/jars/classes.jar:/home/austin/.gradle/caches/9.7.1/transforms/cb9bd087ddc999f663c4b2de7c9baaf5/transformed/annotation-1.0.1/jars/classes.jar:/home/austin/.gradle/caches/9.7.1/transforms/ef24a8f174ed3b7d881a675d44f16f91/transformed/annotation-experimental-1.5.0/jars/classes.jar:/home/austin/.gradle/caches/9.7.1/transforms/601c17f2e3b7b45d8f8172f346722f7d/transformed/startup-runtime-1.2.0/jars/classes.jar:/home/austin/.gradle/caches/9.7.1/transforms/08b44e063ef2c58356a072321b169108/transformed/tracing-1.2.0/jars/classes.jar:/home/austin/.gradle/caches/9.7.1/transforms/bac538836b6c83ee058523cf06c7b45e/transformed/interpolator-1.0.0/jars/classes.jar:/home/austin/.gradle/caches/9.7.1/transforms/7fd3c754bd9c50e315fc880958971704/transformed/versionedparcelable-1.1.1/jars/classes.jar:/home/austin/.gradle/caches/9.7.1/transforms/a06c5bc8ffe7cecf915dd1a5d484a8bd/transformed/documentfile-1.0.0/jars/classes.jar:/home/austin/.gradle/caches/9.7.1/transforms/a32db2d496a2aa4fb5b18db38c36cfb1/transformed/localbroadcastmanager-1.0.0/jars/classes.jar:/home/austin/.gradle/caches/9.7.1/transforms/030069c5ee2b1cd59dd3463b6cf689c1/transformed/print-1.0.0/jars/classes.jar:/home/austin/.gradle/caches/9.7.1/transforms/4dbfc01c33e5bc020411956bb6192d1e/transformed/exifinterface-1.4.2/jars/classes.jar:/home/austin/.gradle/caches/9.7.1/transforms/d3691d346400da0fd46e3f4bde04c219/transformed/core-runtime-2.2.0/jars/classes.jar:/home/austin/.gradle/caches/9.7.1/transforms/45fdc43c333e376540cd8644a7645583/transformed/cursoradapter-1.0.0/jars/classes.jar:/home/austin/.gradle/caches/9.7.1/transforms/e4363f368c09a7d34296b60df883204b/transformed/espresso-idling-resource-3.7.0/jars/classes.jar:/home/austin/src/subtracks/app/build/intermediates/compile_and_runtime_r_class_jar/debug/processDebugResources/R.jar:/home/austin/.gradle/caches/9.7.1/transforms/33d6575f9bb344ad4343c037d64edbd1/transformed/android.jar
Launcher Type: SUN_STANDARD

[Global flags]
     intx CICompilerCount                          = 4                                         {product} {ergonomic}
     uint ConcGCThreads                            = 2                                         {product} {ergonomic}
     uint G1ConcRefinementThreads                  = 8                                         {product} {ergonomic}
   size_t G1HeapRegionSize                         = 1048576                                   {product} {ergonomic}
    uintx GCDrainStackTargetSize                   = 64                                        {product} {ergonomic}
   size_t InitialHeapSize                          = 268435456                                 {product} {ergonomic}
   size_t MarkStackSize                            = 4194304                                   {product} {ergonomic}
   size_t MaxHeapSize                              = 536870912                                 {product} {command line}
   size_t MaxNewSize                               = 321912832                                 {product} {ergonomic}
   size_t MinHeapDeltaBytes                        = 1048576                                   {product} {ergonomic}
   size_t MinHeapSize                              = 8388608                                   {product} {ergonomic}
    uintx NonNMethodCodeHeapSize                   = 5839372                                {pd product} {ergonomic}
    uintx NonProfiledCodeHeapSize                  = 122909434                              {pd product} {ergonomic}
    uintx ProfiledCodeHeapSize                     = 122909434                              {pd product} {ergonomic}
    uintx ReservedCodeCacheSize                    = 251658240                              {pd product} {ergonomic}
     bool SegmentedCodeCache                       = true                                      {product} {ergonomic}
   size_t SoftMaxHeapSize                          = 536870912                              {manageable} {ergonomic}
     bool UseCompressedOops                        = true                           {product lp64_product} {ergonomic}
     bool UseG1GC                                  = true                                      {product} {ergonomic}

Logging:
Log output configuration:
 #0: stdout all=warning uptime,level,tags foldmultilines=false
 #1: stderr all=off uptime,level,tags foldmultilines=false

Release file:
IMPLEMENTOR="N/A"
JAVA_RUNTIME_VERSION="21.0.12.1+1-nixos"
JAVA_VERSION="21.0.12.1"
JAVA_VERSION_DATE="2026-08-18"
LIBC="gnu"
MODULES="java.base java.compiler java.datatransfer java.xml java.prefs java.desktop java.instrument java.logging java.management java.security.sasl java.naming java.rmi java.management.rmi java.net.http java.scripting java.security.jgss java.transaction.xa java.sql java.sql.rowset java.xml.crypto java.se java.smartcardio jdk.accessibility jdk.internal.jvmstat jdk.attach jdk.charsets jdk.internal.opt jdk.zipfs jdk.compiler jdk.crypto.ec jdk.crypto.cryptoki jdk.dynalink jdk.internal.ed jdk.editpad jdk.hotspot.agent jdk.httpserver jdk.incubator.vector jdk.internal.le jdk.internal.vm.ci jdk.internal.vm.compiler jdk.internal.vm.compiler.management jdk.jartool jdk.javadoc jdk.jcmd jdk.management jdk.management.agent jdk.jconsole jdk.jdeps jdk.jdwp.agent jdk.jdi jdk.jfr jdk.jlink jdk.jpackage jdk.jshell jdk.jsobject jdk.jstatd jdk.localedata jdk.management.jfr jdk.naming.dns jdk.naming.rmi jdk.net jdk.nio.mapmode jdk.random jdk.sctp jdk.security.auth jdk.security.jgss jdk.unsupported jdk.unsupported.desktop jdk.xml.dom"
OS_ARCH="x86_64"
OS_NAME="Linux"
SOURCE=""

Environment Variables:
JAVA_HOME=/nix/store/p3ckxs1gmqir4m2b6yknbbka33da1y4m-openjdk-21.0.12.1+1/lib/openjdk
CLASSPATH=
PATH=/nix/store/p3ckxs1gmqir4m2b6yknbbka33da1y4m-openjdk-21.0.12.1+1/bin:/nix/store/b055xqn2al12yg668d1y5j13br6nyq23-gradle-9.7.1/bin:/nix/store/msr1v91ybfw6j12rs5mfl8ghb2rqsnsr-git-2.55.0/bin:/nix/store/5ca54qw9hzpc1f3dk5x3c9cg3bdb93iv-curl-8.22.0-dev/bin:/nix/store/mr9bs7m06hcx6rrjh8f7zxg697z6i14i-brotli-1.2.0/bin:/nix/store/64qispf60bs1g3p7qmj8qd8q7md6barx-krb5-1.22.2-dev/bin:/nix/store/00zndrjzcmzxv27lrbb0k9dky3q98162-krb5-1.22.2/bin:/nix/store/qayx735hmbs9dd8lmxg958gsv6i2z28w-nghttp2-1.70.0/bin:/nix/store/67ras8x9wphk4az0cm1qxyl264k34gv1-libidn2-2.3.8-bin/bin:/nix/store/44gxi8li8y8wrxrb93sya9hljkpigsqw-openssl-3.6.4-bin/bin:/nix/store/02z9zb3m53l02vp51khji7pbhw8jl08r-libpsl-0.21.5/bin:/nix/store/l8ik8mb8lgb60rklxjmkgddmp5qqnv29-zstd-1.5.7-bin/bin:/nix/store/8ik1d1r4l2jzm9mjh6bc0a13yczx62wg-zstd-1.5.7/bin:/nix/store/cp8qnyl8i0s62g3a1465i258mf5bcr6k-curl-8.22.0-bin/bin:/nix/store/7af934aj137dhmnjpjdxsmvi5x9jmlvw-unzip-6.0/bin:/nix/store/jqq7qdcpb5dcwkig4hcfpkhg40hvbi4d-nushell-0.115.1/bin:/nix/store/j3dwlqwqm0dyadzhs50qm9x5psr69hkd-navidrome-0.64.0/bin:/nix/store/r8yqvxj9ry97n02xh5ljdli3i94nq38k-gonic-0.22.0/bin:/nix/store/lwdj4053c611ndb8dp6993934ppck15d-androidsdk/bin:/nix/store/y38l79msc8nckvi51hzy4fi54iv94waw-android-sdk-platform-tools-37.0.1/bin:/nix/store/h9wq5kdv1jc9hxmwgn9vh9bwsigmnsj6-patchelf-0.15.2/bin:/nix/store/z4c6k0mrlkwl3s4w9ysxc8vq1wylm3ms-gcc-wrapper-15.3.0/bin:/nix/store/8sjgd7q3mdks1rb7rbcv0sallhvrhai5-gcc-15.3.0/bin:/nix/store/fdpy1l72q9gvq8d9snrdq67gm0j5s1dg-glibc-2.42-84-bin/bin:/nix/store/xjl7p8dvyk2j53kqf7f43kdj4ypbxz7g-coreutils-9.11/bin:/nix/store/0fdc105g1896ganr8916rsjxhvr9qv5b-binutils-wrapper-2.46/bin:/nix/store/31gnwsgag5qa14hfblqi5hyn71pyx7py-binutils-2.46/bin:/nix/store/xjl7p8dvyk2j53kqf7f43kdj4ypbxz7g-coreutils-9.11/bin:/nix/store/i9wgqa0l88aprvpwfaq5hkfa6pklhlv0-findutils-4.11.0/bin:/nix/store/b8xvzgd52jby5dfpi0pf46nisy6wma5d-diffutils-3.12/bin:/nix/store/qf2wzyq4irhgyhnq3s2hz0ldjq3w8a3x-gnused-4.10/bin:/nix/store/xmvbzzxm5snla5a2cyfhm7hjy9bifx7n-gnugrep-3.12/bin:/nix/store/9zib1q94gka8i5q530364cvy25504qz5-gawk-5.4.1/bin:/nix/store/41l3h8s1lr518n03bsrzv5vsf37bhnb9-gnutar-1.35/bin:/nix/store/l5sll8nxk70p73l5yqbsjy4mh0c3g0v5-gzip-1.14/bin:/nix/store/j3yz0ag9j442229n8harpmp9aa5qyvhn-bzip2-1.0.8-bin/bin:/nix/store/c011mk580m964s1zxjccvdax3fcmppnl-gnumake-4.4.1/bin:/nix/store/svx59425zxp552p2b8gm11qj5r09b56i-bash-5.3p15/bin:/nix/store/81zqbas7qc02yfdj7142fdcqhxgd3cgz-patch-2.8/bin:/nix/store/518dig8gpvqyac6pkksyjjfzvi9zn8vq-xz-5.8.3-bin/bin:/nix/store/fv9yl55hkskpc2cj9c0sdyq91car9kgl-file-5.48/bin:/nix/store/hkclq7d0j10l7gk1v2hpif398dvnq6lz-ripgrep-15.2.0/bin:/run/wrappers/bin:/home/austin/.nix-profile/bin:/nix/profile/bin:/home/austin/.local/state/nix/profile/bin:/etc/profiles/per-user/austin/bin:/nix/var/nix/profiles/default/bin:/run/current-system/sw/bin
SHELL=/nix/store/svx59425zxp552p2b8gm11qj5r09b56i-bash-5.3p15/bin/bash
LANG=en_US.UTF-8
TERM=xterm-256color
TMPDIR=/tmp/nix-shell.GuaaOZ
TMP=/tmp/nix-shell.GuaaOZ
TEMP=/tmp/nix-shell.GuaaOZ

Active Locale:
LC_ALL=en_US.UTF-8
LC_COLLATE=en_US.UTF-8
LC_CTYPE=en_US.UTF-8
LC_MESSAGES=en_US.UTF-8
LC_MONETARY=en_US.UTF-8
LC_NUMERIC=en_US.UTF-8
LC_TIME=en_US.UTF-8

Signal Handlers:
   SIGSEGV: crash_handler in libjvm.so, mask=11100100010111111101111111111110, flags=SA_RESTART|SA_SIGINFO, unblocked
    SIGBUS: crash_handler in libjvm.so, mask=11100100010111111101111111111110, flags=SA_RESTART|SA_SIGINFO, unblocked
    SIGFPE: crash_handler in libjvm.so, mask=11100100010111111101111111111110, flags=SA_RESTART|SA_SIGINFO, unblocked
   SIGPIPE: javaSignalHandler in libjvm.so, mask=11100100010111111101111111111110, flags=SA_RESTART|SA_SIGINFO, blocked
   SIGXFSZ: javaSignalHandler in libjvm.so, mask=11100100010111111101111111111110, flags=SA_RESTART|SA_SIGINFO, blocked
    SIGILL: crash_handler in libjvm.so, mask=11100100010111111101111111111110, flags=SA_RESTART|SA_SIGINFO, unblocked
   SIGUSR2: SR_handler in libjvm.so, mask=00000000000000000000000000000000, flags=SA_RESTART|SA_SIGINFO, blocked
    SIGHUP: UserHandler in libjvm.so, mask=11100100010111111101111111111110, flags=SA_RESTART|SA_SIGINFO, blocked
    SIGINT: UserHandler in libjvm.so, mask=11100100010111111101111111111110, flags=SA_RESTART|SA_SIGINFO, blocked
   SIGTERM: UserHandler in libjvm.so, mask=11100100010111111101111111111110, flags=SA_RESTART|SA_SIGINFO, blocked
   SIGQUIT: UserHandler in libjvm.so, mask=11100100010111111101111111111110, flags=SA_RESTART|SA_SIGINFO, blocked
   SIGTRAP: crash_handler in libjvm.so, mask=11100100010111111101111111111110, flags=SA_RESTART|SA_SIGINFO, unblocked


Periodic native trim disabled

---------------  S Y S T E M  ---------------

OS:
DISTRIB_CODENAME=yarara
DISTRIB_DESCRIPTION="NixOS 26.05 (Yarara)"
DISTRIB_ID=nixos
DISTRIB_RELEASE="26.05"
LSB_VERSION="26.05 (Yarara)"
uname: Linux 6.18.52 #1-NixOS SMP PREEMPT_DYNAMIC Mon Sep 14 11:36:19 UTC 2026 x86_64
OS uptime: 1 days 19:34 hours
libc: glibc 2.42 NPTL 2.42 
rlimit (soft/hard): STACK 8192k/infinity , CORE infinity/infinity , NPROC infinity/infinity , NOFILE 1048576/1048576 , AS infinity/infinity , CPU infinity/infinity , DATA infinity/infinity , FSIZE infinity/infinity , MEMLOCK infinity/infinity
load average: 1.45 1.91 2.38

/proc/meminfo:
MemTotal:       16777216 kB
MemFree:         1028704 kB
MemAvailable:    7976779 kB
Buffers:               0 kB
Cached:          6060412 kB
SwapCached:            0 kB
Active:          7919672 kB
Inactive:        6888864 kB
Active(anon):    7750676 kB
Inactive(anon):   998736 kB
Active(file):     168996 kB
Inactive(file):  5890128 kB
Unevictable:          16 kB
Mlocked:               0 kB
SwapTotal:             0 kB
SwapFree:              0 kB
Zswap:                0 kB
Zswapped:              0 kB
Dirty:                 0 kB
Writeback:             0 kB
AnonPages:       8748092 kB
Mapped:                0 kB
Shmem:              1320 kB
KReclaimable:    1946856 kB
Slab:             896159 kB
SReclaimable:     888951 kB
SUnreclaim:         7207 kB
KernelStack:       27712 kB
PageTables:       207768 kB
SecPageTables:     53824 kB
NFS_Unstable:          0 kB
Bounce:                0 kB
WritebackTmp:          0 kB
CommitLimit:    49662620 kB
Committed_AS:   57848476 kB
VmallocTotal:   34359738367 kB
VmallocUsed:      237588 kB
VmallocChunk:          0 kB
Percpu:            38912 kB
HardwareCorrupted:     0 kB
AnonHugePages:         0 kB
ShmemHugePages:        0 kB
ShmemPmdMapped:        0 kB
FileHugePages:   5367808 kB
FilePmdMapped:    137216 kB
CmaTotal:              0 kB
CmaFree:               0 kB
Unaccepted:            0 kB
Balloon:               0 kB
HugePages_Total:       0
HugePages_Free:        0
HugePages_Rsvd:        0
HugePages_Surp:        0
Hugepagesize:       2048 kB
Hugetlb:               0 kB
DirectMap4k:     2830772 kB
DirectMap2M:    50571264 kB
DirectMap1G:    14680064 kB

/sys/kernel/mm/transparent_hugepage/enabled: always [madvise] never
/sys/kernel/mm/transparent_hugepage/hpage_pmd_size: 2097152
/sys/kernel/mm/transparent_hugepage/defrag (defrag/compaction efforts parameter): always defer defer+madvise [madvise] never

Process Memory:
Virtual Size: 5687256K (peak: 5752792K)
Resident Set Size: 473528K (peak: 473528K) (anon: 424816K, file: 48712K, shmem: 0K)
Swapped out: 0K
C-Heap outstanding allocations: 104302K, retained: 70733K
glibc malloc tunables: (default)

/proc/sys/kernel/threads-max (system-wide limit on the number of threads): 513540
/proc/sys/vm/max_map_count (maximum number of memory map areas a process may have): 1048576
/proc/sys/vm/swappiness (control to define how aggressively the kernel swaps out anonymous memory): 60
/proc/sys/kernel/pid_max (system-wide limit on number of process identifiers): 4194304

container (cgroup) information:
container_type: cgroupv2
cpu_cpuset_cpus: not supported
cpu_memory_nodes: not supported
active_processor_count: 8
cpu_quota: no quota
cpu_period: 100000
cpu_shares: no shares
cpu_usage_in_micros: 8580241482
memory_limit_in_bytes: 16777216 k
memory_and_swap_limit_in_bytes: 16777216 k
memory_soft_limit_in_bytes: 0
memory_throttle_limit_in_bytes: unlimited
memory_usage_in_bytes: 15748512 k
memory_max_usage_in_bytes: 16777220 k
rss_usage_in_bytes: 8748464 k
cache_usage_in_bytes: 6060412 k
memory_swap_current_in_bytes: 0
memory_swap_max_limit_in_bytes: 0
maximum number of tasks: not supported
current number of tasks: not supported

Steal ticks since vm start: 0
Steal ticks percentage since vm start:  0.000

CPU: total 16 (initial active 8) (16 cores per cpu, 2 threads per core) family 25 model 33 stepping 2 microcode 0xa20120e, cx8, cmov, fxsr, ht, mmx, 3dnowpref, sse, sse2, sse3, ssse3, sse4a, sse4.1, sse4.2, popcnt, lzcnt, tsc, tscinvbit, avx, avx2, aes, erms, clmul, bmi1, bmi2, adx, sha, fma, vzeroupper, clflush, clflushopt, rdtscp, rdpid, fsrm, f16c, pku, ospke, cet_ss
CPU Model and flags from /proc/cpuinfo:
model name	: AMD Ryzen 7 5700X 8-Core Processor
flags		: fpu vme de pse tsc msr pae mce cx8 apic sep mtrr pge mca cmov pat pse36 clflush mmx fxsr sse sse2 ht syscall nx mmxext fxsr_opt pdpe1gb rdtscp lm constant_tsc rep_good nopl xtopology nonstop_tsc cpuid extd_apicid aperfmperf rapl pni pclmulqdq monitor ssse3 fma cx16 sse4_1 sse4_2 x2apic movbe popcnt aes xsave avx f16c rdrand lahf_lm cmp_legacy svm extapic cr8_legacy abm sse4a misalignsse 3dnowprefetch osvw ibs skinit wdt tce topoext perfctr_core perfctr_nb bpext perfctr_llc mwaitx cpb cat_l3 cdp_l3 hw_pstate ssbd mba ibrs ibpb stibp vmmcall fsgsbase bmi1 avx2 smep bmi2 erms invpcid cqm rdt_a rdseed adx smap clflushopt clwb sha_ni xsaveopt xsavec xgetbv1 xsaves cqm_llc cqm_occup_llc cqm_mbm_total cqm_mbm_local user_shstk clzero irperf xsaveerptr rdpru wbnoinvd arat npt lbrv svm_lock nrip_save tsc_scale vmcb_clean flushbyasid decodeassists pausefilter pfthreshold avic v_vmsave_vmload vgif v_spec_ctrl umip pku ospke vaes vpclmulqdq rdpid overflow_recov succor smca fsrm debug_swap

Online cpus: 2,5-8,10-12
Offline cpus: 
BIOS frequency limitation: <Not Available>
Frequency switch latency (ns): 0
Available cpu frequencies: <Not Available>
Current governor: powersave
Core performance/turbo boost: 1

Memory: 4k page, physical 16777216k(1028448k free), swap 16777212k(16776060k free)
Page Sizes: 4k

vm_info: OpenJDK 64-Bit Server VM (21.0.12.1+1-nixos) for linux-amd64 JRE (21.0.12.1+1-nixos), built on 1980-01-02T00:00:00Z by "nixbld" with gcc 15.3.0

END.
